scope,field,status,source,platform_support,notes,required,validation,remaining_work
shippingReturns.metadata,title.absolute,emitted,src/lib/seo/buildSupportMetadata.ts; src/lib/seo/supportPages.ts; src/lib/seo/siteMetadata.ts,https://nextjs.org/docs/app/api-reference/functions/generate-metadata,Eksakte godkjente sidetitler. Status emitted beskriver implementert kodeutdata; publisering og eksterne validatorresultater dokumenteres separat.,,HTTP/unit/build; ekstern deploystatus separat,Se rapporten for publisering og ekstern kontroll
shippingReturns.metadata,description,emitted,src/lib/seo/buildSupportMetadata.ts; src/lib/seo/supportPages.ts; src/lib/seo/siteMetadata.ts,https://nextjs.org/docs/app/api-reference/functions/generate-metadata,Eksakt godkjent beskrivelse per side; gjenbrukes i OG/Twitter og sidegraf.,,HTTP/unit/build; ekstern deploystatus separat,Se rapporten for publisering og ekstern kontroll
shippingReturns.metadata,alternates.canonical,emitted,src/lib/seo/buildSupportMetadata.ts; src/lib/seo/supportPages.ts; src/lib/seo/siteMetadata.ts,https://nextjs.org/docs/app/api-reference/functions/generate-metadata,Ren absolutt https://utekos.no-adresse fra absoluteUrl; ingen kampanjeparametere.,,HTTP/unit/build; ekstern deploystatus separat,Se rapporten for publisering og ekstern kontroll
shippingReturns.metadata,robots.index,emitted,src/lib/seo/buildSupportMetadata.ts; src/lib/seo/supportPages.ts; src/lib/seo/siteMetadata.ts,https://nextjs.org/docs/app/api-reference/functions/generate-metadata,true utenfor VERCEL_ENV=preview; false i preview gjennom eksisterende robotbygger.,,HTTP/unit/build; ekstern deploystatus separat,Se rapporten for publisering og ekstern kontroll
shippingReturns.metadata,robots.follow,emitted,src/lib/seo/buildSupportMetadata.ts; src/lib/seo/supportPages.ts; src/lib/seo/siteMetadata.ts,https://nextjs.org/docs/app/api-reference/functions/generate-metadata,true gjennom eksisterende robotbygger.,,HTTP/unit/build; ekstern deploystatus separat,Se rapporten for publisering og ekstern kontroll
shippingReturns.metadata,robots.max-image-preview,emitted,src/lib/seo/buildSupportMetadata.ts; src/lib/seo/supportPages.ts; src/lib/seo/siteMetadata.ts,https://nextjs.org/docs/app/api-reference/functions/generate-metadata,large gjennom eksisterende robotbygger.,,HTTP/unit/build; ekstern deploystatus separat,Se rapporten for publisering og ekstern kontroll
shippingReturns.metadata,robots.max-snippet,emitted,src/lib/seo/buildSupportMetadata.ts; src/lib/seo/supportPages.ts; src/lib/seo/siteMetadata.ts,https://nextjs.org/docs/app/api-reference/functions/generate-metadata,-1; ingen satt grense for tekstutdrag.,,HTTP/unit/build; ekstern deploystatus separat,Se rapporten for publisering og ekstern kontroll
shippingReturns.opengraph,og:title,emitted,src/lib/seo/buildSupportMetadata.ts; src/lib/seo/supportPages.ts,https://developers.facebook.com/documentation/sharing/webmasters; https://nextjs.org/docs/app/api-reference/functions/generate-metadata,Samme tittel som title.absolute.,,HTTP/unit/build; ekstern deploystatus separat,Se rapporten for publisering og ekstern kontroll
shippingReturns.opengraph,og:description,emitted,src/lib/seo/buildSupportMetadata.ts; src/lib/seo/supportPages.ts,https://developers.facebook.com/documentation/sharing/webmasters; https://nextjs.org/docs/app/api-reference/functions/generate-metadata,Samme beskrivelse som søkemetadata.,,HTTP/unit/build; ekstern deploystatus separat,Se rapporten for publisering og ekstern kontroll
shippingReturns.opengraph,og:url,emitted,src/lib/seo/buildSupportMetadata.ts; src/lib/seo/supportPages.ts,https://developers.facebook.com/documentation/sharing/webmasters; https://nextjs.org/docs/app/api-reference/functions/generate-metadata,Samme rene absolutte adresse som canonical.,,HTTP/unit/build; ekstern deploystatus separat,Se rapporten for publisering og ekstern kontroll
shippingReturns.opengraph,og:site_name,emitted,src/lib/seo/buildSupportMetadata.ts; src/lib/seo/supportPages.ts,https://developers.facebook.com/documentation/sharing/webmasters; https://nextjs.org/docs/app/api-reference/functions/generate-metadata,Utekos fra fellesidentiteten.,,HTTP/unit/build; ekstern deploystatus separat,Se rapporten for publisering og ekstern kontroll
shippingReturns.opengraph,og:locale,emitted,src/lib/seo/buildSupportMetadata.ts; src/lib/seo/supportPages.ts,https://developers.facebook.com/documentation/sharing/webmasters; https://nextjs.org/docs/app/api-reference/functions/generate-metadata,nb_NO; norsk bokmål.,,HTTP/unit/build; ekstern deploystatus separat,Se rapporten for publisering og ekstern kontroll
shippingReturns.opengraph,og:type,emitted,src/lib/seo/buildSupportMetadata.ts; src/lib/seo/supportPages.ts,https://developers.facebook.com/documentation/sharing/webmasters; https://nextjs.org/docs/app/api-reference/functions/generate-metadata,"website; policy- og kundeserviceside, ikke en redaksjonell artikkel.",,HTTP/unit/build; ekstern deploystatus separat,Se rapporten for publisering og ekstern kontroll
shippingReturns.twitter,twitter:card,emitted,src/lib/seo/buildSupportMetadata.ts; src/lib/seo/supportPages.ts,https://nextjs.org/docs/app/api-reference/functions/generate-metadata,summary_large_image på frakt og retur.,,HTTP/unit/build; ekstern deploystatus separat,Se rapporten for publisering og ekstern kontroll
shippingReturns.twitter,twitter:title,emitted,src/lib/seo/buildSupportMetadata.ts; src/lib/seo/supportPages.ts,https://nextjs.org/docs/app/api-reference/functions/generate-metadata,Samme godkjente sidetittel.,,HTTP/unit/build; ekstern deploystatus separat,Se rapporten for publisering og ekstern kontroll
shippingReturns.twitter,twitter:description,emitted,src/lib/seo/buildSupportMetadata.ts; src/lib/seo/supportPages.ts,https://nextjs.org/docs/app/api-reference/functions/generate-metadata,Samme godkjente sidebeskrivelse.,,HTTP/unit/build; ekstern deploystatus separat,Se rapporten for publisering og ekstern kontroll
shippingReturns.native_images,opengraph-image.jpg,emitted,src/app/(storefront)/frakt-og-retur/opengraph-image.jpg; src/app/(storefront)/frakt-og-retur/opengraph-image.alt.txt; public/og-image-skreddersy-varmen.jpg,https://nextjs.org/docs/app/api-reference/file-conventions/metadata/opengraph-image; https://developers.facebook.com/documentation/sharing/webmasters/images,"Uendret bytekopi av originalen i frakt-og-retur-ruten; 1200 × 630, 657656 byte.",,HTTP/unit/build; ekstern deploystatus separat,Se rapporten for publisering og ekstern kontroll
shippingReturns.native_images,opengraph-image.alt.txt,emitted,src/app/(storefront)/frakt-og-retur/opengraph-image.jpg; src/app/(storefront)/frakt-og-retur/opengraph-image.alt.txt; public/og-image-skreddersy-varmen.jpg,https://nextjs.org/docs/app/api-reference/file-conventions/metadata/opengraph-image; https://developers.facebook.com/documentation/sharing/webmasters/images,To personer sitter ute på en terrasse i blå Utekos-varmeplagg.,,HTTP/unit/build; ekstern deploystatus separat,Se rapporten for publisering og ekstern kontroll
shippingReturns.native_images,og:image,emitted,src/app/(storefront)/frakt-og-retur/opengraph-image.jpg; src/app/(storefront)/frakt-og-retur/opengraph-image.alt.txt; public/og-image-skreddersy-varmen.jpg,https://nextjs.org/docs/app/api-reference/file-conventions/metadata/opengraph-image; https://developers.facebook.com/documentation/sharing/webmasters/images,Next.js filmetadata velger rutespesifikk JPEG og genererer bilde-URL; metadataobjektet har ingen egen images-nøkkel.,,HTTP/unit/build; ekstern deploystatus separat,Se rapporten for publisering og ekstern kontroll
shippingReturns.native_images,og:image:type,emitted,src/app/(storefront)/frakt-og-retur/opengraph-image.jpg; src/app/(storefront)/frakt-og-retur/opengraph-image.alt.txt; public/og-image-skreddersy-varmen.jpg,https://nextjs.org/docs/app/api-reference/file-conventions/metadata/opengraph-image; https://developers.facebook.com/documentation/sharing/webmasters/images,image/jpeg fra faktisk fil.,,HTTP/unit/build; ekstern deploystatus separat,Se rapporten for publisering og ekstern kontroll
shippingReturns.native_images,og:image:width,emitted,src/app/(storefront)/frakt-og-retur/opengraph-image.jpg; src/app/(storefront)/frakt-og-retur/opengraph-image.alt.txt; public/og-image-skreddersy-varmen.jpg,https://nextjs.org/docs/app/api-reference/file-conventions/metadata/opengraph-image; https://developers.facebook.com/documentation/sharing/webmasters/images,1200 fra faktisk fil.,,HTTP/unit/build; ekstern deploystatus separat,Se rapporten for publisering og ekstern kontroll
shippingReturns.native_images,og:image:height,emitted,src/app/(storefront)/frakt-og-retur/opengraph-image.jpg; src/app/(storefront)/frakt-og-retur/opengraph-image.alt.txt; public/og-image-skreddersy-varmen.jpg,https://nextjs.org/docs/app/api-reference/file-conventions/metadata/opengraph-image; https://developers.facebook.com/documentation/sharing/webmasters/images,630 fra faktisk fil.,,HTTP/unit/build; ekstern deploystatus separat,Se rapporten for publisering og ekstern kontroll
shippingReturns.native_images,og:image:alt,emitted,src/app/(storefront)/frakt-og-retur/opengraph-image.jpg; src/app/(storefront)/frakt-og-retur/opengraph-image.alt.txt; public/og-image-skreddersy-varmen.jpg,https://nextjs.org/docs/app/api-reference/file-conventions/metadata/opengraph-image; https://developers.facebook.com/documentation/sharing/webmasters/images,Fra tilhørende opengraph-image.alt.txt; oppdateres sammen med fremtidig originalkomposisjon.,,HTTP/unit/build; ekstern deploystatus separat,Se rapporten for publisering og ekstern kontroll
shippingReturns.native_images,twitter:image,emitted,src/app/(storefront)/frakt-og-retur/opengraph-image.jpg; src/app/(storefront)/frakt-og-retur/opengraph-image.alt.txt; public/og-image-skreddersy-varmen.jpg,https://nextjs.org/docs/app/api-reference/file-conventions/metadata/opengraph-image; https://developers.facebook.com/documentation/sharing/webmasters/images,Next.js fyller fra ferdig Open Graph-bilde; ingen konkurrerende twitter.images eller twitter-image-fil.,,HTTP/unit/build; ekstern deploystatus separat,Se rapporten for publisering og ekstern kontroll
shippingReturns.native_images,twitter:image:alt,emitted,src/app/(storefront)/frakt-og-retur/opengraph-image.jpg; src/app/(storefront)/frakt-og-retur/opengraph-image.alt.txt; public/og-image-skreddersy-varmen.jpg,https://nextjs.org/docs/app/api-reference/file-conventions/metadata/opengraph-image; https://developers.facebook.com/documentation/sharing/webmasters/images,Next.js overfører alt fra det ferdige Open Graph-bildet.,,HTTP/unit/build; ekstern deploystatus separat,Se rapporten for publisering og ekstern kontroll
shippingReturns.native_images,image URL revision,emitted,src/app/(storefront)/frakt-og-retur/opengraph-image.jpg; src/app/(storefront)/frakt-og-retur/opengraph-image.alt.txt; public/og-image-skreddersy-varmen.jpg,https://nextjs.org/docs/app/api-reference/file-conventions/metadata/opengraph-image; https://developers.facebook.com/documentation/sharing/webmasters/images,Next.js filmetadata genererer innholdsavhengig versjon; bildebytte krever nytt bygg og kontroll av ny URL.,,HTTP/unit/build; ekstern deploystatus separat,Se rapporten for publisering og ekstern kontroll
shippingReturns.metadata,openGraph.images / twitter.images,not_applicable,src/lib/seo/buildSupportMetadata.ts; src/lib/seo/supportPages.ts,https://nextjs.org/docs/app/api-reference/file-conventions/metadata/opengraph-image,Utelatt med hensikt: også en egen images:undefined-nøkkel kan undertrykke filmetadata i installert Next.js 16.3.8.,,HTTP/unit/build; ekstern deploystatus separat,Se rapporten for publisering og ekstern kontroll
shippingReturns.metadata,alternates.languages / hreflang,not_applicable,src/lib/seo/buildSupportMetadata.ts; src/lib/seo/supportPages.ts,https://nextjs.org/docs/app/api-reference/functions/generate-metadata; https://www.bing.com/webmasters/help/bing-webmaster-guidelines-30fba23a,Ingen dokumenterte alternative språkversjoner for disse sidene.,,HTTP/unit/build; ekstern deploystatus separat,Se rapporten for publisering og ekstern kontroll
shippingReturns.metadata,twitter:site / twitter:creator,missing_evidence,src/lib/seo/buildSupportMetadata.ts; src/lib/seo/supportPages.ts,https://nextjs.org/docs/app/api-reference/functions/generate-metadata; https://www.bing.com/webmasters/help/bing-webmaster-guidelines-30fba23a,Ingen dokumentert X-konto eller forfatterkonto; ikke oppdiktet.,,HTTP/unit/build; ekstern deploystatus separat,Se rapporten for publisering og ekstern kontroll
shippingReturns.metadata,metadata.authors,not_applicable,src/lib/seo/buildSupportMetadata.ts; src/lib/seo/supportPages.ts,https://nextjs.org/docs/app/api-reference/functions/generate-metadata; https://www.bing.com/webmasters/help/bing-webmaster-guidelines-30fba23a,Ingen ny forfatterattribusjon innført for informasjonssidene.,,HTTP/unit/build; ekstern deploystatus separat,Se rapporten for publisering og ekstern kontroll
shippingReturns.metadata,keywords,not_applicable,src/lib/seo/buildSupportMetadata.ts; src/lib/seo/supportPages.ts,https://nextjs.org/docs/app/api-reference/functions/generate-metadata; https://www.bing.com/webmasters/help/bing-webmaster-guidelines-30fba23a,Ingen metanøkkelord innført som Google-tiltak; ikke del av godkjent metadata.,,HTTP/unit/build; ekstern deploystatus separat,Se rapporten for publisering og ekstern kontroll
shippingReturns.metadata,robots.noarchive / nocache / nosnippet,not_applicable,src/lib/seo/buildSupportMetadata.ts; src/lib/seo/supportPages.ts,https://nextjs.org/docs/app/api-reference/functions/generate-metadata; https://www.bing.com/webmasters/help/bing-webmaster-guidelines-30fba23a,Bevisst utelatt på offentlige sider; kan begrense søk/AI-bruk. Preview-indeksering styres separat.,,HTTP/unit/build; ekstern deploystatus separat,Se rapporten for publisering og ekstern kontroll
root.identity,OnlineStore.@type,emitted,src/lib/seo/siteIdentity.ts; src/lib/seo/JSON-LD/buildSiteJsonLd.ts; src/app/(storefront)/kontaktskjema/page.tsx,https://developers.google.com/search/docs/appearance/structured-data/organization,Eksisterende spesifikk Organization-undertype for Utekos. Google Organization dokumentert egenskap; ingen visningsgaranti.,,HTTP/unit/build; ekstern deploystatus separat,Se rapporten for publisering og ekstern kontroll
root.identity,OnlineStore.name,emitted,src/lib/seo/siteIdentity.ts; src/lib/seo/JSON-LD/buildSiteJsonLd.ts; src/app/(storefront)/kontaktskjema/page.tsx,https://developers.google.com/search/docs/appearance/structured-data/organization,Utekos. Google Organization dokumentert egenskap; ingen visningsgaranti.,,HTTP/unit/build; ekstern deploystatus separat,Se rapporten for publisering og ekstern kontroll
root.identity,OnlineStore.legalName,emitted,src/lib/seo/siteIdentity.ts; src/lib/seo/JSON-LD/buildSiteJsonLd.ts; src/app/(storefront)/kontaktskjema/page.tsx,https://developers.google.com/search/docs/appearance/structured-data/organization,KELC AS. Google Organization dokumentert egenskap; ingen visningsgaranti.,,HTTP/unit/build; ekstern deploystatus separat,Se rapporten for publisering og ekstern kontroll
root.identity,OnlineStore.url,emitted,src/lib/seo/siteIdentity.ts; src/lib/seo/JSON-LD/buildSiteJsonLd.ts; src/app/(storefront)/kontaktskjema/page.tsx,https://developers.google.com/search/docs/appearance/structured-data/organization,https://utekos.no/. Google Organization dokumentert egenskap; ingen visningsgaranti.,,HTTP/unit/build; ekstern deploystatus separat,Se rapporten for publisering og ekstern kontroll
root.identity,OnlineStore.description,emitted,src/lib/seo/siteIdentity.ts; src/lib/seo/JSON-LD/buildSiteJsonLd.ts; src/app/(storefront)/kontaktskjema/page.tsx,https://developers.google.com/search/docs/appearance/structured-data/organization,Eksisterende felles merkevarebeskrivelse; ikke endret av støtteoppgaven. Google Organization dokumentert egenskap; ingen visningsgaranti.,,HTTP/unit/build; ekstern deploystatus separat,Se rapporten for publisering og ekstern kontroll
root.identity,OnlineStore.logo,emitted,src/lib/seo/siteIdentity.ts; src/lib/seo/JSON-LD/buildSiteJsonLd.ts; src/app/(storefront)/kontaktskjema/page.tsx,https://developers.google.com/search/docs/appearance/structured-data/organization,https://utekos.no/icon.png; eksisterende originalfil. Google Organization dokumentert egenskap; ingen visningsgaranti.,,HTTP/unit/build; ekstern deploystatus separat,Se rapporten for publisering og ekstern kontroll
root.identity,OnlineStore.email / telephone,emitted,src/lib/seo/siteIdentity.ts; src/lib/seo/JSON-LD/buildSiteJsonLd.ts; src/app/(storefront)/kontaktskjema/page.tsx,https://developers.google.com/search/docs/appearance/structured-data/organization,Eksisterende kundeservice@utekos.no og +4740216343. Google Organization dokumentert egenskap; ingen visningsgaranti.,,HTTP/unit/build; ekstern deploystatus separat,Se rapporten for publisering og ekstern kontroll
root.identity,OnlineStore.address,emitted,src/lib/seo/siteIdentity.ts; src/lib/seo/JSON-LD/buildSiteJsonLd.ts; src/app/(storefront)/kontaktskjema/page.tsx,https://developers.google.com/search/docs/appearance/structured-data/organization,"Eksisterende PostalAddress med streetAddress, postalCode, addressLocality og addressCountry. Google Organization dokumentert egenskap; ingen visningsgaranti.",,HTTP/unit/build; ekstern deploystatus separat,Se rapporten for publisering og ekstern kontroll
root.identity,OnlineStore.contactPoint,emitted,src/lib/seo/siteIdentity.ts; src/lib/seo/JSON-LD/buildSiteJsonLd.ts; src/app/(storefront)/kontaktskjema/page.tsx,https://developers.google.com/search/docs/appearance/structured-data/organization,Eksisterende kundeservicekontakt gjenbrukes med ny stabil ID. Google Organization dokumentert egenskap; ingen visningsgaranti.,,HTTP/unit/build; ekstern deploystatus separat,Se rapporten for publisering og ekstern kontroll
root.identity,ContactPoint.email,emitted,src/lib/seo/siteIdentity.ts; src/lib/seo/JSON-LD/buildSiteJsonLd.ts; src/app/(storefront)/kontaktskjema/page.tsx,https://developers.google.com/search/docs/appearance/structured-data/organization,kundeservice@utekos.no; samme som synlig kontaktside. Google Organization dokumentert egenskap; ingen visningsgaranti.,,HTTP/unit/build; ekstern deploystatus separat,Se rapporten for publisering og ekstern kontroll
root.identity,ContactPoint.telephone,emitted,src/lib/seo/siteIdentity.ts; src/lib/seo/JSON-LD/buildSiteJsonLd.ts; src/app/(storefront)/kontaktskjema/page.tsx,https://developers.google.com/search/docs/appearance/structured-data/organization,+4740216343; samme som synlig kontaktside. Google Organization dokumentert egenskap; ingen visningsgaranti.,,HTTP/unit/build; ekstern deploystatus separat,Se rapporten for publisering og ekstern kontroll
root.identity,OnlineStore.@id,emitted,src/lib/seo/siteIdentity.ts; src/lib/seo/JSON-LD/buildSiteJsonLd.ts,https://schema.org/OnlineStore; https://schema.org/ContactPoint; https://schema.org/WebSite,Schema.org-semantikk og grafkobling. https://utekos.no/#organization; én definisjon per dokument.,,HTTP/unit/build; ekstern deploystatus separat,Se rapporten for publisering og ekstern kontroll
root.identity,OnlineStore.identifier,emitted,src/lib/seo/siteIdentity.ts; src/lib/seo/JSON-LD/buildSiteJsonLd.ts,https://schema.org/OnlineStore; https://schema.org/ContactPoint; https://schema.org/WebSite,Schema.org-semantikk og grafkobling. PropertyValue: propertyID=Organisasjonsnummer; value=925820393. Generisk identifier er ikke et felt i Googles Organization-egenskapsliste.,,HTTP/unit/build; ekstern deploystatus separat,Se rapporten for publisering og ekstern kontroll
root.identity,ContactPoint.@type,emitted,src/lib/seo/siteIdentity.ts; src/lib/seo/JSON-LD/buildSiteJsonLd.ts,https://schema.org/OnlineStore; https://schema.org/ContactPoint; https://schema.org/WebSite,Schema.org-semantikk og grafkobling. ContactPoint.,,HTTP/unit/build; ekstern deploystatus separat,Se rapporten for publisering og ekstern kontroll
root.identity,ContactPoint.@id,emitted,src/lib/seo/siteIdentity.ts; src/lib/seo/JSON-LD/buildSiteJsonLd.ts,https://schema.org/OnlineStore; https://schema.org/ContactPoint; https://schema.org/WebSite,Schema.org-semantikk og grafkobling. https://utekos.no/#customer-service; ny stabil ID for kontaktgrafens referanse.,,HTTP/unit/build; ekstern deploystatus separat,Se rapporten for publisering og ekstern kontroll
root.identity,ContactPoint.contactType,emitted,src/lib/seo/siteIdentity.ts; src/lib/seo/JSON-LD/buildSiteJsonLd.ts,https://schema.org/OnlineStore; https://schema.org/ContactPoint; https://schema.org/WebSite,Schema.org-semantikk og grafkobling. kundeservice.,,HTTP/unit/build; ekstern deploystatus separat,Se rapporten for publisering og ekstern kontroll
root.identity,ContactPoint.url,emitted,src/lib/seo/siteIdentity.ts; src/lib/seo/JSON-LD/buildSiteJsonLd.ts,https://schema.org/OnlineStore; https://schema.org/ContactPoint; https://schema.org/WebSite,Schema.org-semantikk og grafkobling. https://utekos.no/kontaktskjema.,,HTTP/unit/build; ekstern deploystatus separat,Se rapporten for publisering og ekstern kontroll
root.identity,ContactPoint.availableLanguage,emitted,src/lib/seo/siteIdentity.ts; src/lib/seo/JSON-LD/buildSiteJsonLd.ts,https://schema.org/OnlineStore; https://schema.org/ContactPoint; https://schema.org/WebSite,"Schema.org-semantikk og grafkobling. nb-NO; språktilknytning, ingen påståtte åpningstider.",,HTTP/unit/build; ekstern deploystatus separat,Se rapporten for publisering og ekstern kontroll
root.identity,WebSite.@type / @id,emitted,src/lib/seo/siteIdentity.ts; src/lib/seo/JSON-LD/buildSiteJsonLd.ts,https://schema.org/OnlineStore; https://schema.org/ContactPoint; https://schema.org/WebSite,Schema.org-semantikk og grafkobling. WebSite med https://utekos.no/#website; én eksisterende definisjon per dokument.,,HTTP/unit/build; ekstern deploystatus separat,Se rapporten for publisering og ekstern kontroll
root.identity,WebSite.name / url,emitted,src/lib/seo/siteIdentity.ts; src/lib/seo/JSON-LD/buildSiteJsonLd.ts,https://schema.org/OnlineStore; https://schema.org/ContactPoint; https://schema.org/WebSite,Schema.org-semantikk og grafkobling. Utekos og https://utekos.no/ fra fellesidentiteten.,,HTTP/unit/build; ekstern deploystatus separat,Se rapporten for publisering og ekstern kontroll
root.identity,WebSite.inLanguage,emitted,src/lib/seo/siteIdentity.ts; src/lib/seo/JSON-LD/buildSiteJsonLd.ts,https://schema.org/OnlineStore; https://schema.org/ContactPoint; https://schema.org/WebSite,Schema.org-semantikk og grafkobling. nb-NO.,,HTTP/unit/build; ekstern deploystatus separat,Se rapporten for publisering og ekstern kontroll
root.identity,WebSite.publisher.@id,emitted,src/lib/seo/siteIdentity.ts; src/lib/seo/JSON-LD/buildSiteJsonLd.ts,https://schema.org/OnlineStore; https://schema.org/ContactPoint; https://schema.org/WebSite,Schema.org-semantikk og grafkobling. Refererer til felles OnlineStore.,,HTTP/unit/build; ekstern deploystatus separat,Se rapporten for publisering og ekstern kontroll
root.identity,Organization.sameAs,missing_evidence,src/lib/seo/siteIdentity.ts; src/lib/seo/JSON-LD/buildSiteJsonLd.ts; støttesidenes synlige innhold,https://developers.google.com/search/docs/appearance/structured-data/organization; https://schema.org/ContactPoint,Ingen verifiserte eksterne identitetsprofiler i dette oppgavegrunnlaget.,,HTTP/unit/build; ekstern deploystatus separat,Se rapporten for publisering og ekstern kontroll
root.identity,Organization.foundingDate,missing_evidence,src/lib/seo/siteIdentity.ts; src/lib/seo/JSON-LD/buildSiteJsonLd.ts; støttesidenes synlige innhold,https://developers.google.com/search/docs/appearance/structured-data/organization; https://schema.org/ContactPoint,Ingen juridisk grunnleggelsesdato dokumentert av støtteinnholdet.,,HTTP/unit/build; ekstern deploystatus separat,Se rapporten for publisering og ekstern kontroll
root.identity,Organization.vatID / taxID / iso6523Code,missing_evidence,src/lib/seo/siteIdentity.ts; src/lib/seo/JSON-LD/buildSiteJsonLd.ts; støttesidenes synlige innhold,https://developers.google.com/search/docs/appearance/structured-data/organization; https://schema.org/ContactPoint,Organisasjonsnummeret omformes ikke automatisk til andre identifikatorsystemer.,,HTTP/unit/build; ekstern deploystatus separat,Se rapporten for publisering og ekstern kontroll
root.identity,ContactPoint.hoursAvailable / areaServed,missing_evidence,src/lib/seo/siteIdentity.ts; src/lib/seo/JSON-LD/buildSiteJsonLd.ts; støttesidenes synlige innhold,https://developers.google.com/search/docs/appearance/structured-data/organization; https://schema.org/ContactPoint,Ikke dokumentert av kontaktsidens innhold eller eksisterende fellesidentitet.,,HTTP/unit/build; ekstern deploystatus separat,Se rapporten for publisering og ekstern kontroll
shippingReturns.omissions,Product / ProductGroup / Offer / price / availability,not_applicable,Godkjent avgrensning; støttesidenes synlige innhold,https://developers.google.com/search/docs/appearance/structured-data/sd-policies; https://schema.org/,Disse informasjonssidene er ingen produkt-/tilbudssider; kommersielle produktfelt hører til produktsidene.,,HTTP/unit/build; ekstern deploystatus separat,Se rapporten for publisering og ekstern kontroll
shippingReturns.omissions,AggregateRating / Review,not_applicable,Godkjent avgrensning; støttesidenes synlige innhold,https://developers.google.com/search/docs/appearance/structured-data/sd-policies; https://schema.org/,Ingen dokumentert vurderingssamling på frakt-og-retur-siden; ingen oppdiktede stjerner.,,HTTP/unit/build; ekstern deploystatus separat,Se rapporten for publisering og ekstern kontroll
shippingReturns.omissions,Dataset / SizeSpecification,not_applicable,Godkjent avgrensning; støttesidenes synlige innhold,https://developers.google.com/search/docs/appearance/structured-data/sd-policies; https://schema.org/,Måltabellene er synlig veiledning; ingen ny produkt- eller datasettentitet er nødvendig for denne oppgaven.,,HTTP/unit/build; ekstern deploystatus separat,Se rapporten for publisering og ekstern kontroll
shippingReturns.omissions,HowTo semantic markup,not_applicable,Godkjent avgrensning; støttesidenes synlige innhold,https://developers.google.com/search/docs/appearance/structured-data/sd-policies; https://schema.org/,Ingen HowTo innført; synlig pleietekst bevares uten utnyttelse av en avviklet Google-funksjon.,,HTTP/unit/build; ekstern deploystatus separat,Se rapporten for publisering og ekstern kontroll
shippingReturns.omissions,FAQPage semantic markup,not_applicable,Godkjent avgrensning; støttesidenes synlige innhold,https://developers.google.com/search/docs/appearance/structured-data/sd-policies; https://schema.org/,Ingen FAQPage innført; eksisterende spørsmål/svar bevares uten løfte om FAQ-resultater.,,HTTP/unit/build; ekstern deploystatus separat,Se rapporten for publisering og ekstern kontroll
shippingReturns.omissions,og:video / VideoObject,not_applicable,Godkjent avgrensning; støttesidenes synlige innhold,https://developers.google.com/search/docs/appearance/structured-data/sd-policies; https://schema.org/,Ingen ny dokumentert videoentitet i planens fire sidegrafer.,,HTTP/unit/build; ekstern deploystatus separat,Se rapporten for publisering og ekstern kontroll
shippingReturns.omissions,paywall markup,not_applicable,Godkjent avgrensning; støttesidenes synlige innhold,https://developers.google.com/search/docs/appearance/structured-data/sd-policies; https://schema.org/,Offentlig gratis informasjon; ingen betalingsmur.,,HTTP/unit/build; ekstern deploystatus separat,Se rapporten for publisering og ekstern kontroll
shippingReturns.omissions,Breadcrumb / Article enriched display guarantee,not_applicable,Godkjent avgrensning; støttesidenes synlige innhold,https://developers.google.com/search/docs/appearance/structured-data/sd-policies; https://schema.org/,Markup beskriver innhold; visning avgjøres av søkemotoren og dokumenteres først etter observasjon.,,HTTP/unit/build; ekstern deploystatus separat,Se rapporten for publisering og ekstern kontroll
google.rich_results,FAQ rich result,unsupported,Ingen FAQPage lagt til,https://developers.google.com/search/updates?hl=en,"Google FAQ-resultater avviklet i mai 2026; status gjelder Google-funksjonen, ikke Schema.org-vokabularets gyldighet.",,HTTP/unit/build; ekstern deploystatus separat,Se rapporten for publisering og ekstern kontroll
google.rich_results,HowTo rich result,unsupported,Ingen HowTo lagt til,https://developers.google.com/search/blog/2023/08/howto-faq-changes,"Google HowTo-resultater avviklet; status gjelder Google-funksjonen, ikke Schema.org-vokabularets gyldighet.",,HTTP/unit/build; ekstern deploystatus separat,Se rapporten for publisering og ekstern kontroll
google.ai,custom AI schema / required AI file,unsupported,Ingen særskilt AI-schema eller AI-fil innført,https://developers.google.com/search/docs/appearance/ai-features,Google dokumenterer ingen slik obligatorisk utvidelse; ikke presentert som eget Google-støttet tiltak.,,HTTP/unit/build; ekstern deploystatus separat,Se rapporten for publisering og ekstern kontroll
shippingReturns.sitemap,url,emitted,src/app/sitemap.ts; src/lib/seo/supportPages.ts,https://nextjs.org/docs/app/api-reference/file-conventions/metadata/sitemap,Eksisterende frakt-og-retur-oppføring beholdes; absolutte produksjonsadresser.,,HTTP/unit/build; ekstern deploystatus separat,Se rapporten for publisering og ekstern kontroll
shippingReturns.sitemap,metadata-only OG image entries,not_applicable,src/app/sitemap.ts; src/lib/seo/sitemapImages.ts,https://developers.google.com/search/docs/crawling-indexing/sitemaps/image-sitemaps,Nye delingskort legges ikke i bildesitemap.,,HTTP/unit/build; ekstern deploystatus separat,Se rapporten for publisering og ekstern kontroll
crawl,robots.txt userAgent=* allow=/,emitted,src/app/robots.ts,https://developers.google.com/crawling/docs/crawlers-fetchers/google-common-crawlers; https://developers.facebook.com/documentation/sharing/webmasters/web-crawlers,Eksisterende åpen policy beholdes; ekte crawlertilgang krever også offentlig vert og fungerende nettverks-/WAF-regler.,,HTTP/unit/build; ekstern deploystatus separat,Se rapporten for publisering og ekstern kontroll
crawl,htmlLimitedBots,emitted,next.config.ts,https://nextjs.org/docs/app/api-reference/config/next-config-js/htmlLimitedBots,Eksisterende /.*/ beholdes; statiske støttemetadata innfører ingen nye API-oppslag.,,HTTP/unit/build; ekstern deploystatus separat,Se rapporten for publisering og ekstern kontroll
deployment,Vercel X-Robots-Tag / protection / WAF verification,missing_evidence,Ingen publisering av denne leveransen,https://vercel.com/docs/headers/response-headers,Må kontrolleres på faktisk v2-deploy; lokal metadata/noindex-test beviser ikke Vercels HTTP-header eller ekte crawleridentitet.,,HTTP/unit/build; ekstern deploystatus separat,Se rapporten for publisering og ekstern kontroll
distribution,IndexNow submission,not_applicable,Ingen IndexNow-integrasjon eller innsending i oppgaven,https://www.indexnow.org/documentation,"Senere mulighet krever verifisert vert/nøkkel og publiserte endringer; HTTP 200 er mottak, ikke indekseringsgaranti.",,HTTP/unit/build; ekstern deploystatus separat,Se rapporten for publisering og ekstern kontroll
shippingReturns.native_images,twitter:image:type,emitted,src/app/(storefront)/frakt-og-retur/opengraph-image.jpg; src/app/(storefront)/frakt-og-retur/opengraph-image.alt.txt; public/og-image-skreddersy-varmen.jpg,https://nextjs.org/docs/app/api-reference/file-conventions/metadata/opengraph-image,Observert i ferdig HTML: image/jpeg; arves fra det oppløste OG-bildet.,,HTTP/unit/build; ekstern deploystatus separat,Se rapporten for publisering og ekstern kontroll
shippingReturns.native_images,twitter:image:width,emitted,src/app/(storefront)/frakt-og-retur/opengraph-image.jpg; src/app/(storefront)/frakt-og-retur/opengraph-image.alt.txt; public/og-image-skreddersy-varmen.jpg,https://nextjs.org/docs/app/api-reference/file-conventions/metadata/opengraph-image,Observert i ferdig HTML: 1200; arves fra det oppløste OG-bildet.,,HTTP/unit/build; ekstern deploystatus separat,Se rapporten for publisering og ekstern kontroll
shippingReturns.native_images,twitter:image:height,emitted,src/app/(storefront)/frakt-og-retur/opengraph-image.jpg; src/app/(storefront)/frakt-og-retur/opengraph-image.alt.txt; public/og-image-skreddersy-varmen.jpg,https://nextjs.org/docs/app/api-reference/file-conventions/metadata/opengraph-image,Observert i ferdig HTML: 630; arves fra det oppløste OG-bildet.,,HTTP/unit/build; ekstern deploystatus separat,Se rapporten for publisering og ekstern kontroll
shippingReturns.rendering,native JSON-LD script with active pathname guard,emitted,src/assets/components/SupportJsonLd.tsx; src/assets/components/SupportJsonLdScript.tsx,https://nextjs.org/docs/app/api-reference/functions/use-pathname; https://nextjs.org/docs/app/api-reference/config/next-config-js/cacheComponents,Serverlayout bygger og serialiserer grafen. Den lille klientgrensen serverrenderer native script på statiske ruter og fjerner inaktive grafer ved klientnavigasjon; testet også uten JavaScript.,,HTTP/unit/build; ekstern deploystatus separat,Se rapporten for publisering og ekstern kontroll
shippingReturns.webpage,WebPage.@id,emitted,src/app/(storefront)/frakt-og-retur/page.mdx; src/lib/seo/supportPages.ts; src/lib/seo/JSON-LD/merchantPolicies.ts; src/lib/seo/JSON-LD/buildSupportJsonLd.ts; schema-dts 2.1.0 / installert arv,https://schema.org/WebPage,"Schema.org-semantikk; ikke et særskilt Google-anbefalt felt for denne profilen. Verdi fra synlig policy eller verifisert felles identitets-/grafkontrakt. ""https://utekos.no/frakt-og-retur#webpage""",false,TypeScript; inventar/feltledger; HTTP og ekstern kodevalidering dokumenteres separat,
shippingReturns.webpage,WebPage.@type,emitted,src/app/(storefront)/frakt-og-retur/page.mdx; src/lib/seo/supportPages.ts; src/lib/seo/JSON-LD/merchantPolicies.ts; src/lib/seo/JSON-LD/buildSupportJsonLd.ts; schema-dts 2.1.0 / installert arv,https://schema.org/WebPage,"Schema.org-semantikk; ikke et særskilt Google-anbefalt felt for denne profilen. Verdi fra synlig policy eller verifisert felles identitets-/grafkontrakt. ""WebPage""",false,TypeScript; inventar/feltledger; HTTP og ekstern kodevalidering dokumenteres separat,
shippingReturns.webpage,WebPage.about,emitted,src/app/(storefront)/frakt-og-retur/page.mdx; src/lib/seo/supportPages.ts; src/lib/seo/JSON-LD/merchantPolicies.ts; src/lib/seo/JSON-LD/buildSupportJsonLd.ts; schema-dts 2.1.0 / installert arv,https://schema.org/WebPage,"Schema.org-semantikk; ikke et særskilt Google-anbefalt felt for denne profilen. Verdi fra synlig policy eller verifisert felles identitets-/grafkontrakt. {""@id"":""https://utekos.no/#organization""}",false,TypeScript; inventar/feltledger; HTTP og ekstern kodevalidering dokumenteres separat,
shippingReturns.webpage,WebPage.abstract,not_applicable,src/app/(storefront)/frakt-og-retur/page.mdx; src/lib/seo/supportPages.ts; src/lib/seo/JSON-LD/merchantPolicies.ts; src/lib/seo/JSON-LD/buildSupportJsonLd.ts; schema-dts 2.1.0 / installert arv,https://schema.org/WebPage,"Schema.org-semantikk; ikke et særskilt Google-anbefalt felt for denne profilen. Egenskapen beskriver ingen separat del av denne WebPage-entiteten eller valgt policyprofil. Eksisterende navn, beskrivelse, relasjoner og verdier dekker den dokumenterte rollen; ingen ekstra entiteter, handlinger, vurderinger eller redaksjonelle opplysninger tilføyes.",false,TypeScript; inventar/feltledger; HTTP og ekstern kodevalidering dokumenteres separat,
shippingReturns.webpage,WebPage.accessMode,not_applicable,src/app/(storefront)/frakt-og-retur/page.mdx; src/lib/seo/supportPages.ts; src/lib/seo/JSON-LD/merchantPolicies.ts; src/lib/seo/JSON-LD/buildSupportJsonLd.ts; schema-dts 2.1.0 / installert arv,https://schema.org/WebPage,"Schema.org-semantikk; ikke et særskilt Google-anbefalt felt for denne profilen. Egenskapen beskriver ingen separat del av denne WebPage-entiteten eller valgt policyprofil. Eksisterende navn, beskrivelse, relasjoner og verdier dekker den dokumenterte rollen; ingen ekstra entiteter, handlinger, vurderinger eller redaksjonelle opplysninger tilføyes.",false,TypeScript; inventar/feltledger; HTTP og ekstern kodevalidering dokumenteres separat,
shippingReturns.webpage,WebPage.accessModeSufficient,not_applicable,src/app/(storefront)/frakt-og-retur/page.mdx; src/lib/seo/supportPages.ts; src/lib/seo/JSON-LD/merchantPolicies.ts; src/lib/seo/JSON-LD/buildSupportJsonLd.ts; schema-dts 2.1.0 / installert arv,https://schema.org/WebPage,"Schema.org-semantikk; ikke et særskilt Google-anbefalt felt for denne profilen. Egenskapen beskriver ingen separat del av denne WebPage-entiteten eller valgt policyprofil. Eksisterende navn, beskrivelse, relasjoner og verdier dekker den dokumenterte rollen; ingen ekstra entiteter, handlinger, vurderinger eller redaksjonelle opplysninger tilføyes.",false,TypeScript; inventar/feltledger; HTTP og ekstern kodevalidering dokumenteres separat,
shippingReturns.webpage,WebPage.accessibilityAPI,not_applicable,src/app/(storefront)/frakt-og-retur/page.mdx; src/lib/seo/supportPages.ts; src/lib/seo/JSON-LD/merchantPolicies.ts; src/lib/seo/JSON-LD/buildSupportJsonLd.ts; schema-dts 2.1.0 / installert arv,https://schema.org/WebPage,"Schema.org-semantikk; ikke et særskilt Google-anbefalt felt for denne profilen. Egenskapen beskriver ingen separat del av denne WebPage-entiteten eller valgt policyprofil. Eksisterende navn, beskrivelse, relasjoner og verdier dekker den dokumenterte rollen; ingen ekstra entiteter, handlinger, vurderinger eller redaksjonelle opplysninger tilføyes.",false,TypeScript; inventar/feltledger; HTTP og ekstern kodevalidering dokumenteres separat,
shippingReturns.webpage,WebPage.accessibilityControl,not_applicable,src/app/(storefront)/frakt-og-retur/page.mdx; src/lib/seo/supportPages.ts; src/lib/seo/JSON-LD/merchantPolicies.ts; src/lib/seo/JSON-LD/buildSupportJsonLd.ts; schema-dts 2.1.0 / installert arv,https://schema.org/WebPage,"Schema.org-semantikk; ikke et særskilt Google-anbefalt felt for denne profilen. Egenskapen beskriver ingen separat del av denne WebPage-entiteten eller valgt policyprofil. Eksisterende navn, beskrivelse, relasjoner og verdier dekker den dokumenterte rollen; ingen ekstra entiteter, handlinger, vurderinger eller redaksjonelle opplysninger tilføyes.",false,TypeScript; inventar/feltledger; HTTP og ekstern kodevalidering dokumenteres separat,
shippingReturns.webpage,WebPage.accessibilityFeature,not_applicable,src/app/(storefront)/frakt-og-retur/page.mdx; src/lib/seo/supportPages.ts; src/lib/seo/JSON-LD/merchantPolicies.ts; src/lib/seo/JSON-LD/buildSupportJsonLd.ts; schema-dts 2.1.0 / installert arv,https://schema.org/WebPage,"Schema.org-semantikk; ikke et særskilt Google-anbefalt felt for denne profilen. Egenskapen beskriver ingen separat del av denne WebPage-entiteten eller valgt policyprofil. Eksisterende navn, beskrivelse, relasjoner og verdier dekker den dokumenterte rollen; ingen ekstra entiteter, handlinger, vurderinger eller redaksjonelle opplysninger tilføyes.",false,TypeScript; inventar/feltledger; HTTP og ekstern kodevalidering dokumenteres separat,
shippingReturns.webpage,WebPage.accessibilityHazard,not_applicable,src/app/(storefront)/frakt-og-retur/page.mdx; src/lib/seo/supportPages.ts; src/lib/seo/JSON-LD/merchantPolicies.ts; src/lib/seo/JSON-LD/buildSupportJsonLd.ts; schema-dts 2.1.0 / installert arv,https://schema.org/WebPage,"Schema.org-semantikk; ikke et særskilt Google-anbefalt felt for denne profilen. Egenskapen beskriver ingen separat del av denne WebPage-entiteten eller valgt policyprofil. Eksisterende navn, beskrivelse, relasjoner og verdier dekker den dokumenterte rollen; ingen ekstra entiteter, handlinger, vurderinger eller redaksjonelle opplysninger tilføyes.",false,TypeScript; inventar/feltledger; HTTP og ekstern kodevalidering dokumenteres separat,
shippingReturns.webpage,WebPage.accessibilitySummary,not_applicable,src/app/(storefront)/frakt-og-retur/page.mdx; src/lib/seo/supportPages.ts; src/lib/seo/JSON-LD/merchantPolicies.ts; src/lib/seo/JSON-LD/buildSupportJsonLd.ts; schema-dts 2.1.0 / installert arv,https://schema.org/WebPage,"Schema.org-semantikk; ikke et særskilt Google-anbefalt felt for denne profilen. Egenskapen beskriver ingen separat del av denne WebPage-entiteten eller valgt policyprofil. Eksisterende navn, beskrivelse, relasjoner og verdier dekker den dokumenterte rollen; ingen ekstra entiteter, handlinger, vurderinger eller redaksjonelle opplysninger tilføyes.",false,TypeScript; inventar/feltledger; HTTP og ekstern kodevalidering dokumenteres separat,
shippingReturns.webpage,WebPage.accountablePerson,not_applicable,src/app/(storefront)/frakt-og-retur/page.mdx; src/lib/seo/supportPages.ts; src/lib/seo/JSON-LD/merchantPolicies.ts; src/lib/seo/JSON-LD/buildSupportJsonLd.ts; schema-dts 2.1.0 / installert arv,https://schema.org/WebPage,"Schema.org-semantikk; ikke et særskilt Google-anbefalt felt for denne profilen. Egenskapen beskriver ingen separat del av denne WebPage-entiteten eller valgt policyprofil. Eksisterende navn, beskrivelse, relasjoner og verdier dekker den dokumenterte rollen; ingen ekstra entiteter, handlinger, vurderinger eller redaksjonelle opplysninger tilføyes.",false,TypeScript; inventar/feltledger; HTTP og ekstern kodevalidering dokumenteres separat,
shippingReturns.webpage,WebPage.acquireLicensePage,not_applicable,src/app/(storefront)/frakt-og-retur/page.mdx; src/lib/seo/supportPages.ts; src/lib/seo/JSON-LD/merchantPolicies.ts; src/lib/seo/JSON-LD/buildSupportJsonLd.ts; schema-dts 2.1.0 / installert arv,https://schema.org/WebPage,"Schema.org-semantikk; ikke et særskilt Google-anbefalt felt for denne profilen. Egenskapen beskriver ingen separat del av denne WebPage-entiteten eller valgt policyprofil. Eksisterende navn, beskrivelse, relasjoner og verdier dekker den dokumenterte rollen; ingen ekstra entiteter, handlinger, vurderinger eller redaksjonelle opplysninger tilføyes.",false,TypeScript; inventar/feltledger; HTTP og ekstern kodevalidering dokumenteres separat,
shippingReturns.webpage,WebPage.additionalType,not_applicable,src/app/(storefront)/frakt-og-retur/page.mdx; src/lib/seo/supportPages.ts; src/lib/seo/JSON-LD/merchantPolicies.ts; src/lib/seo/JSON-LD/buildSupportJsonLd.ts; schema-dts 2.1.0 / installert arv,https://schema.org/WebPage,"Schema.org-semantikk; ikke et særskilt Google-anbefalt felt for denne profilen. Egenskapen beskriver ingen separat del av denne WebPage-entiteten eller valgt policyprofil. Eksisterende navn, beskrivelse, relasjoner og verdier dekker den dokumenterte rollen; ingen ekstra entiteter, handlinger, vurderinger eller redaksjonelle opplysninger tilføyes.",false,TypeScript; inventar/feltledger; HTTP og ekstern kodevalidering dokumenteres separat,
shippingReturns.webpage,WebPage.aggregateRating,not_applicable,src/app/(storefront)/frakt-og-retur/page.mdx; src/lib/seo/supportPages.ts; src/lib/seo/JSON-LD/merchantPolicies.ts; src/lib/seo/JSON-LD/buildSupportJsonLd.ts; schema-dts 2.1.0 / installert arv,https://schema.org/WebPage,"Schema.org-semantikk; ikke et særskilt Google-anbefalt felt for denne profilen. Egenskapen beskriver ingen separat del av denne WebPage-entiteten eller valgt policyprofil. Eksisterende navn, beskrivelse, relasjoner og verdier dekker den dokumenterte rollen; ingen ekstra entiteter, handlinger, vurderinger eller redaksjonelle opplysninger tilføyes.",false,TypeScript; inventar/feltledger; HTTP og ekstern kodevalidering dokumenteres separat,
shippingReturns.webpage,WebPage.alternateName,not_applicable,src/app/(storefront)/frakt-og-retur/page.mdx; src/lib/seo/supportPages.ts; src/lib/seo/JSON-LD/merchantPolicies.ts; src/lib/seo/JSON-LD/buildSupportJsonLd.ts; schema-dts 2.1.0 / installert arv,https://schema.org/WebPage,"Schema.org-semantikk; ikke et særskilt Google-anbefalt felt for denne profilen. Egenskapen beskriver ingen separat del av denne WebPage-entiteten eller valgt policyprofil. Eksisterende navn, beskrivelse, relasjoner og verdier dekker den dokumenterte rollen; ingen ekstra entiteter, handlinger, vurderinger eller redaksjonelle opplysninger tilføyes.",false,TypeScript; inventar/feltledger; HTTP og ekstern kodevalidering dokumenteres separat,
shippingReturns.webpage,WebPage.alternativeHeadline,not_applicable,src/app/(storefront)/frakt-og-retur/page.mdx; src/lib/seo/supportPages.ts; src/lib/seo/JSON-LD/merchantPolicies.ts; src/lib/seo/JSON-LD/buildSupportJsonLd.ts; schema-dts 2.1.0 / installert arv,https://schema.org/WebPage,"Schema.org-semantikk; ikke et særskilt Google-anbefalt felt for denne profilen. Egenskapen beskriver ingen separat del av denne WebPage-entiteten eller valgt policyprofil. Eksisterende navn, beskrivelse, relasjoner og verdier dekker den dokumenterte rollen; ingen ekstra entiteter, handlinger, vurderinger eller redaksjonelle opplysninger tilføyes.",false,TypeScript; inventar/feltledger; HTTP og ekstern kodevalidering dokumenteres separat,
shippingReturns.webpage,WebPage.archivedAt,not_applicable,src/app/(storefront)/frakt-og-retur/page.mdx; src/lib/seo/supportPages.ts; src/lib/seo/JSON-LD/merchantPolicies.ts; src/lib/seo/JSON-LD/buildSupportJsonLd.ts; schema-dts 2.1.0 / installert arv,https://schema.org/WebPage,"Schema.org-semantikk; ikke et særskilt Google-anbefalt felt for denne profilen. Egenskapen beskriver ingen separat del av denne WebPage-entiteten eller valgt policyprofil. Eksisterende navn, beskrivelse, relasjoner og verdier dekker den dokumenterte rollen; ingen ekstra entiteter, handlinger, vurderinger eller redaksjonelle opplysninger tilføyes.",false,TypeScript; inventar/feltledger; HTTP og ekstern kodevalidering dokumenteres separat,
shippingReturns.webpage,WebPage.assesses,not_applicable,src/app/(storefront)/frakt-og-retur/page.mdx; src/lib/seo/supportPages.ts; src/lib/seo/JSON-LD/merchantPolicies.ts; src/lib/seo/JSON-LD/buildSupportJsonLd.ts; schema-dts 2.1.0 / installert arv,https://schema.org/WebPage,"Schema.org-semantikk; ikke et særskilt Google-anbefalt felt for denne profilen. Egenskapen beskriver ingen separat del av denne WebPage-entiteten eller valgt policyprofil. Eksisterende navn, beskrivelse, relasjoner og verdier dekker den dokumenterte rollen; ingen ekstra entiteter, handlinger, vurderinger eller redaksjonelle opplysninger tilføyes.",false,TypeScript; inventar/feltledger; HTTP og ekstern kodevalidering dokumenteres separat,
shippingReturns.webpage,WebPage.associatedMedia,not_applicable,src/app/(storefront)/frakt-og-retur/page.mdx; src/lib/seo/supportPages.ts; src/lib/seo/JSON-LD/merchantPolicies.ts; src/lib/seo/JSON-LD/buildSupportJsonLd.ts; schema-dts 2.1.0 / installert arv,https://schema.org/WebPage,"Schema.org-semantikk; ikke et særskilt Google-anbefalt felt for denne profilen. Egenskapen beskriver ingen separat del av denne WebPage-entiteten eller valgt policyprofil. Eksisterende navn, beskrivelse, relasjoner og verdier dekker den dokumenterte rollen; ingen ekstra entiteter, handlinger, vurderinger eller redaksjonelle opplysninger tilføyes.",false,TypeScript; inventar/feltledger; HTTP og ekstern kodevalidering dokumenteres separat,
shippingReturns.webpage,WebPage.audience,not_applicable,src/app/(storefront)/frakt-og-retur/page.mdx; src/lib/seo/supportPages.ts; src/lib/seo/JSON-LD/merchantPolicies.ts; src/lib/seo/JSON-LD/buildSupportJsonLd.ts; schema-dts 2.1.0 / installert arv,https://schema.org/WebPage,"Schema.org-semantikk; ikke et særskilt Google-anbefalt felt for denne profilen. Egenskapen beskriver ingen separat del av denne WebPage-entiteten eller valgt policyprofil. Eksisterende navn, beskrivelse, relasjoner og verdier dekker den dokumenterte rollen; ingen ekstra entiteter, handlinger, vurderinger eller redaksjonelle opplysninger tilføyes.",false,TypeScript; inventar/feltledger; HTTP og ekstern kodevalidering dokumenteres separat,
shippingReturns.webpage,WebPage.audio,not_applicable,src/app/(storefront)/frakt-og-retur/page.mdx; src/lib/seo/supportPages.ts; src/lib/seo/JSON-LD/merchantPolicies.ts; src/lib/seo/JSON-LD/buildSupportJsonLd.ts; schema-dts 2.1.0 / installert arv,https://schema.org/WebPage,"Schema.org-semantikk; ikke et særskilt Google-anbefalt felt for denne profilen. Egenskapen beskriver ingen separat del av denne WebPage-entiteten eller valgt policyprofil. Eksisterende navn, beskrivelse, relasjoner og verdier dekker den dokumenterte rollen; ingen ekstra entiteter, handlinger, vurderinger eller redaksjonelle opplysninger tilføyes.",false,TypeScript; inventar/feltledger; HTTP og ekstern kodevalidering dokumenteres separat,
shippingReturns.webpage,WebPage.author,missing_evidence,src/app/(storefront)/frakt-og-retur/page.mdx; src/lib/seo/supportPages.ts; src/lib/seo/JSON-LD/merchantPolicies.ts; src/lib/seo/JSON-LD/buildSupportJsonLd.ts; schema-dts 2.1.0 / installert arv,https://schema.org/WebPage,Schema.org-semantikk; ikke et særskilt Google-anbefalt felt for denne profilen. Ingen personlig forfatter/byline er dokumentert for vilkårene.,false,TypeScript; inventar/feltledger; HTTP og ekstern kodevalidering dokumenteres separat,Innhent dokumentasjon før utvidelse
shippingReturns.webpage,WebPage.award,not_applicable,src/app/(storefront)/frakt-og-retur/page.mdx; src/lib/seo/supportPages.ts; src/lib/seo/JSON-LD/merchantPolicies.ts; src/lib/seo/JSON-LD/buildSupportJsonLd.ts; schema-dts 2.1.0 / installert arv,https://schema.org/WebPage,"Schema.org-semantikk; ikke et særskilt Google-anbefalt felt for denne profilen. Egenskapen beskriver ingen separat del av denne WebPage-entiteten eller valgt policyprofil. Eksisterende navn, beskrivelse, relasjoner og verdier dekker den dokumenterte rollen; ingen ekstra entiteter, handlinger, vurderinger eller redaksjonelle opplysninger tilføyes.",false,TypeScript; inventar/feltledger; HTTP og ekstern kodevalidering dokumenteres separat,
shippingReturns.webpage,WebPage.awards,not_applicable,src/app/(storefront)/frakt-og-retur/page.mdx; src/lib/seo/supportPages.ts; src/lib/seo/JSON-LD/merchantPolicies.ts; src/lib/seo/JSON-LD/buildSupportJsonLd.ts; schema-dts 2.1.0 / installert arv,https://schema.org/WebPage,"Schema.org-semantikk; ikke et særskilt Google-anbefalt felt for denne profilen. Egenskapen beskriver ingen separat del av denne WebPage-entiteten eller valgt policyprofil. Eksisterende navn, beskrivelse, relasjoner og verdier dekker den dokumenterte rollen; ingen ekstra entiteter, handlinger, vurderinger eller redaksjonelle opplysninger tilføyes.",false,TypeScript; inventar/feltledger; HTTP og ekstern kodevalidering dokumenteres separat,
shippingReturns.webpage,WebPage.breadcrumb,emitted,src/app/(storefront)/frakt-og-retur/page.mdx; src/lib/seo/supportPages.ts; src/lib/seo/JSON-LD/merchantPolicies.ts; src/lib/seo/JSON-LD/buildSupportJsonLd.ts; schema-dts 2.1.0 / installert arv,https://schema.org/WebPage,"Schema.org-semantikk; ikke et særskilt Google-anbefalt felt for denne profilen. Verdi fra synlig policy eller verifisert felles identitets-/grafkontrakt. {""@id"":""https://utekos.no/frakt-og-retur#breadcrumb""}",false,TypeScript; inventar/feltledger; HTTP og ekstern kodevalidering dokumenteres separat,
shippingReturns.webpage,WebPage.character,not_applicable,src/app/(storefront)/frakt-og-retur/page.mdx; src/lib/seo/supportPages.ts; src/lib/seo/JSON-LD/merchantPolicies.ts; src/lib/seo/JSON-LD/buildSupportJsonLd.ts; schema-dts 2.1.0 / installert arv,https://schema.org/WebPage,"Schema.org-semantikk; ikke et særskilt Google-anbefalt felt for denne profilen. Egenskapen beskriver ingen separat del av denne WebPage-entiteten eller valgt policyprofil. Eksisterende navn, beskrivelse, relasjoner og verdier dekker den dokumenterte rollen; ingen ekstra entiteter, handlinger, vurderinger eller redaksjonelle opplysninger tilføyes.",false,TypeScript; inventar/feltledger; HTTP og ekstern kodevalidering dokumenteres separat,
shippingReturns.webpage,WebPage.citation,not_applicable,src/app/(storefront)/frakt-og-retur/page.mdx; src/lib/seo/supportPages.ts; src/lib/seo/JSON-LD/merchantPolicies.ts; src/lib/seo/JSON-LD/buildSupportJsonLd.ts; schema-dts 2.1.0 / installert arv,https://schema.org/WebPage,"Schema.org-semantikk; ikke et særskilt Google-anbefalt felt for denne profilen. Egenskapen beskriver ingen separat del av denne WebPage-entiteten eller valgt policyprofil. Eksisterende navn, beskrivelse, relasjoner og verdier dekker den dokumenterte rollen; ingen ekstra entiteter, handlinger, vurderinger eller redaksjonelle opplysninger tilføyes.",false,TypeScript; inventar/feltledger; HTTP og ekstern kodevalidering dokumenteres separat,
shippingReturns.webpage,WebPage.comment,not_applicable,src/app/(storefront)/frakt-og-retur/page.mdx; src/lib/seo/supportPages.ts; src/lib/seo/JSON-LD/merchantPolicies.ts; src/lib/seo/JSON-LD/buildSupportJsonLd.ts; schema-dts 2.1.0 / installert arv,https://schema.org/WebPage,"Schema.org-semantikk; ikke et særskilt Google-anbefalt felt for denne profilen. Egenskapen beskriver ingen separat del av denne WebPage-entiteten eller valgt policyprofil. Eksisterende navn, beskrivelse, relasjoner og verdier dekker den dokumenterte rollen; ingen ekstra entiteter, handlinger, vurderinger eller redaksjonelle opplysninger tilføyes.",false,TypeScript; inventar/feltledger; HTTP og ekstern kodevalidering dokumenteres separat,
shippingReturns.webpage,WebPage.commentCount,not_applicable,src/app/(storefront)/frakt-og-retur/page.mdx; src/lib/seo/supportPages.ts; src/lib/seo/JSON-LD/merchantPolicies.ts; src/lib/seo/JSON-LD/buildSupportJsonLd.ts; schema-dts 2.1.0 / installert arv,https://schema.org/WebPage,"Schema.org-semantikk; ikke et særskilt Google-anbefalt felt for denne profilen. Egenskapen beskriver ingen separat del av denne WebPage-entiteten eller valgt policyprofil. Eksisterende navn, beskrivelse, relasjoner og verdier dekker den dokumenterte rollen; ingen ekstra entiteter, handlinger, vurderinger eller redaksjonelle opplysninger tilføyes.",false,TypeScript; inventar/feltledger; HTTP og ekstern kodevalidering dokumenteres separat,
shippingReturns.webpage,WebPage.conditionsOfAccess,not_applicable,src/app/(storefront)/frakt-og-retur/page.mdx; src/lib/seo/supportPages.ts; src/lib/seo/JSON-LD/merchantPolicies.ts; src/lib/seo/JSON-LD/buildSupportJsonLd.ts; schema-dts 2.1.0 / installert arv,https://schema.org/WebPage,"Schema.org-semantikk; ikke et særskilt Google-anbefalt felt for denne profilen. Egenskapen beskriver ingen separat del av denne WebPage-entiteten eller valgt policyprofil. Eksisterende navn, beskrivelse, relasjoner og verdier dekker den dokumenterte rollen; ingen ekstra entiteter, handlinger, vurderinger eller redaksjonelle opplysninger tilføyes.",false,TypeScript; inventar/feltledger; HTTP og ekstern kodevalidering dokumenteres separat,
shippingReturns.webpage,WebPage.contentLocation,not_applicable,src/app/(storefront)/frakt-og-retur/page.mdx; src/lib/seo/supportPages.ts; src/lib/seo/JSON-LD/merchantPolicies.ts; src/lib/seo/JSON-LD/buildSupportJsonLd.ts; schema-dts 2.1.0 / installert arv,https://schema.org/WebPage,"Schema.org-semantikk; ikke et særskilt Google-anbefalt felt for denne profilen. Egenskapen beskriver ingen separat del av denne WebPage-entiteten eller valgt policyprofil. Eksisterende navn, beskrivelse, relasjoner og verdier dekker den dokumenterte rollen; ingen ekstra entiteter, handlinger, vurderinger eller redaksjonelle opplysninger tilføyes.",false,TypeScript; inventar/feltledger; HTTP og ekstern kodevalidering dokumenteres separat,
shippingReturns.webpage,WebPage.contentRating,not_applicable,src/app/(storefront)/frakt-og-retur/page.mdx; src/lib/seo/supportPages.ts; src/lib/seo/JSON-LD/merchantPolicies.ts; src/lib/seo/JSON-LD/buildSupportJsonLd.ts; schema-dts 2.1.0 / installert arv,https://schema.org/WebPage,"Schema.org-semantikk; ikke et særskilt Google-anbefalt felt for denne profilen. Egenskapen beskriver ingen separat del av denne WebPage-entiteten eller valgt policyprofil. Eksisterende navn, beskrivelse, relasjoner og verdier dekker den dokumenterte rollen; ingen ekstra entiteter, handlinger, vurderinger eller redaksjonelle opplysninger tilføyes.",false,TypeScript; inventar/feltledger; HTTP og ekstern kodevalidering dokumenteres separat,
shippingReturns.webpage,WebPage.contentReferenceTime,not_applicable,src/app/(storefront)/frakt-og-retur/page.mdx; src/lib/seo/supportPages.ts; src/lib/seo/JSON-LD/merchantPolicies.ts; src/lib/seo/JSON-LD/buildSupportJsonLd.ts; schema-dts 2.1.0 / installert arv,https://schema.org/WebPage,"Schema.org-semantikk; ikke et særskilt Google-anbefalt felt for denne profilen. Egenskapen beskriver ingen separat del av denne WebPage-entiteten eller valgt policyprofil. Eksisterende navn, beskrivelse, relasjoner og verdier dekker den dokumenterte rollen; ingen ekstra entiteter, handlinger, vurderinger eller redaksjonelle opplysninger tilføyes.",false,TypeScript; inventar/feltledger; HTTP og ekstern kodevalidering dokumenteres separat,
shippingReturns.webpage,WebPage.contributor,not_applicable,src/app/(storefront)/frakt-og-retur/page.mdx; src/lib/seo/supportPages.ts; src/lib/seo/JSON-LD/merchantPolicies.ts; src/lib/seo/JSON-LD/buildSupportJsonLd.ts; schema-dts 2.1.0 / installert arv,https://schema.org/WebPage,"Schema.org-semantikk; ikke et særskilt Google-anbefalt felt for denne profilen. Egenskapen beskriver ingen separat del av denne WebPage-entiteten eller valgt policyprofil. Eksisterende navn, beskrivelse, relasjoner og verdier dekker den dokumenterte rollen; ingen ekstra entiteter, handlinger, vurderinger eller redaksjonelle opplysninger tilføyes.",false,TypeScript; inventar/feltledger; HTTP og ekstern kodevalidering dokumenteres separat,
shippingReturns.webpage,WebPage.copyrightHolder,not_applicable,src/app/(storefront)/frakt-og-retur/page.mdx; src/lib/seo/supportPages.ts; src/lib/seo/JSON-LD/merchantPolicies.ts; src/lib/seo/JSON-LD/buildSupportJsonLd.ts; schema-dts 2.1.0 / installert arv,https://schema.org/WebPage,"Schema.org-semantikk; ikke et særskilt Google-anbefalt felt for denne profilen. Egenskapen beskriver ingen separat del av denne WebPage-entiteten eller valgt policyprofil. Eksisterende navn, beskrivelse, relasjoner og verdier dekker den dokumenterte rollen; ingen ekstra entiteter, handlinger, vurderinger eller redaksjonelle opplysninger tilføyes.",false,TypeScript; inventar/feltledger; HTTP og ekstern kodevalidering dokumenteres separat,
shippingReturns.webpage,WebPage.copyrightNotice,not_applicable,src/app/(storefront)/frakt-og-retur/page.mdx; src/lib/seo/supportPages.ts; src/lib/seo/JSON-LD/merchantPolicies.ts; src/lib/seo/JSON-LD/buildSupportJsonLd.ts; schema-dts 2.1.0 / installert arv,https://schema.org/WebPage,"Schema.org-semantikk; ikke et særskilt Google-anbefalt felt for denne profilen. Egenskapen beskriver ingen separat del av denne WebPage-entiteten eller valgt policyprofil. Eksisterende navn, beskrivelse, relasjoner og verdier dekker den dokumenterte rollen; ingen ekstra entiteter, handlinger, vurderinger eller redaksjonelle opplysninger tilføyes.",false,TypeScript; inventar/feltledger; HTTP og ekstern kodevalidering dokumenteres separat,
shippingReturns.webpage,WebPage.copyrightYear,not_applicable,src/app/(storefront)/frakt-og-retur/page.mdx; src/lib/seo/supportPages.ts; src/lib/seo/JSON-LD/merchantPolicies.ts; src/lib/seo/JSON-LD/buildSupportJsonLd.ts; schema-dts 2.1.0 / installert arv,https://schema.org/WebPage,"Schema.org-semantikk; ikke et særskilt Google-anbefalt felt for denne profilen. Egenskapen beskriver ingen separat del av denne WebPage-entiteten eller valgt policyprofil. Eksisterende navn, beskrivelse, relasjoner og verdier dekker den dokumenterte rollen; ingen ekstra entiteter, handlinger, vurderinger eller redaksjonelle opplysninger tilføyes.",false,TypeScript; inventar/feltledger; HTTP og ekstern kodevalidering dokumenteres separat,
shippingReturns.webpage,WebPage.correction,not_applicable,src/app/(storefront)/frakt-og-retur/page.mdx; src/lib/seo/supportPages.ts; src/lib/seo/JSON-LD/merchantPolicies.ts; src/lib/seo/JSON-LD/buildSupportJsonLd.ts; schema-dts 2.1.0 / installert arv,https://schema.org/WebPage,"Schema.org-semantikk; ikke et særskilt Google-anbefalt felt for denne profilen. Egenskapen beskriver ingen separat del av denne WebPage-entiteten eller valgt policyprofil. Eksisterende navn, beskrivelse, relasjoner og verdier dekker den dokumenterte rollen; ingen ekstra entiteter, handlinger, vurderinger eller redaksjonelle opplysninger tilføyes.",false,TypeScript; inventar/feltledger; HTTP og ekstern kodevalidering dokumenteres separat,
shippingReturns.webpage,WebPage.countryOfOrigin,not_applicable,src/app/(storefront)/frakt-og-retur/page.mdx; src/lib/seo/supportPages.ts; src/lib/seo/JSON-LD/merchantPolicies.ts; src/lib/seo/JSON-LD/buildSupportJsonLd.ts; schema-dts 2.1.0 / installert arv,https://schema.org/WebPage,"Schema.org-semantikk; ikke et særskilt Google-anbefalt felt for denne profilen. Egenskapen beskriver ingen separat del av denne WebPage-entiteten eller valgt policyprofil. Eksisterende navn, beskrivelse, relasjoner og verdier dekker den dokumenterte rollen; ingen ekstra entiteter, handlinger, vurderinger eller redaksjonelle opplysninger tilføyes.",false,TypeScript; inventar/feltledger; HTTP og ekstern kodevalidering dokumenteres separat,
shippingReturns.webpage,WebPage.creativeWorkStatus,not_applicable,src/app/(storefront)/frakt-og-retur/page.mdx; src/lib/seo/supportPages.ts; src/lib/seo/JSON-LD/merchantPolicies.ts; src/lib/seo/JSON-LD/buildSupportJsonLd.ts; schema-dts 2.1.0 / installert arv,https://schema.org/WebPage,"Schema.org-semantikk; ikke et særskilt Google-anbefalt felt for denne profilen. Egenskapen beskriver ingen separat del av denne WebPage-entiteten eller valgt policyprofil. Eksisterende navn, beskrivelse, relasjoner og verdier dekker den dokumenterte rollen; ingen ekstra entiteter, handlinger, vurderinger eller redaksjonelle opplysninger tilføyes.",false,TypeScript; inventar/feltledger; HTTP og ekstern kodevalidering dokumenteres separat,
shippingReturns.webpage,WebPage.creator,not_applicable,src/app/(storefront)/frakt-og-retur/page.mdx; src/lib/seo/supportPages.ts; src/lib/seo/JSON-LD/merchantPolicies.ts; src/lib/seo/JSON-LD/buildSupportJsonLd.ts; schema-dts 2.1.0 / installert arv,https://schema.org/WebPage,"Schema.org-semantikk; ikke et særskilt Google-anbefalt felt for denne profilen. Egenskapen beskriver ingen separat del av denne WebPage-entiteten eller valgt policyprofil. Eksisterende navn, beskrivelse, relasjoner og verdier dekker den dokumenterte rollen; ingen ekstra entiteter, handlinger, vurderinger eller redaksjonelle opplysninger tilføyes.",false,TypeScript; inventar/feltledger; HTTP og ekstern kodevalidering dokumenteres separat,
shippingReturns.webpage,WebPage.creditText,not_applicable,src/app/(storefront)/frakt-og-retur/page.mdx; src/lib/seo/supportPages.ts; src/lib/seo/JSON-LD/merchantPolicies.ts; src/lib/seo/JSON-LD/buildSupportJsonLd.ts; schema-dts 2.1.0 / installert arv,https://schema.org/WebPage,"Schema.org-semantikk; ikke et særskilt Google-anbefalt felt for denne profilen. Egenskapen beskriver ingen separat del av denne WebPage-entiteten eller valgt policyprofil. Eksisterende navn, beskrivelse, relasjoner og verdier dekker den dokumenterte rollen; ingen ekstra entiteter, handlinger, vurderinger eller redaksjonelle opplysninger tilføyes.",false,TypeScript; inventar/feltledger; HTTP og ekstern kodevalidering dokumenteres separat,
shippingReturns.webpage,WebPage.dateCreated,not_applicable,src/app/(storefront)/frakt-og-retur/page.mdx; src/lib/seo/supportPages.ts; src/lib/seo/JSON-LD/merchantPolicies.ts; src/lib/seo/JSON-LD/buildSupportJsonLd.ts; schema-dts 2.1.0 / installert arv,https://schema.org/WebPage,"Schema.org-semantikk; ikke et særskilt Google-anbefalt felt for denne profilen. Egenskapen beskriver ingen separat del av denne WebPage-entiteten eller valgt policyprofil. Eksisterende navn, beskrivelse, relasjoner og verdier dekker den dokumenterte rollen; ingen ekstra entiteter, handlinger, vurderinger eller redaksjonelle opplysninger tilføyes.",false,TypeScript; inventar/feltledger; HTTP og ekstern kodevalidering dokumenteres separat,
shippingReturns.webpage,WebPage.dateModified,emitted,src/app/(storefront)/frakt-og-retur/page.mdx; src/lib/seo/supportPages.ts; src/lib/seo/JSON-LD/merchantPolicies.ts; src/lib/seo/JSON-LD/buildSupportJsonLd.ts; schema-dts 2.1.0 / installert arv,https://schema.org/WebPage,"Schema.org-semantikk; ikke et særskilt Google-anbefalt felt for denne profilen. Verdi fra synlig policy eller verifisert felles identitets-/grafkontrakt. ""2026-10-05""",false,TypeScript; inventar/feltledger; HTTP og ekstern kodevalidering dokumenteres separat,
shippingReturns.webpage,WebPage.datePublished,missing_evidence,src/app/(storefront)/frakt-og-retur/page.mdx; src/lib/seo/supportPages.ts; src/lib/seo/JSON-LD/merchantPolicies.ts; src/lib/seo/JSON-LD/buildSupportJsonLd.ts; schema-dts 2.1.0 / installert arv,https://schema.org/WebPage,Schema.org-semantikk; ikke et særskilt Google-anbefalt felt for denne profilen. Første publiseringsdato er ikke dokumentert.,false,TypeScript; inventar/feltledger; HTTP og ekstern kodevalidering dokumenteres separat,Innhent dokumentasjon før utvidelse
shippingReturns.webpage,WebPage.description,emitted,src/app/(storefront)/frakt-og-retur/page.mdx; src/lib/seo/supportPages.ts; src/lib/seo/JSON-LD/merchantPolicies.ts; src/lib/seo/JSON-LD/buildSupportJsonLd.ts; schema-dts 2.1.0 / installert arv,https://schema.org/WebPage,"Schema.org-semantikk; ikke et særskilt Google-anbefalt felt for denne profilen. Verdi fra synlig policy eller verifisert felles identitets-/grafkontrakt. ""Frakt og retur hos Utekos: se fraktpris, leveringstid, 14 dagers angrerett, gratis størrelsesbytte, returadresse og hvordan du får pengene tilbake.""",false,TypeScript; inventar/feltledger; HTTP og ekstern kodevalidering dokumenteres separat,
shippingReturns.webpage,WebPage.digitalSourceType,not_applicable,src/app/(storefront)/frakt-og-retur/page.mdx; src/lib/seo/supportPages.ts; src/lib/seo/JSON-LD/merchantPolicies.ts; src/lib/seo/JSON-LD/buildSupportJsonLd.ts; schema-dts 2.1.0 / installert arv,https://schema.org/WebPage,"Schema.org-semantikk; ikke et særskilt Google-anbefalt felt for denne profilen. Egenskapen beskriver ingen separat del av denne WebPage-entiteten eller valgt policyprofil. Eksisterende navn, beskrivelse, relasjoner og verdier dekker den dokumenterte rollen; ingen ekstra entiteter, handlinger, vurderinger eller redaksjonelle opplysninger tilføyes.",false,TypeScript; inventar/feltledger; HTTP og ekstern kodevalidering dokumenteres separat,
shippingReturns.webpage,WebPage.disambiguatingDescription,not_applicable,src/app/(storefront)/frakt-og-retur/page.mdx; src/lib/seo/supportPages.ts; src/lib/seo/JSON-LD/merchantPolicies.ts; src/lib/seo/JSON-LD/buildSupportJsonLd.ts; schema-dts 2.1.0 / installert arv,https://schema.org/WebPage,"Schema.org-semantikk; ikke et særskilt Google-anbefalt felt for denne profilen. Egenskapen beskriver ingen separat del av denne WebPage-entiteten eller valgt policyprofil. Eksisterende navn, beskrivelse, relasjoner og verdier dekker den dokumenterte rollen; ingen ekstra entiteter, handlinger, vurderinger eller redaksjonelle opplysninger tilføyes.",false,TypeScript; inventar/feltledger; HTTP og ekstern kodevalidering dokumenteres separat,
shippingReturns.webpage,WebPage.discussionUrl,not_applicable,src/app/(storefront)/frakt-og-retur/page.mdx; src/lib/seo/supportPages.ts; src/lib/seo/JSON-LD/merchantPolicies.ts; src/lib/seo/JSON-LD/buildSupportJsonLd.ts; schema-dts 2.1.0 / installert arv,https://schema.org/WebPage,"Schema.org-semantikk; ikke et særskilt Google-anbefalt felt for denne profilen. Egenskapen beskriver ingen separat del av denne WebPage-entiteten eller valgt policyprofil. Eksisterende navn, beskrivelse, relasjoner og verdier dekker den dokumenterte rollen; ingen ekstra entiteter, handlinger, vurderinger eller redaksjonelle opplysninger tilføyes.",false,TypeScript; inventar/feltledger; HTTP og ekstern kodevalidering dokumenteres separat,
shippingReturns.webpage,WebPage.displayLocation,not_applicable,src/app/(storefront)/frakt-og-retur/page.mdx; src/lib/seo/supportPages.ts; src/lib/seo/JSON-LD/merchantPolicies.ts; src/lib/seo/JSON-LD/buildSupportJsonLd.ts; schema-dts 2.1.0 / installert arv,https://schema.org/WebPage,"Schema.org-semantikk; ikke et særskilt Google-anbefalt felt for denne profilen. Egenskapen beskriver ingen separat del av denne WebPage-entiteten eller valgt policyprofil. Eksisterende navn, beskrivelse, relasjoner og verdier dekker den dokumenterte rollen; ingen ekstra entiteter, handlinger, vurderinger eller redaksjonelle opplysninger tilføyes.",false,TypeScript; inventar/feltledger; HTTP og ekstern kodevalidering dokumenteres separat,
shippingReturns.webpage,WebPage.editEIDR,not_applicable,src/app/(storefront)/frakt-og-retur/page.mdx; src/lib/seo/supportPages.ts; src/lib/seo/JSON-LD/merchantPolicies.ts; src/lib/seo/JSON-LD/buildSupportJsonLd.ts; schema-dts 2.1.0 / installert arv,https://schema.org/WebPage,"Schema.org-semantikk; ikke et særskilt Google-anbefalt felt for denne profilen. Egenskapen beskriver ingen separat del av denne WebPage-entiteten eller valgt policyprofil. Eksisterende navn, beskrivelse, relasjoner og verdier dekker den dokumenterte rollen; ingen ekstra entiteter, handlinger, vurderinger eller redaksjonelle opplysninger tilføyes.",false,TypeScript; inventar/feltledger; HTTP og ekstern kodevalidering dokumenteres separat,
shippingReturns.webpage,WebPage.editor,not_applicable,src/app/(storefront)/frakt-og-retur/page.mdx; src/lib/seo/supportPages.ts; src/lib/seo/JSON-LD/merchantPolicies.ts; src/lib/seo/JSON-LD/buildSupportJsonLd.ts; schema-dts 2.1.0 / installert arv,https://schema.org/WebPage,"Schema.org-semantikk; ikke et særskilt Google-anbefalt felt for denne profilen. Egenskapen beskriver ingen separat del av denne WebPage-entiteten eller valgt policyprofil. Eksisterende navn, beskrivelse, relasjoner og verdier dekker den dokumenterte rollen; ingen ekstra entiteter, handlinger, vurderinger eller redaksjonelle opplysninger tilføyes.",false,TypeScript; inventar/feltledger; HTTP og ekstern kodevalidering dokumenteres separat,
shippingReturns.webpage,WebPage.educationalAlignment,not_applicable,src/app/(storefront)/frakt-og-retur/page.mdx; src/lib/seo/supportPages.ts; src/lib/seo/JSON-LD/merchantPolicies.ts; src/lib/seo/JSON-LD/buildSupportJsonLd.ts; schema-dts 2.1.0 / installert arv,https://schema.org/WebPage,"Schema.org-semantikk; ikke et særskilt Google-anbefalt felt for denne profilen. Egenskapen beskriver ingen separat del av denne WebPage-entiteten eller valgt policyprofil. Eksisterende navn, beskrivelse, relasjoner og verdier dekker den dokumenterte rollen; ingen ekstra entiteter, handlinger, vurderinger eller redaksjonelle opplysninger tilføyes.",false,TypeScript; inventar/feltledger; HTTP og ekstern kodevalidering dokumenteres separat,
shippingReturns.webpage,WebPage.educationalLevel,not_applicable,src/app/(storefront)/frakt-og-retur/page.mdx; src/lib/seo/supportPages.ts; src/lib/seo/JSON-LD/merchantPolicies.ts; src/lib/seo/JSON-LD/buildSupportJsonLd.ts; schema-dts 2.1.0 / installert arv,https://schema.org/WebPage,"Schema.org-semantikk; ikke et særskilt Google-anbefalt felt for denne profilen. Egenskapen beskriver ingen separat del av denne WebPage-entiteten eller valgt policyprofil. Eksisterende navn, beskrivelse, relasjoner og verdier dekker den dokumenterte rollen; ingen ekstra entiteter, handlinger, vurderinger eller redaksjonelle opplysninger tilføyes.",false,TypeScript; inventar/feltledger; HTTP og ekstern kodevalidering dokumenteres separat,
shippingReturns.webpage,WebPage.educationalUse,not_applicable,src/app/(storefront)/frakt-og-retur/page.mdx; src/lib/seo/supportPages.ts; src/lib/seo/JSON-LD/merchantPolicies.ts; src/lib/seo/JSON-LD/buildSupportJsonLd.ts; schema-dts 2.1.0 / installert arv,https://schema.org/WebPage,"Schema.org-semantikk; ikke et særskilt Google-anbefalt felt for denne profilen. Egenskapen beskriver ingen separat del av denne WebPage-entiteten eller valgt policyprofil. Eksisterende navn, beskrivelse, relasjoner og verdier dekker den dokumenterte rollen; ingen ekstra entiteter, handlinger, vurderinger eller redaksjonelle opplysninger tilføyes.",false,TypeScript; inventar/feltledger; HTTP og ekstern kodevalidering dokumenteres separat,
shippingReturns.webpage,WebPage.encoding,not_applicable,src/app/(storefront)/frakt-og-retur/page.mdx; src/lib/seo/supportPages.ts; src/lib/seo/JSON-LD/merchantPolicies.ts; src/lib/seo/JSON-LD/buildSupportJsonLd.ts; schema-dts 2.1.0 / installert arv,https://schema.org/WebPage,"Schema.org-semantikk; ikke et særskilt Google-anbefalt felt for denne profilen. Egenskapen beskriver ingen separat del av denne WebPage-entiteten eller valgt policyprofil. Eksisterende navn, beskrivelse, relasjoner og verdier dekker den dokumenterte rollen; ingen ekstra entiteter, handlinger, vurderinger eller redaksjonelle opplysninger tilføyes.",false,TypeScript; inventar/feltledger; HTTP og ekstern kodevalidering dokumenteres separat,
shippingReturns.webpage,WebPage.encodingFormat,not_applicable,src/app/(storefront)/frakt-og-retur/page.mdx; src/lib/seo/supportPages.ts; src/lib/seo/JSON-LD/merchantPolicies.ts; src/lib/seo/JSON-LD/buildSupportJsonLd.ts; schema-dts 2.1.0 / installert arv,https://schema.org/WebPage,"Schema.org-semantikk; ikke et særskilt Google-anbefalt felt for denne profilen. Egenskapen beskriver ingen separat del av denne WebPage-entiteten eller valgt policyprofil. Eksisterende navn, beskrivelse, relasjoner og verdier dekker den dokumenterte rollen; ingen ekstra entiteter, handlinger, vurderinger eller redaksjonelle opplysninger tilføyes.",false,TypeScript; inventar/feltledger; HTTP og ekstern kodevalidering dokumenteres separat,
shippingReturns.webpage,WebPage.encodings,not_applicable,src/app/(storefront)/frakt-og-retur/page.mdx; src/lib/seo/supportPages.ts; src/lib/seo/JSON-LD/merchantPolicies.ts; src/lib/seo/JSON-LD/buildSupportJsonLd.ts; schema-dts 2.1.0 / installert arv,https://schema.org/WebPage,"Schema.org-semantikk; ikke et særskilt Google-anbefalt felt for denne profilen. Egenskapen beskriver ingen separat del av denne WebPage-entiteten eller valgt policyprofil. Eksisterende navn, beskrivelse, relasjoner og verdier dekker den dokumenterte rollen; ingen ekstra entiteter, handlinger, vurderinger eller redaksjonelle opplysninger tilføyes.",false,TypeScript; inventar/feltledger; HTTP og ekstern kodevalidering dokumenteres separat,
shippingReturns.webpage,WebPage.exampleOfWork,not_applicable,src/app/(storefront)/frakt-og-retur/page.mdx; src/lib/seo/supportPages.ts; src/lib/seo/JSON-LD/merchantPolicies.ts; src/lib/seo/JSON-LD/buildSupportJsonLd.ts; schema-dts 2.1.0 / installert arv,https://schema.org/WebPage,"Schema.org-semantikk; ikke et særskilt Google-anbefalt felt for denne profilen. Egenskapen beskriver ingen separat del av denne WebPage-entiteten eller valgt policyprofil. Eksisterende navn, beskrivelse, relasjoner og verdier dekker den dokumenterte rollen; ingen ekstra entiteter, handlinger, vurderinger eller redaksjonelle opplysninger tilføyes.",false,TypeScript; inventar/feltledger; HTTP og ekstern kodevalidering dokumenteres separat,
shippingReturns.webpage,WebPage.expires,not_applicable,src/app/(storefront)/frakt-og-retur/page.mdx; src/lib/seo/supportPages.ts; src/lib/seo/JSON-LD/merchantPolicies.ts; src/lib/seo/JSON-LD/buildSupportJsonLd.ts; schema-dts 2.1.0 / installert arv,https://schema.org/WebPage,"Schema.org-semantikk; ikke et særskilt Google-anbefalt felt for denne profilen. Egenskapen beskriver ingen separat del av denne WebPage-entiteten eller valgt policyprofil. Eksisterende navn, beskrivelse, relasjoner og verdier dekker den dokumenterte rollen; ingen ekstra entiteter, handlinger, vurderinger eller redaksjonelle opplysninger tilføyes.",false,TypeScript; inventar/feltledger; HTTP og ekstern kodevalidering dokumenteres separat,
shippingReturns.webpage,WebPage.fileFormat,not_applicable,src/app/(storefront)/frakt-og-retur/page.mdx; src/lib/seo/supportPages.ts; src/lib/seo/JSON-LD/merchantPolicies.ts; src/lib/seo/JSON-LD/buildSupportJsonLd.ts; schema-dts 2.1.0 / installert arv,https://schema.org/WebPage,"Schema.org-semantikk; ikke et særskilt Google-anbefalt felt for denne profilen. Egenskapen beskriver ingen separat del av denne WebPage-entiteten eller valgt policyprofil. Eksisterende navn, beskrivelse, relasjoner og verdier dekker den dokumenterte rollen; ingen ekstra entiteter, handlinger, vurderinger eller redaksjonelle opplysninger tilføyes.",false,TypeScript; inventar/feltledger; HTTP og ekstern kodevalidering dokumenteres separat,
shippingReturns.webpage,WebPage.funder,not_applicable,src/app/(storefront)/frakt-og-retur/page.mdx; src/lib/seo/supportPages.ts; src/lib/seo/JSON-LD/merchantPolicies.ts; src/lib/seo/JSON-LD/buildSupportJsonLd.ts; schema-dts 2.1.0 / installert arv,https://schema.org/WebPage,"Schema.org-semantikk; ikke et særskilt Google-anbefalt felt for denne profilen. Egenskapen beskriver ingen separat del av denne WebPage-entiteten eller valgt policyprofil. Eksisterende navn, beskrivelse, relasjoner og verdier dekker den dokumenterte rollen; ingen ekstra entiteter, handlinger, vurderinger eller redaksjonelle opplysninger tilføyes.",false,TypeScript; inventar/feltledger; HTTP og ekstern kodevalidering dokumenteres separat,
shippingReturns.webpage,WebPage.funding,not_applicable,src/app/(storefront)/frakt-og-retur/page.mdx; src/lib/seo/supportPages.ts; src/lib/seo/JSON-LD/merchantPolicies.ts; src/lib/seo/JSON-LD/buildSupportJsonLd.ts; schema-dts 2.1.0 / installert arv,https://schema.org/WebPage,"Schema.org-semantikk; ikke et særskilt Google-anbefalt felt for denne profilen. Egenskapen beskriver ingen separat del av denne WebPage-entiteten eller valgt policyprofil. Eksisterende navn, beskrivelse, relasjoner og verdier dekker den dokumenterte rollen; ingen ekstra entiteter, handlinger, vurderinger eller redaksjonelle opplysninger tilføyes.",false,TypeScript; inventar/feltledger; HTTP og ekstern kodevalidering dokumenteres separat,
shippingReturns.webpage,WebPage.genre,not_applicable,src/app/(storefront)/frakt-og-retur/page.mdx; src/lib/seo/supportPages.ts; src/lib/seo/JSON-LD/merchantPolicies.ts; src/lib/seo/JSON-LD/buildSupportJsonLd.ts; schema-dts 2.1.0 / installert arv,https://schema.org/WebPage,"Schema.org-semantikk; ikke et særskilt Google-anbefalt felt for denne profilen. Egenskapen beskriver ingen separat del av denne WebPage-entiteten eller valgt policyprofil. Eksisterende navn, beskrivelse, relasjoner og verdier dekker den dokumenterte rollen; ingen ekstra entiteter, handlinger, vurderinger eller redaksjonelle opplysninger tilføyes.",false,TypeScript; inventar/feltledger; HTTP og ekstern kodevalidering dokumenteres separat,
shippingReturns.webpage,WebPage.hasPart,not_applicable,src/app/(storefront)/frakt-og-retur/page.mdx; src/lib/seo/supportPages.ts; src/lib/seo/JSON-LD/merchantPolicies.ts; src/lib/seo/JSON-LD/buildSupportJsonLd.ts; schema-dts 2.1.0 / installert arv,https://schema.org/WebPage,"Schema.org-semantikk; ikke et særskilt Google-anbefalt felt for denne profilen. Egenskapen beskriver ingen separat del av denne WebPage-entiteten eller valgt policyprofil. Eksisterende navn, beskrivelse, relasjoner og verdier dekker den dokumenterte rollen; ingen ekstra entiteter, handlinger, vurderinger eller redaksjonelle opplysninger tilføyes.",false,TypeScript; inventar/feltledger; HTTP og ekstern kodevalidering dokumenteres separat,
shippingReturns.webpage,WebPage.headline,not_applicable,src/app/(storefront)/frakt-og-retur/page.mdx; src/lib/seo/supportPages.ts; src/lib/seo/JSON-LD/merchantPolicies.ts; src/lib/seo/JSON-LD/buildSupportJsonLd.ts; schema-dts 2.1.0 / installert arv,https://schema.org/WebPage,"Schema.org-semantikk; ikke et særskilt Google-anbefalt felt for denne profilen. Egenskapen beskriver ingen separat del av denne WebPage-entiteten eller valgt policyprofil. Eksisterende navn, beskrivelse, relasjoner og verdier dekker den dokumenterte rollen; ingen ekstra entiteter, handlinger, vurderinger eller redaksjonelle opplysninger tilføyes.",false,TypeScript; inventar/feltledger; HTTP og ekstern kodevalidering dokumenteres separat,
shippingReturns.webpage,WebPage.identifier,not_applicable,src/app/(storefront)/frakt-og-retur/page.mdx; src/lib/seo/supportPages.ts; src/lib/seo/JSON-LD/merchantPolicies.ts; src/lib/seo/JSON-LD/buildSupportJsonLd.ts; schema-dts 2.1.0 / installert arv,https://schema.org/WebPage,"Schema.org-semantikk; ikke et særskilt Google-anbefalt felt for denne profilen. Egenskapen beskriver ingen separat del av denne WebPage-entiteten eller valgt policyprofil. Eksisterende navn, beskrivelse, relasjoner og verdier dekker den dokumenterte rollen; ingen ekstra entiteter, handlinger, vurderinger eller redaksjonelle opplysninger tilføyes.",false,TypeScript; inventar/feltledger; HTTP og ekstern kodevalidering dokumenteres separat,
shippingReturns.webpage,WebPage.image,missing_evidence,src/app/(storefront)/frakt-og-retur/page.mdx; src/lib/seo/supportPages.ts; src/lib/seo/JSON-LD/merchantPolicies.ts; src/lib/seo/JSON-LD/buildSupportJsonLd.ts; schema-dts 2.1.0 / installert arv,https://schema.org/WebPage,Schema.org-semantikk; ikke et særskilt Google-anbefalt felt for denne profilen. Ingen representativ innholdsillustrasjon i policyteksten; OG-kortet brukes ikke som innholdsbilde.,false,TypeScript; inventar/feltledger; HTTP og ekstern kodevalidering dokumenteres separat,Innhent dokumentasjon før utvidelse
shippingReturns.webpage,WebPage.inLanguage,emitted,src/app/(storefront)/frakt-og-retur/page.mdx; src/lib/seo/supportPages.ts; src/lib/seo/JSON-LD/merchantPolicies.ts; src/lib/seo/JSON-LD/buildSupportJsonLd.ts; schema-dts 2.1.0 / installert arv,https://schema.org/WebPage,"Schema.org-semantikk; ikke et særskilt Google-anbefalt felt for denne profilen. Verdi fra synlig policy eller verifisert felles identitets-/grafkontrakt. ""nb-NO""",false,TypeScript; inventar/feltledger; HTTP og ekstern kodevalidering dokumenteres separat,
shippingReturns.webpage,WebPage.interactionStatistic,not_applicable,src/app/(storefront)/frakt-og-retur/page.mdx; src/lib/seo/supportPages.ts; src/lib/seo/JSON-LD/merchantPolicies.ts; src/lib/seo/JSON-LD/buildSupportJsonLd.ts; schema-dts 2.1.0 / installert arv,https://schema.org/WebPage,"Schema.org-semantikk; ikke et særskilt Google-anbefalt felt for denne profilen. Egenskapen beskriver ingen separat del av denne WebPage-entiteten eller valgt policyprofil. Eksisterende navn, beskrivelse, relasjoner og verdier dekker den dokumenterte rollen; ingen ekstra entiteter, handlinger, vurderinger eller redaksjonelle opplysninger tilføyes.",false,TypeScript; inventar/feltledger; HTTP og ekstern kodevalidering dokumenteres separat,
shippingReturns.webpage,WebPage.interactivityType,not_applicable,src/app/(storefront)/frakt-og-retur/page.mdx; src/lib/seo/supportPages.ts; src/lib/seo/JSON-LD/merchantPolicies.ts; src/lib/seo/JSON-LD/buildSupportJsonLd.ts; schema-dts 2.1.0 / installert arv,https://schema.org/WebPage,"Schema.org-semantikk; ikke et særskilt Google-anbefalt felt for denne profilen. Egenskapen beskriver ingen separat del av denne WebPage-entiteten eller valgt policyprofil. Eksisterende navn, beskrivelse, relasjoner og verdier dekker den dokumenterte rollen; ingen ekstra entiteter, handlinger, vurderinger eller redaksjonelle opplysninger tilføyes.",false,TypeScript; inventar/feltledger; HTTP og ekstern kodevalidering dokumenteres separat,
shippingReturns.webpage,WebPage.interpretedAsClaim,not_applicable,src/app/(storefront)/frakt-og-retur/page.mdx; src/lib/seo/supportPages.ts; src/lib/seo/JSON-LD/merchantPolicies.ts; src/lib/seo/JSON-LD/buildSupportJsonLd.ts; schema-dts 2.1.0 / installert arv,https://schema.org/WebPage,"Schema.org-semantikk; ikke et særskilt Google-anbefalt felt for denne profilen. Egenskapen beskriver ingen separat del av denne WebPage-entiteten eller valgt policyprofil. Eksisterende navn, beskrivelse, relasjoner og verdier dekker den dokumenterte rollen; ingen ekstra entiteter, handlinger, vurderinger eller redaksjonelle opplysninger tilføyes.",false,TypeScript; inventar/feltledger; HTTP og ekstern kodevalidering dokumenteres separat,
shippingReturns.webpage,WebPage.isAccessibleForFree,not_applicable,src/app/(storefront)/frakt-og-retur/page.mdx; src/lib/seo/supportPages.ts; src/lib/seo/JSON-LD/merchantPolicies.ts; src/lib/seo/JSON-LD/buildSupportJsonLd.ts; schema-dts 2.1.0 / installert arv,https://schema.org/WebPage,"Schema.org-semantikk; ikke et særskilt Google-anbefalt felt for denne profilen. Egenskapen beskriver ingen separat del av denne WebPage-entiteten eller valgt policyprofil. Eksisterende navn, beskrivelse, relasjoner og verdier dekker den dokumenterte rollen; ingen ekstra entiteter, handlinger, vurderinger eller redaksjonelle opplysninger tilføyes.",false,TypeScript; inventar/feltledger; HTTP og ekstern kodevalidering dokumenteres separat,
shippingReturns.webpage,WebPage.isBasedOn,not_applicable,src/app/(storefront)/frakt-og-retur/page.mdx; src/lib/seo/supportPages.ts; src/lib/seo/JSON-LD/merchantPolicies.ts; src/lib/seo/JSON-LD/buildSupportJsonLd.ts; schema-dts 2.1.0 / installert arv,https://schema.org/WebPage,"Schema.org-semantikk; ikke et særskilt Google-anbefalt felt for denne profilen. Egenskapen beskriver ingen separat del av denne WebPage-entiteten eller valgt policyprofil. Eksisterende navn, beskrivelse, relasjoner og verdier dekker den dokumenterte rollen; ingen ekstra entiteter, handlinger, vurderinger eller redaksjonelle opplysninger tilføyes.",false,TypeScript; inventar/feltledger; HTTP og ekstern kodevalidering dokumenteres separat,
shippingReturns.webpage,WebPage.isBasedOnUrl,not_applicable,src/app/(storefront)/frakt-og-retur/page.mdx; src/lib/seo/supportPages.ts; src/lib/seo/JSON-LD/merchantPolicies.ts; src/lib/seo/JSON-LD/buildSupportJsonLd.ts; schema-dts 2.1.0 / installert arv,https://schema.org/WebPage,"Schema.org-semantikk; ikke et særskilt Google-anbefalt felt for denne profilen. Egenskapen beskriver ingen separat del av denne WebPage-entiteten eller valgt policyprofil. Eksisterende navn, beskrivelse, relasjoner og verdier dekker den dokumenterte rollen; ingen ekstra entiteter, handlinger, vurderinger eller redaksjonelle opplysninger tilføyes.",false,TypeScript; inventar/feltledger; HTTP og ekstern kodevalidering dokumenteres separat,
shippingReturns.webpage,WebPage.isFamilyFriendly,not_applicable,src/app/(storefront)/frakt-og-retur/page.mdx; src/lib/seo/supportPages.ts; src/lib/seo/JSON-LD/merchantPolicies.ts; src/lib/seo/JSON-LD/buildSupportJsonLd.ts; schema-dts 2.1.0 / installert arv,https://schema.org/WebPage,"Schema.org-semantikk; ikke et særskilt Google-anbefalt felt for denne profilen. Egenskapen beskriver ingen separat del av denne WebPage-entiteten eller valgt policyprofil. Eksisterende navn, beskrivelse, relasjoner og verdier dekker den dokumenterte rollen; ingen ekstra entiteter, handlinger, vurderinger eller redaksjonelle opplysninger tilføyes.",false,TypeScript; inventar/feltledger; HTTP og ekstern kodevalidering dokumenteres separat,
shippingReturns.webpage,WebPage.isPartOf,emitted,src/app/(storefront)/frakt-og-retur/page.mdx; src/lib/seo/supportPages.ts; src/lib/seo/JSON-LD/merchantPolicies.ts; src/lib/seo/JSON-LD/buildSupportJsonLd.ts; schema-dts 2.1.0 / installert arv,https://schema.org/WebPage,"Schema.org-semantikk; ikke et særskilt Google-anbefalt felt for denne profilen. Verdi fra synlig policy eller verifisert felles identitets-/grafkontrakt. {""@id"":""https://utekos.no/#website""}",false,TypeScript; inventar/feltledger; HTTP og ekstern kodevalidering dokumenteres separat,
shippingReturns.webpage,WebPage.keywords,not_applicable,src/app/(storefront)/frakt-og-retur/page.mdx; src/lib/seo/supportPages.ts; src/lib/seo/JSON-LD/merchantPolicies.ts; src/lib/seo/JSON-LD/buildSupportJsonLd.ts; schema-dts 2.1.0 / installert arv,https://schema.org/WebPage,"Schema.org-semantikk; ikke et særskilt Google-anbefalt felt for denne profilen. Egenskapen beskriver ingen separat del av denne WebPage-entiteten eller valgt policyprofil. Eksisterende navn, beskrivelse, relasjoner og verdier dekker den dokumenterte rollen; ingen ekstra entiteter, handlinger, vurderinger eller redaksjonelle opplysninger tilføyes.",false,TypeScript; inventar/feltledger; HTTP og ekstern kodevalidering dokumenteres separat,
shippingReturns.webpage,WebPage.lastReviewed,missing_evidence,src/app/(storefront)/frakt-og-retur/page.mdx; src/lib/seo/supportPages.ts; src/lib/seo/JSON-LD/merchantPolicies.ts; src/lib/seo/JSON-LD/buildSupportJsonLd.ts; schema-dts 2.1.0 / installert arv,https://schema.org/WebPage,Schema.org-semantikk; ikke et særskilt Google-anbefalt felt for denne profilen. Oppdatert-dato dokumenterer ikke en egen faglig gjennomgang.,false,TypeScript; inventar/feltledger; HTTP og ekstern kodevalidering dokumenteres separat,Innhent dokumentasjon før utvidelse
shippingReturns.webpage,WebPage.learningResourceType,not_applicable,src/app/(storefront)/frakt-og-retur/page.mdx; src/lib/seo/supportPages.ts; src/lib/seo/JSON-LD/merchantPolicies.ts; src/lib/seo/JSON-LD/buildSupportJsonLd.ts; schema-dts 2.1.0 / installert arv,https://schema.org/WebPage,"Schema.org-semantikk; ikke et særskilt Google-anbefalt felt for denne profilen. Egenskapen beskriver ingen separat del av denne WebPage-entiteten eller valgt policyprofil. Eksisterende navn, beskrivelse, relasjoner og verdier dekker den dokumenterte rollen; ingen ekstra entiteter, handlinger, vurderinger eller redaksjonelle opplysninger tilføyes.",false,TypeScript; inventar/feltledger; HTTP og ekstern kodevalidering dokumenteres separat,
shippingReturns.webpage,WebPage.license,not_applicable,src/app/(storefront)/frakt-og-retur/page.mdx; src/lib/seo/supportPages.ts; src/lib/seo/JSON-LD/merchantPolicies.ts; src/lib/seo/JSON-LD/buildSupportJsonLd.ts; schema-dts 2.1.0 / installert arv,https://schema.org/WebPage,"Schema.org-semantikk; ikke et særskilt Google-anbefalt felt for denne profilen. Egenskapen beskriver ingen separat del av denne WebPage-entiteten eller valgt policyprofil. Eksisterende navn, beskrivelse, relasjoner og verdier dekker den dokumenterte rollen; ingen ekstra entiteter, handlinger, vurderinger eller redaksjonelle opplysninger tilføyes.",false,TypeScript; inventar/feltledger; HTTP og ekstern kodevalidering dokumenteres separat,
shippingReturns.webpage,WebPage.locationCreated,not_applicable,src/app/(storefront)/frakt-og-retur/page.mdx; src/lib/seo/supportPages.ts; src/lib/seo/JSON-LD/merchantPolicies.ts; src/lib/seo/JSON-LD/buildSupportJsonLd.ts; schema-dts 2.1.0 / installert arv,https://schema.org/WebPage,"Schema.org-semantikk; ikke et særskilt Google-anbefalt felt for denne profilen. Egenskapen beskriver ingen separat del av denne WebPage-entiteten eller valgt policyprofil. Eksisterende navn, beskrivelse, relasjoner og verdier dekker den dokumenterte rollen; ingen ekstra entiteter, handlinger, vurderinger eller redaksjonelle opplysninger tilføyes.",false,TypeScript; inventar/feltledger; HTTP og ekstern kodevalidering dokumenteres separat,
shippingReturns.webpage,WebPage.mainContentOfPage,not_applicable,src/app/(storefront)/frakt-og-retur/page.mdx; src/lib/seo/supportPages.ts; src/lib/seo/JSON-LD/merchantPolicies.ts; src/lib/seo/JSON-LD/buildSupportJsonLd.ts; schema-dts 2.1.0 / installert arv,https://schema.org/WebPage,"Schema.org-semantikk; ikke et særskilt Google-anbefalt felt for denne profilen. Egenskapen beskriver ingen separat del av denne WebPage-entiteten eller valgt policyprofil. Eksisterende navn, beskrivelse, relasjoner og verdier dekker den dokumenterte rollen; ingen ekstra entiteter, handlinger, vurderinger eller redaksjonelle opplysninger tilføyes.",false,TypeScript; inventar/feltledger; HTTP og ekstern kodevalidering dokumenteres separat,
shippingReturns.webpage,WebPage.mainEntity,emitted,src/app/(storefront)/frakt-og-retur/page.mdx; src/lib/seo/supportPages.ts; src/lib/seo/JSON-LD/merchantPolicies.ts; src/lib/seo/JSON-LD/buildSupportJsonLd.ts; schema-dts 2.1.0 / installert arv,https://schema.org/WebPage,"Schema.org-semantikk; ikke et særskilt Google-anbefalt felt for denne profilen. Verdi fra synlig policy eller verifisert felles identitets-/grafkontrakt. [{""@id"":""https://utekos.no/frakt-og-retur#return-policy""},{""@id"":""https://utekos.no/frakt-og-retur#shipping-service""}]",false,TypeScript; inventar/feltledger; HTTP og ekstern kodevalidering dokumenteres separat,
shippingReturns.webpage,WebPage.mainEntityOfPage,not_applicable,src/app/(storefront)/frakt-og-retur/page.mdx; src/lib/seo/supportPages.ts; src/lib/seo/JSON-LD/merchantPolicies.ts; src/lib/seo/JSON-LD/buildSupportJsonLd.ts; schema-dts 2.1.0 / installert arv,https://schema.org/WebPage,"Schema.org-semantikk; ikke et særskilt Google-anbefalt felt for denne profilen. Egenskapen beskriver ingen separat del av denne WebPage-entiteten eller valgt policyprofil. Eksisterende navn, beskrivelse, relasjoner og verdier dekker den dokumenterte rollen; ingen ekstra entiteter, handlinger, vurderinger eller redaksjonelle opplysninger tilføyes.",false,TypeScript; inventar/feltledger; HTTP og ekstern kodevalidering dokumenteres separat,
shippingReturns.webpage,WebPage.maintainer,not_applicable,src/app/(storefront)/frakt-og-retur/page.mdx; src/lib/seo/supportPages.ts; src/lib/seo/JSON-LD/merchantPolicies.ts; src/lib/seo/JSON-LD/buildSupportJsonLd.ts; schema-dts 2.1.0 / installert arv,https://schema.org/WebPage,"Schema.org-semantikk; ikke et særskilt Google-anbefalt felt for denne profilen. Egenskapen beskriver ingen separat del av denne WebPage-entiteten eller valgt policyprofil. Eksisterende navn, beskrivelse, relasjoner og verdier dekker den dokumenterte rollen; ingen ekstra entiteter, handlinger, vurderinger eller redaksjonelle opplysninger tilføyes.",false,TypeScript; inventar/feltledger; HTTP og ekstern kodevalidering dokumenteres separat,
shippingReturns.webpage,WebPage.material,not_applicable,src/app/(storefront)/frakt-og-retur/page.mdx; src/lib/seo/supportPages.ts; src/lib/seo/JSON-LD/merchantPolicies.ts; src/lib/seo/JSON-LD/buildSupportJsonLd.ts; schema-dts 2.1.0 / installert arv,https://schema.org/WebPage,"Schema.org-semantikk; ikke et særskilt Google-anbefalt felt for denne profilen. Egenskapen beskriver ingen separat del av denne WebPage-entiteten eller valgt policyprofil. Eksisterende navn, beskrivelse, relasjoner og verdier dekker den dokumenterte rollen; ingen ekstra entiteter, handlinger, vurderinger eller redaksjonelle opplysninger tilføyes.",false,TypeScript; inventar/feltledger; HTTP og ekstern kodevalidering dokumenteres separat,
shippingReturns.webpage,WebPage.materialExtent,not_applicable,src/app/(storefront)/frakt-og-retur/page.mdx; src/lib/seo/supportPages.ts; src/lib/seo/JSON-LD/merchantPolicies.ts; src/lib/seo/JSON-LD/buildSupportJsonLd.ts; schema-dts 2.1.0 / installert arv,https://schema.org/WebPage,"Schema.org-semantikk; ikke et særskilt Google-anbefalt felt for denne profilen. Egenskapen beskriver ingen separat del av denne WebPage-entiteten eller valgt policyprofil. Eksisterende navn, beskrivelse, relasjoner og verdier dekker den dokumenterte rollen; ingen ekstra entiteter, handlinger, vurderinger eller redaksjonelle opplysninger tilføyes.",false,TypeScript; inventar/feltledger; HTTP og ekstern kodevalidering dokumenteres separat,
shippingReturns.webpage,WebPage.mentions,not_applicable,src/app/(storefront)/frakt-og-retur/page.mdx; src/lib/seo/supportPages.ts; src/lib/seo/JSON-LD/merchantPolicies.ts; src/lib/seo/JSON-LD/buildSupportJsonLd.ts; schema-dts 2.1.0 / installert arv,https://schema.org/WebPage,"Schema.org-semantikk; ikke et særskilt Google-anbefalt felt for denne profilen. Egenskapen beskriver ingen separat del av denne WebPage-entiteten eller valgt policyprofil. Eksisterende navn, beskrivelse, relasjoner og verdier dekker den dokumenterte rollen; ingen ekstra entiteter, handlinger, vurderinger eller redaksjonelle opplysninger tilføyes.",false,TypeScript; inventar/feltledger; HTTP og ekstern kodevalidering dokumenteres separat,
shippingReturns.webpage,WebPage.name,emitted,src/app/(storefront)/frakt-og-retur/page.mdx; src/lib/seo/supportPages.ts; src/lib/seo/JSON-LD/merchantPolicies.ts; src/lib/seo/JSON-LD/buildSupportJsonLd.ts; schema-dts 2.1.0 / installert arv,https://schema.org/WebPage,"Schema.org-semantikk; ikke et særskilt Google-anbefalt felt for denne profilen. Verdi fra synlig policy eller verifisert felles identitets-/grafkontrakt. ""Frakt og retur hos Utekos | Levering og størrelsesbytte""",false,TypeScript; inventar/feltledger; HTTP og ekstern kodevalidering dokumenteres separat,
shippingReturns.webpage,WebPage.offers,not_applicable,src/app/(storefront)/frakt-og-retur/page.mdx; src/lib/seo/supportPages.ts; src/lib/seo/JSON-LD/merchantPolicies.ts; src/lib/seo/JSON-LD/buildSupportJsonLd.ts; schema-dts 2.1.0 / installert arv,https://schema.org/WebPage,"Schema.org-semantikk; ikke et særskilt Google-anbefalt felt for denne profilen. Egenskapen beskriver ingen separat del av denne WebPage-entiteten eller valgt policyprofil. Eksisterende navn, beskrivelse, relasjoner og verdier dekker den dokumenterte rollen; ingen ekstra entiteter, handlinger, vurderinger eller redaksjonelle opplysninger tilføyes.",false,TypeScript; inventar/feltledger; HTTP og ekstern kodevalidering dokumenteres separat,
shippingReturns.webpage,WebPage.owner,not_applicable,src/app/(storefront)/frakt-og-retur/page.mdx; src/lib/seo/supportPages.ts; src/lib/seo/JSON-LD/merchantPolicies.ts; src/lib/seo/JSON-LD/buildSupportJsonLd.ts; schema-dts 2.1.0 / installert arv,https://schema.org/WebPage,"Schema.org-semantikk; ikke et særskilt Google-anbefalt felt for denne profilen. Egenskapen beskriver ingen separat del av denne WebPage-entiteten eller valgt policyprofil. Eksisterende navn, beskrivelse, relasjoner og verdier dekker den dokumenterte rollen; ingen ekstra entiteter, handlinger, vurderinger eller redaksjonelle opplysninger tilføyes.",false,TypeScript; inventar/feltledger; HTTP og ekstern kodevalidering dokumenteres separat,
shippingReturns.webpage,WebPage.pattern,not_applicable,src/app/(storefront)/frakt-og-retur/page.mdx; src/lib/seo/supportPages.ts; src/lib/seo/JSON-LD/merchantPolicies.ts; src/lib/seo/JSON-LD/buildSupportJsonLd.ts; schema-dts 2.1.0 / installert arv,https://schema.org/WebPage,"Schema.org-semantikk; ikke et særskilt Google-anbefalt felt for denne profilen. Egenskapen beskriver ingen separat del av denne WebPage-entiteten eller valgt policyprofil. Eksisterende navn, beskrivelse, relasjoner og verdier dekker den dokumenterte rollen; ingen ekstra entiteter, handlinger, vurderinger eller redaksjonelle opplysninger tilføyes.",false,TypeScript; inventar/feltledger; HTTP og ekstern kodevalidering dokumenteres separat,
shippingReturns.webpage,WebPage.position,not_applicable,src/app/(storefront)/frakt-og-retur/page.mdx; src/lib/seo/supportPages.ts; src/lib/seo/JSON-LD/merchantPolicies.ts; src/lib/seo/JSON-LD/buildSupportJsonLd.ts; schema-dts 2.1.0 / installert arv,https://schema.org/WebPage,"Schema.org-semantikk; ikke et særskilt Google-anbefalt felt for denne profilen. Egenskapen beskriver ingen separat del av denne WebPage-entiteten eller valgt policyprofil. Eksisterende navn, beskrivelse, relasjoner og verdier dekker den dokumenterte rollen; ingen ekstra entiteter, handlinger, vurderinger eller redaksjonelle opplysninger tilføyes.",false,TypeScript; inventar/feltledger; HTTP og ekstern kodevalidering dokumenteres separat,
shippingReturns.webpage,WebPage.potentialAction,not_applicable,src/app/(storefront)/frakt-og-retur/page.mdx; src/lib/seo/supportPages.ts; src/lib/seo/JSON-LD/merchantPolicies.ts; src/lib/seo/JSON-LD/buildSupportJsonLd.ts; schema-dts 2.1.0 / installert arv,https://schema.org/WebPage,"Schema.org-semantikk; ikke et særskilt Google-anbefalt felt for denne profilen. Egenskapen beskriver ingen separat del av denne WebPage-entiteten eller valgt policyprofil. Eksisterende navn, beskrivelse, relasjoner og verdier dekker den dokumenterte rollen; ingen ekstra entiteter, handlinger, vurderinger eller redaksjonelle opplysninger tilføyes.",false,TypeScript; inventar/feltledger; HTTP og ekstern kodevalidering dokumenteres separat,
shippingReturns.webpage,WebPage.primaryImageOfPage,not_applicable,src/app/(storefront)/frakt-og-retur/page.mdx; src/lib/seo/supportPages.ts; src/lib/seo/JSON-LD/merchantPolicies.ts; src/lib/seo/JSON-LD/buildSupportJsonLd.ts; schema-dts 2.1.0 / installert arv,https://schema.org/WebPage,"Schema.org-semantikk; ikke et særskilt Google-anbefalt felt for denne profilen. Egenskapen beskriver ingen separat del av denne WebPage-entiteten eller valgt policyprofil. Eksisterende navn, beskrivelse, relasjoner og verdier dekker den dokumenterte rollen; ingen ekstra entiteter, handlinger, vurderinger eller redaksjonelle opplysninger tilføyes.",false,TypeScript; inventar/feltledger; HTTP og ekstern kodevalidering dokumenteres separat,
shippingReturns.webpage,WebPage.producer,not_applicable,src/app/(storefront)/frakt-og-retur/page.mdx; src/lib/seo/supportPages.ts; src/lib/seo/JSON-LD/merchantPolicies.ts; src/lib/seo/JSON-LD/buildSupportJsonLd.ts; schema-dts 2.1.0 / installert arv,https://schema.org/WebPage,"Schema.org-semantikk; ikke et særskilt Google-anbefalt felt for denne profilen. Egenskapen beskriver ingen separat del av denne WebPage-entiteten eller valgt policyprofil. Eksisterende navn, beskrivelse, relasjoner og verdier dekker den dokumenterte rollen; ingen ekstra entiteter, handlinger, vurderinger eller redaksjonelle opplysninger tilføyes.",false,TypeScript; inventar/feltledger; HTTP og ekstern kodevalidering dokumenteres separat,
shippingReturns.webpage,WebPage.provider,not_applicable,src/app/(storefront)/frakt-og-retur/page.mdx; src/lib/seo/supportPages.ts; src/lib/seo/JSON-LD/merchantPolicies.ts; src/lib/seo/JSON-LD/buildSupportJsonLd.ts; schema-dts 2.1.0 / installert arv,https://schema.org/WebPage,"Schema.org-semantikk; ikke et særskilt Google-anbefalt felt for denne profilen. Egenskapen beskriver ingen separat del av denne WebPage-entiteten eller valgt policyprofil. Eksisterende navn, beskrivelse, relasjoner og verdier dekker den dokumenterte rollen; ingen ekstra entiteter, handlinger, vurderinger eller redaksjonelle opplysninger tilføyes.",false,TypeScript; inventar/feltledger; HTTP og ekstern kodevalidering dokumenteres separat,
shippingReturns.webpage,WebPage.publication,not_applicable,src/app/(storefront)/frakt-og-retur/page.mdx; src/lib/seo/supportPages.ts; src/lib/seo/JSON-LD/merchantPolicies.ts; src/lib/seo/JSON-LD/buildSupportJsonLd.ts; schema-dts 2.1.0 / installert arv,https://schema.org/WebPage,"Schema.org-semantikk; ikke et særskilt Google-anbefalt felt for denne profilen. Egenskapen beskriver ingen separat del av denne WebPage-entiteten eller valgt policyprofil. Eksisterende navn, beskrivelse, relasjoner og verdier dekker den dokumenterte rollen; ingen ekstra entiteter, handlinger, vurderinger eller redaksjonelle opplysninger tilføyes.",false,TypeScript; inventar/feltledger; HTTP og ekstern kodevalidering dokumenteres separat,
shippingReturns.webpage,WebPage.publisher,emitted,src/app/(storefront)/frakt-og-retur/page.mdx; src/lib/seo/supportPages.ts; src/lib/seo/JSON-LD/merchantPolicies.ts; src/lib/seo/JSON-LD/buildSupportJsonLd.ts; schema-dts 2.1.0 / installert arv,https://schema.org/WebPage,"Schema.org-semantikk; ikke et særskilt Google-anbefalt felt for denne profilen. Verdi fra synlig policy eller verifisert felles identitets-/grafkontrakt. {""@id"":""https://utekos.no/#organization""}",false,TypeScript; inventar/feltledger; HTTP og ekstern kodevalidering dokumenteres separat,
shippingReturns.webpage,WebPage.publisherImprint,not_applicable,src/app/(storefront)/frakt-og-retur/page.mdx; src/lib/seo/supportPages.ts; src/lib/seo/JSON-LD/merchantPolicies.ts; src/lib/seo/JSON-LD/buildSupportJsonLd.ts; schema-dts 2.1.0 / installert arv,https://schema.org/WebPage,"Schema.org-semantikk; ikke et særskilt Google-anbefalt felt for denne profilen. Egenskapen beskriver ingen separat del av denne WebPage-entiteten eller valgt policyprofil. Eksisterende navn, beskrivelse, relasjoner og verdier dekker den dokumenterte rollen; ingen ekstra entiteter, handlinger, vurderinger eller redaksjonelle opplysninger tilføyes.",false,TypeScript; inventar/feltledger; HTTP og ekstern kodevalidering dokumenteres separat,
shippingReturns.webpage,WebPage.publishingPrinciples,not_applicable,src/app/(storefront)/frakt-og-retur/page.mdx; src/lib/seo/supportPages.ts; src/lib/seo/JSON-LD/merchantPolicies.ts; src/lib/seo/JSON-LD/buildSupportJsonLd.ts; schema-dts 2.1.0 / installert arv,https://schema.org/WebPage,"Schema.org-semantikk; ikke et særskilt Google-anbefalt felt for denne profilen. Egenskapen beskriver ingen separat del av denne WebPage-entiteten eller valgt policyprofil. Eksisterende navn, beskrivelse, relasjoner og verdier dekker den dokumenterte rollen; ingen ekstra entiteter, handlinger, vurderinger eller redaksjonelle opplysninger tilføyes.",false,TypeScript; inventar/feltledger; HTTP og ekstern kodevalidering dokumenteres separat,
shippingReturns.webpage,WebPage.recordedAt,not_applicable,src/app/(storefront)/frakt-og-retur/page.mdx; src/lib/seo/supportPages.ts; src/lib/seo/JSON-LD/merchantPolicies.ts; src/lib/seo/JSON-LD/buildSupportJsonLd.ts; schema-dts 2.1.0 / installert arv,https://schema.org/WebPage,"Schema.org-semantikk; ikke et særskilt Google-anbefalt felt for denne profilen. Egenskapen beskriver ingen separat del av denne WebPage-entiteten eller valgt policyprofil. Eksisterende navn, beskrivelse, relasjoner og verdier dekker den dokumenterte rollen; ingen ekstra entiteter, handlinger, vurderinger eller redaksjonelle opplysninger tilføyes.",false,TypeScript; inventar/feltledger; HTTP og ekstern kodevalidering dokumenteres separat,
shippingReturns.webpage,WebPage.relatedLink,not_applicable,src/app/(storefront)/frakt-og-retur/page.mdx; src/lib/seo/supportPages.ts; src/lib/seo/JSON-LD/merchantPolicies.ts; src/lib/seo/JSON-LD/buildSupportJsonLd.ts; schema-dts 2.1.0 / installert arv,https://schema.org/WebPage,"Schema.org-semantikk; ikke et særskilt Google-anbefalt felt for denne profilen. Egenskapen beskriver ingen separat del av denne WebPage-entiteten eller valgt policyprofil. Eksisterende navn, beskrivelse, relasjoner og verdier dekker den dokumenterte rollen; ingen ekstra entiteter, handlinger, vurderinger eller redaksjonelle opplysninger tilføyes.",false,TypeScript; inventar/feltledger; HTTP og ekstern kodevalidering dokumenteres separat,
shippingReturns.webpage,WebPage.releasedEvent,not_applicable,src/app/(storefront)/frakt-og-retur/page.mdx; src/lib/seo/supportPages.ts; src/lib/seo/JSON-LD/merchantPolicies.ts; src/lib/seo/JSON-LD/buildSupportJsonLd.ts; schema-dts 2.1.0 / installert arv,https://schema.org/WebPage,"Schema.org-semantikk; ikke et særskilt Google-anbefalt felt for denne profilen. Egenskapen beskriver ingen separat del av denne WebPage-entiteten eller valgt policyprofil. Eksisterende navn, beskrivelse, relasjoner og verdier dekker den dokumenterte rollen; ingen ekstra entiteter, handlinger, vurderinger eller redaksjonelle opplysninger tilføyes.",false,TypeScript; inventar/feltledger; HTTP og ekstern kodevalidering dokumenteres separat,
shippingReturns.webpage,WebPage.review,not_applicable,src/app/(storefront)/frakt-og-retur/page.mdx; src/lib/seo/supportPages.ts; src/lib/seo/JSON-LD/merchantPolicies.ts; src/lib/seo/JSON-LD/buildSupportJsonLd.ts; schema-dts 2.1.0 / installert arv,https://schema.org/WebPage,"Schema.org-semantikk; ikke et særskilt Google-anbefalt felt for denne profilen. Egenskapen beskriver ingen separat del av denne WebPage-entiteten eller valgt policyprofil. Eksisterende navn, beskrivelse, relasjoner og verdier dekker den dokumenterte rollen; ingen ekstra entiteter, handlinger, vurderinger eller redaksjonelle opplysninger tilføyes.",false,TypeScript; inventar/feltledger; HTTP og ekstern kodevalidering dokumenteres separat,
shippingReturns.webpage,WebPage.reviewedBy,not_applicable,src/app/(storefront)/frakt-og-retur/page.mdx; src/lib/seo/supportPages.ts; src/lib/seo/JSON-LD/merchantPolicies.ts; src/lib/seo/JSON-LD/buildSupportJsonLd.ts; schema-dts 2.1.0 / installert arv,https://schema.org/WebPage,"Schema.org-semantikk; ikke et særskilt Google-anbefalt felt for denne profilen. Egenskapen beskriver ingen separat del av denne WebPage-entiteten eller valgt policyprofil. Eksisterende navn, beskrivelse, relasjoner og verdier dekker den dokumenterte rollen; ingen ekstra entiteter, handlinger, vurderinger eller redaksjonelle opplysninger tilføyes.",false,TypeScript; inventar/feltledger; HTTP og ekstern kodevalidering dokumenteres separat,
shippingReturns.webpage,WebPage.reviews,not_applicable,src/app/(storefront)/frakt-og-retur/page.mdx; src/lib/seo/supportPages.ts; src/lib/seo/JSON-LD/merchantPolicies.ts; src/lib/seo/JSON-LD/buildSupportJsonLd.ts; schema-dts 2.1.0 / installert arv,https://schema.org/WebPage,"Schema.org-semantikk; ikke et særskilt Google-anbefalt felt for denne profilen. Egenskapen beskriver ingen separat del av denne WebPage-entiteten eller valgt policyprofil. Eksisterende navn, beskrivelse, relasjoner og verdier dekker den dokumenterte rollen; ingen ekstra entiteter, handlinger, vurderinger eller redaksjonelle opplysninger tilføyes.",false,TypeScript; inventar/feltledger; HTTP og ekstern kodevalidering dokumenteres separat,
shippingReturns.webpage,WebPage.sameAs,not_applicable,src/app/(storefront)/frakt-og-retur/page.mdx; src/lib/seo/supportPages.ts; src/lib/seo/JSON-LD/merchantPolicies.ts; src/lib/seo/JSON-LD/buildSupportJsonLd.ts; schema-dts 2.1.0 / installert arv,https://schema.org/WebPage,"Schema.org-semantikk; ikke et særskilt Google-anbefalt felt for denne profilen. Egenskapen beskriver ingen separat del av denne WebPage-entiteten eller valgt policyprofil. Eksisterende navn, beskrivelse, relasjoner og verdier dekker den dokumenterte rollen; ingen ekstra entiteter, handlinger, vurderinger eller redaksjonelle opplysninger tilføyes.",false,TypeScript; inventar/feltledger; HTTP og ekstern kodevalidering dokumenteres separat,
shippingReturns.webpage,WebPage.schemaVersion,not_applicable,src/app/(storefront)/frakt-og-retur/page.mdx; src/lib/seo/supportPages.ts; src/lib/seo/JSON-LD/merchantPolicies.ts; src/lib/seo/JSON-LD/buildSupportJsonLd.ts; schema-dts 2.1.0 / installert arv,https://schema.org/WebPage,"Schema.org-semantikk; ikke et særskilt Google-anbefalt felt for denne profilen. Egenskapen beskriver ingen separat del av denne WebPage-entiteten eller valgt policyprofil. Eksisterende navn, beskrivelse, relasjoner og verdier dekker den dokumenterte rollen; ingen ekstra entiteter, handlinger, vurderinger eller redaksjonelle opplysninger tilføyes.",false,TypeScript; inventar/feltledger; HTTP og ekstern kodevalidering dokumenteres separat,
shippingReturns.webpage,WebPage.sdDatePublished,not_applicable,src/app/(storefront)/frakt-og-retur/page.mdx; src/lib/seo/supportPages.ts; src/lib/seo/JSON-LD/merchantPolicies.ts; src/lib/seo/JSON-LD/buildSupportJsonLd.ts; schema-dts 2.1.0 / installert arv,https://schema.org/WebPage,"Schema.org-semantikk; ikke et særskilt Google-anbefalt felt for denne profilen. Egenskapen beskriver ingen separat del av denne WebPage-entiteten eller valgt policyprofil. Eksisterende navn, beskrivelse, relasjoner og verdier dekker den dokumenterte rollen; ingen ekstra entiteter, handlinger, vurderinger eller redaksjonelle opplysninger tilføyes.",false,TypeScript; inventar/feltledger; HTTP og ekstern kodevalidering dokumenteres separat,
shippingReturns.webpage,WebPage.sdLicense,not_applicable,src/app/(storefront)/frakt-og-retur/page.mdx; src/lib/seo/supportPages.ts; src/lib/seo/JSON-LD/merchantPolicies.ts; src/lib/seo/JSON-LD/buildSupportJsonLd.ts; schema-dts 2.1.0 / installert arv,https://schema.org/WebPage,"Schema.org-semantikk; ikke et særskilt Google-anbefalt felt for denne profilen. Egenskapen beskriver ingen separat del av denne WebPage-entiteten eller valgt policyprofil. Eksisterende navn, beskrivelse, relasjoner og verdier dekker den dokumenterte rollen; ingen ekstra entiteter, handlinger, vurderinger eller redaksjonelle opplysninger tilføyes.",false,TypeScript; inventar/feltledger; HTTP og ekstern kodevalidering dokumenteres separat,
shippingReturns.webpage,WebPage.sdPublisher,not_applicable,src/app/(storefront)/frakt-og-retur/page.mdx; src/lib/seo/supportPages.ts; src/lib/seo/JSON-LD/merchantPolicies.ts; src/lib/seo/JSON-LD/buildSupportJsonLd.ts; schema-dts 2.1.0 / installert arv,https://schema.org/WebPage,"Schema.org-semantikk; ikke et særskilt Google-anbefalt felt for denne profilen. Egenskapen beskriver ingen separat del av denne WebPage-entiteten eller valgt policyprofil. Eksisterende navn, beskrivelse, relasjoner og verdier dekker den dokumenterte rollen; ingen ekstra entiteter, handlinger, vurderinger eller redaksjonelle opplysninger tilføyes.",false,TypeScript; inventar/feltledger; HTTP og ekstern kodevalidering dokumenteres separat,
shippingReturns.webpage,WebPage.significantLink,not_applicable,src/app/(storefront)/frakt-og-retur/page.mdx; src/lib/seo/supportPages.ts; src/lib/seo/JSON-LD/merchantPolicies.ts; src/lib/seo/JSON-LD/buildSupportJsonLd.ts; schema-dts 2.1.0 / installert arv,https://schema.org/WebPage,"Schema.org-semantikk; ikke et særskilt Google-anbefalt felt for denne profilen. Egenskapen beskriver ingen separat del av denne WebPage-entiteten eller valgt policyprofil. Eksisterende navn, beskrivelse, relasjoner og verdier dekker den dokumenterte rollen; ingen ekstra entiteter, handlinger, vurderinger eller redaksjonelle opplysninger tilføyes.",false,TypeScript; inventar/feltledger; HTTP og ekstern kodevalidering dokumenteres separat,
shippingReturns.webpage,WebPage.significantLinks,not_applicable,src/app/(storefront)/frakt-og-retur/page.mdx; src/lib/seo/supportPages.ts; src/lib/seo/JSON-LD/merchantPolicies.ts; src/lib/seo/JSON-LD/buildSupportJsonLd.ts; schema-dts 2.1.0 / installert arv,https://schema.org/WebPage,"Schema.org-semantikk; ikke et særskilt Google-anbefalt felt for denne profilen. Egenskapen beskriver ingen separat del av denne WebPage-entiteten eller valgt policyprofil. Eksisterende navn, beskrivelse, relasjoner og verdier dekker den dokumenterte rollen; ingen ekstra entiteter, handlinger, vurderinger eller redaksjonelle opplysninger tilføyes.",false,TypeScript; inventar/feltledger; HTTP og ekstern kodevalidering dokumenteres separat,
shippingReturns.webpage,WebPage.size,not_applicable,src/app/(storefront)/frakt-og-retur/page.mdx; src/lib/seo/supportPages.ts; src/lib/seo/JSON-LD/merchantPolicies.ts; src/lib/seo/JSON-LD/buildSupportJsonLd.ts; schema-dts 2.1.0 / installert arv,https://schema.org/WebPage,"Schema.org-semantikk; ikke et særskilt Google-anbefalt felt for denne profilen. Egenskapen beskriver ingen separat del av denne WebPage-entiteten eller valgt policyprofil. Eksisterende navn, beskrivelse, relasjoner og verdier dekker den dokumenterte rollen; ingen ekstra entiteter, handlinger, vurderinger eller redaksjonelle opplysninger tilføyes.",false,TypeScript; inventar/feltledger; HTTP og ekstern kodevalidering dokumenteres separat,
shippingReturns.webpage,WebPage.sourceOrganization,not_applicable,src/app/(storefront)/frakt-og-retur/page.mdx; src/lib/seo/supportPages.ts; src/lib/seo/JSON-LD/merchantPolicies.ts; src/lib/seo/JSON-LD/buildSupportJsonLd.ts; schema-dts 2.1.0 / installert arv,https://schema.org/WebPage,"Schema.org-semantikk; ikke et særskilt Google-anbefalt felt for denne profilen. Egenskapen beskriver ingen separat del av denne WebPage-entiteten eller valgt policyprofil. Eksisterende navn, beskrivelse, relasjoner og verdier dekker den dokumenterte rollen; ingen ekstra entiteter, handlinger, vurderinger eller redaksjonelle opplysninger tilføyes.",false,TypeScript; inventar/feltledger; HTTP og ekstern kodevalidering dokumenteres separat,
shippingReturns.webpage,WebPage.spatial,not_applicable,src/app/(storefront)/frakt-og-retur/page.mdx; src/lib/seo/supportPages.ts; src/lib/seo/JSON-LD/merchantPolicies.ts; src/lib/seo/JSON-LD/buildSupportJsonLd.ts; schema-dts 2.1.0 / installert arv,https://schema.org/WebPage,"Schema.org-semantikk; ikke et særskilt Google-anbefalt felt for denne profilen. Egenskapen beskriver ingen separat del av denne WebPage-entiteten eller valgt policyprofil. Eksisterende navn, beskrivelse, relasjoner og verdier dekker den dokumenterte rollen; ingen ekstra entiteter, handlinger, vurderinger eller redaksjonelle opplysninger tilføyes.",false,TypeScript; inventar/feltledger; HTTP og ekstern kodevalidering dokumenteres separat,
shippingReturns.webpage,WebPage.spatialCoverage,not_applicable,src/app/(storefront)/frakt-og-retur/page.mdx; src/lib/seo/supportPages.ts; src/lib/seo/JSON-LD/merchantPolicies.ts; src/lib/seo/JSON-LD/buildSupportJsonLd.ts; schema-dts 2.1.0 / installert arv,https://schema.org/WebPage,"Schema.org-semantikk; ikke et særskilt Google-anbefalt felt for denne profilen. Egenskapen beskriver ingen separat del av denne WebPage-entiteten eller valgt policyprofil. Eksisterende navn, beskrivelse, relasjoner og verdier dekker den dokumenterte rollen; ingen ekstra entiteter, handlinger, vurderinger eller redaksjonelle opplysninger tilføyes.",false,TypeScript; inventar/feltledger; HTTP og ekstern kodevalidering dokumenteres separat,
shippingReturns.webpage,WebPage.speakable,not_applicable,src/app/(storefront)/frakt-og-retur/page.mdx; src/lib/seo/supportPages.ts; src/lib/seo/JSON-LD/merchantPolicies.ts; src/lib/seo/JSON-LD/buildSupportJsonLd.ts; schema-dts 2.1.0 / installert arv,https://schema.org/WebPage,"Schema.org-semantikk; ikke et særskilt Google-anbefalt felt for denne profilen. Egenskapen beskriver ingen separat del av denne WebPage-entiteten eller valgt policyprofil. Eksisterende navn, beskrivelse, relasjoner og verdier dekker den dokumenterte rollen; ingen ekstra entiteter, handlinger, vurderinger eller redaksjonelle opplysninger tilføyes.",false,TypeScript; inventar/feltledger; HTTP og ekstern kodevalidering dokumenteres separat,
shippingReturns.webpage,WebPage.specialty,not_applicable,src/app/(storefront)/frakt-og-retur/page.mdx; src/lib/seo/supportPages.ts; src/lib/seo/JSON-LD/merchantPolicies.ts; src/lib/seo/JSON-LD/buildSupportJsonLd.ts; schema-dts 2.1.0 / installert arv,https://schema.org/WebPage,"Schema.org-semantikk; ikke et særskilt Google-anbefalt felt for denne profilen. Egenskapen beskriver ingen separat del av denne WebPage-entiteten eller valgt policyprofil. Eksisterende navn, beskrivelse, relasjoner og verdier dekker den dokumenterte rollen; ingen ekstra entiteter, handlinger, vurderinger eller redaksjonelle opplysninger tilføyes.",false,TypeScript; inventar/feltledger; HTTP og ekstern kodevalidering dokumenteres separat,
shippingReturns.webpage,WebPage.sponsor,not_applicable,src/app/(storefront)/frakt-og-retur/page.mdx; src/lib/seo/supportPages.ts; src/lib/seo/JSON-LD/merchantPolicies.ts; src/lib/seo/JSON-LD/buildSupportJsonLd.ts; schema-dts 2.1.0 / installert arv,https://schema.org/WebPage,"Schema.org-semantikk; ikke et særskilt Google-anbefalt felt for denne profilen. Egenskapen beskriver ingen separat del av denne WebPage-entiteten eller valgt policyprofil. Eksisterende navn, beskrivelse, relasjoner og verdier dekker den dokumenterte rollen; ingen ekstra entiteter, handlinger, vurderinger eller redaksjonelle opplysninger tilføyes.",false,TypeScript; inventar/feltledger; HTTP og ekstern kodevalidering dokumenteres separat,
shippingReturns.webpage,WebPage.subjectOf,not_applicable,src/app/(storefront)/frakt-og-retur/page.mdx; src/lib/seo/supportPages.ts; src/lib/seo/JSON-LD/merchantPolicies.ts; src/lib/seo/JSON-LD/buildSupportJsonLd.ts; schema-dts 2.1.0 / installert arv,https://schema.org/WebPage,"Schema.org-semantikk; ikke et særskilt Google-anbefalt felt for denne profilen. Egenskapen beskriver ingen separat del av denne WebPage-entiteten eller valgt policyprofil. Eksisterende navn, beskrivelse, relasjoner og verdier dekker den dokumenterte rollen; ingen ekstra entiteter, handlinger, vurderinger eller redaksjonelle opplysninger tilføyes.",false,TypeScript; inventar/feltledger; HTTP og ekstern kodevalidering dokumenteres separat,
shippingReturns.webpage,WebPage.teaches,not_applicable,src/app/(storefront)/frakt-og-retur/page.mdx; src/lib/seo/supportPages.ts; src/lib/seo/JSON-LD/merchantPolicies.ts; src/lib/seo/JSON-LD/buildSupportJsonLd.ts; schema-dts 2.1.0 / installert arv,https://schema.org/WebPage,"Schema.org-semantikk; ikke et særskilt Google-anbefalt felt for denne profilen. Egenskapen beskriver ingen separat del av denne WebPage-entiteten eller valgt policyprofil. Eksisterende navn, beskrivelse, relasjoner og verdier dekker den dokumenterte rollen; ingen ekstra entiteter, handlinger, vurderinger eller redaksjonelle opplysninger tilføyes.",false,TypeScript; inventar/feltledger; HTTP og ekstern kodevalidering dokumenteres separat,
shippingReturns.webpage,WebPage.temporal,not_applicable,src/app/(storefront)/frakt-og-retur/page.mdx; src/lib/seo/supportPages.ts; src/lib/seo/JSON-LD/merchantPolicies.ts; src/lib/seo/JSON-LD/buildSupportJsonLd.ts; schema-dts 2.1.0 / installert arv,https://schema.org/WebPage,"Schema.org-semantikk; ikke et særskilt Google-anbefalt felt for denne profilen. Egenskapen beskriver ingen separat del av denne WebPage-entiteten eller valgt policyprofil. Eksisterende navn, beskrivelse, relasjoner og verdier dekker den dokumenterte rollen; ingen ekstra entiteter, handlinger, vurderinger eller redaksjonelle opplysninger tilføyes.",false,TypeScript; inventar/feltledger; HTTP og ekstern kodevalidering dokumenteres separat,
shippingReturns.webpage,WebPage.temporalCoverage,not_applicable,src/app/(storefront)/frakt-og-retur/page.mdx; src/lib/seo/supportPages.ts; src/lib/seo/JSON-LD/merchantPolicies.ts; src/lib/seo/JSON-LD/buildSupportJsonLd.ts; schema-dts 2.1.0 / installert arv,https://schema.org/WebPage,"Schema.org-semantikk; ikke et særskilt Google-anbefalt felt for denne profilen. Egenskapen beskriver ingen separat del av denne WebPage-entiteten eller valgt policyprofil. Eksisterende navn, beskrivelse, relasjoner og verdier dekker den dokumenterte rollen; ingen ekstra entiteter, handlinger, vurderinger eller redaksjonelle opplysninger tilføyes.",false,TypeScript; inventar/feltledger; HTTP og ekstern kodevalidering dokumenteres separat,
shippingReturns.webpage,WebPage.text,not_applicable,src/app/(storefront)/frakt-og-retur/page.mdx; src/lib/seo/supportPages.ts; src/lib/seo/JSON-LD/merchantPolicies.ts; src/lib/seo/JSON-LD/buildSupportJsonLd.ts; schema-dts 2.1.0 / installert arv,https://schema.org/WebPage,"Schema.org-semantikk; ikke et særskilt Google-anbefalt felt for denne profilen. Egenskapen beskriver ingen separat del av denne WebPage-entiteten eller valgt policyprofil. Eksisterende navn, beskrivelse, relasjoner og verdier dekker den dokumenterte rollen; ingen ekstra entiteter, handlinger, vurderinger eller redaksjonelle opplysninger tilføyes.",false,TypeScript; inventar/feltledger; HTTP og ekstern kodevalidering dokumenteres separat,
shippingReturns.webpage,WebPage.thumbnail,not_applicable,src/app/(storefront)/frakt-og-retur/page.mdx; src/lib/seo/supportPages.ts; src/lib/seo/JSON-LD/merchantPolicies.ts; src/lib/seo/JSON-LD/buildSupportJsonLd.ts; schema-dts 2.1.0 / installert arv,https://schema.org/WebPage,"Schema.org-semantikk; ikke et særskilt Google-anbefalt felt for denne profilen. Egenskapen beskriver ingen separat del av denne WebPage-entiteten eller valgt policyprofil. Eksisterende navn, beskrivelse, relasjoner og verdier dekker den dokumenterte rollen; ingen ekstra entiteter, handlinger, vurderinger eller redaksjonelle opplysninger tilføyes.",false,TypeScript; inventar/feltledger; HTTP og ekstern kodevalidering dokumenteres separat,
shippingReturns.webpage,WebPage.thumbnailUrl,not_applicable,src/app/(storefront)/frakt-og-retur/page.mdx; src/lib/seo/supportPages.ts; src/lib/seo/JSON-LD/merchantPolicies.ts; src/lib/seo/JSON-LD/buildSupportJsonLd.ts; schema-dts 2.1.0 / installert arv,https://schema.org/WebPage,"Schema.org-semantikk; ikke et særskilt Google-anbefalt felt for denne profilen. Egenskapen beskriver ingen separat del av denne WebPage-entiteten eller valgt policyprofil. Eksisterende navn, beskrivelse, relasjoner og verdier dekker den dokumenterte rollen; ingen ekstra entiteter, handlinger, vurderinger eller redaksjonelle opplysninger tilføyes.",false,TypeScript; inventar/feltledger; HTTP og ekstern kodevalidering dokumenteres separat,
shippingReturns.webpage,WebPage.timeRequired,not_applicable,src/app/(storefront)/frakt-og-retur/page.mdx; src/lib/seo/supportPages.ts; src/lib/seo/JSON-LD/merchantPolicies.ts; src/lib/seo/JSON-LD/buildSupportJsonLd.ts; schema-dts 2.1.0 / installert arv,https://schema.org/WebPage,"Schema.org-semantikk; ikke et særskilt Google-anbefalt felt for denne profilen. Egenskapen beskriver ingen separat del av denne WebPage-entiteten eller valgt policyprofil. Eksisterende navn, beskrivelse, relasjoner og verdier dekker den dokumenterte rollen; ingen ekstra entiteter, handlinger, vurderinger eller redaksjonelle opplysninger tilføyes.",false,TypeScript; inventar/feltledger; HTTP og ekstern kodevalidering dokumenteres separat,
shippingReturns.webpage,WebPage.translationOfWork,not_applicable,src/app/(storefront)/frakt-og-retur/page.mdx; src/lib/seo/supportPages.ts; src/lib/seo/JSON-LD/merchantPolicies.ts; src/lib/seo/JSON-LD/buildSupportJsonLd.ts; schema-dts 2.1.0 / installert arv,https://schema.org/WebPage,"Schema.org-semantikk; ikke et særskilt Google-anbefalt felt for denne profilen. Egenskapen beskriver ingen separat del av denne WebPage-entiteten eller valgt policyprofil. Eksisterende navn, beskrivelse, relasjoner og verdier dekker den dokumenterte rollen; ingen ekstra entiteter, handlinger, vurderinger eller redaksjonelle opplysninger tilføyes.",false,TypeScript; inventar/feltledger; HTTP og ekstern kodevalidering dokumenteres separat,
shippingReturns.webpage,WebPage.translator,not_applicable,src/app/(storefront)/frakt-og-retur/page.mdx; src/lib/seo/supportPages.ts; src/lib/seo/JSON-LD/merchantPolicies.ts; src/lib/seo/JSON-LD/buildSupportJsonLd.ts; schema-dts 2.1.0 / installert arv,https://schema.org/WebPage,"Schema.org-semantikk; ikke et særskilt Google-anbefalt felt for denne profilen. Egenskapen beskriver ingen separat del av denne WebPage-entiteten eller valgt policyprofil. Eksisterende navn, beskrivelse, relasjoner og verdier dekker den dokumenterte rollen; ingen ekstra entiteter, handlinger, vurderinger eller redaksjonelle opplysninger tilføyes.",false,TypeScript; inventar/feltledger; HTTP og ekstern kodevalidering dokumenteres separat,
shippingReturns.webpage,WebPage.typicalAgeRange,not_applicable,src/app/(storefront)/frakt-og-retur/page.mdx; src/lib/seo/supportPages.ts; src/lib/seo/JSON-LD/merchantPolicies.ts; src/lib/seo/JSON-LD/buildSupportJsonLd.ts; schema-dts 2.1.0 / installert arv,https://schema.org/WebPage,"Schema.org-semantikk; ikke et særskilt Google-anbefalt felt for denne profilen. Egenskapen beskriver ingen separat del av denne WebPage-entiteten eller valgt policyprofil. Eksisterende navn, beskrivelse, relasjoner og verdier dekker den dokumenterte rollen; ingen ekstra entiteter, handlinger, vurderinger eller redaksjonelle opplysninger tilføyes.",false,TypeScript; inventar/feltledger; HTTP og ekstern kodevalidering dokumenteres separat,
shippingReturns.webpage,WebPage.url,emitted,src/app/(storefront)/frakt-og-retur/page.mdx; src/lib/seo/supportPages.ts; src/lib/seo/JSON-LD/merchantPolicies.ts; src/lib/seo/JSON-LD/buildSupportJsonLd.ts; schema-dts 2.1.0 / installert arv,https://schema.org/WebPage,"Schema.org-semantikk; ikke et særskilt Google-anbefalt felt for denne profilen. Verdi fra synlig policy eller verifisert felles identitets-/grafkontrakt. ""https://utekos.no/frakt-og-retur""",false,TypeScript; inventar/feltledger; HTTP og ekstern kodevalidering dokumenteres separat,
shippingReturns.webpage,WebPage.usageInfo,not_applicable,src/app/(storefront)/frakt-og-retur/page.mdx; src/lib/seo/supportPages.ts; src/lib/seo/JSON-LD/merchantPolicies.ts; src/lib/seo/JSON-LD/buildSupportJsonLd.ts; schema-dts 2.1.0 / installert arv,https://schema.org/WebPage,"Schema.org-semantikk; ikke et særskilt Google-anbefalt felt for denne profilen. Egenskapen beskriver ingen separat del av denne WebPage-entiteten eller valgt policyprofil. Eksisterende navn, beskrivelse, relasjoner og verdier dekker den dokumenterte rollen; ingen ekstra entiteter, handlinger, vurderinger eller redaksjonelle opplysninger tilføyes.",false,TypeScript; inventar/feltledger; HTTP og ekstern kodevalidering dokumenteres separat,
shippingReturns.webpage,WebPage.version,not_applicable,src/app/(storefront)/frakt-og-retur/page.mdx; src/lib/seo/supportPages.ts; src/lib/seo/JSON-LD/merchantPolicies.ts; src/lib/seo/JSON-LD/buildSupportJsonLd.ts; schema-dts 2.1.0 / installert arv,https://schema.org/WebPage,"Schema.org-semantikk; ikke et særskilt Google-anbefalt felt for denne profilen. Egenskapen beskriver ingen separat del av denne WebPage-entiteten eller valgt policyprofil. Eksisterende navn, beskrivelse, relasjoner og verdier dekker den dokumenterte rollen; ingen ekstra entiteter, handlinger, vurderinger eller redaksjonelle opplysninger tilføyes.",false,TypeScript; inventar/feltledger; HTTP og ekstern kodevalidering dokumenteres separat,
shippingReturns.webpage,WebPage.video,not_applicable,src/app/(storefront)/frakt-og-retur/page.mdx; src/lib/seo/supportPages.ts; src/lib/seo/JSON-LD/merchantPolicies.ts; src/lib/seo/JSON-LD/buildSupportJsonLd.ts; schema-dts 2.1.0 / installert arv,https://schema.org/WebPage,"Schema.org-semantikk; ikke et særskilt Google-anbefalt felt for denne profilen. Egenskapen beskriver ingen separat del av denne WebPage-entiteten eller valgt policyprofil. Eksisterende navn, beskrivelse, relasjoner og verdier dekker den dokumenterte rollen; ingen ekstra entiteter, handlinger, vurderinger eller redaksjonelle opplysninger tilføyes.",false,TypeScript; inventar/feltledger; HTTP og ekstern kodevalidering dokumenteres separat,
shippingReturns.webpage,WebPage.wordCount,not_applicable,src/app/(storefront)/frakt-og-retur/page.mdx; src/lib/seo/supportPages.ts; src/lib/seo/JSON-LD/merchantPolicies.ts; src/lib/seo/JSON-LD/buildSupportJsonLd.ts; schema-dts 2.1.0 / installert arv,https://schema.org/WebPage,"Schema.org-semantikk; ikke et særskilt Google-anbefalt felt for denne profilen. Egenskapen beskriver ingen separat del av denne WebPage-entiteten eller valgt policyprofil. Eksisterende navn, beskrivelse, relasjoner og verdier dekker den dokumenterte rollen; ingen ekstra entiteter, handlinger, vurderinger eller redaksjonelle opplysninger tilføyes.",false,TypeScript; inventar/feltledger; HTTP og ekstern kodevalidering dokumenteres separat,
shippingReturns.webpage,WebPage.workExample,not_applicable,src/app/(storefront)/frakt-og-retur/page.mdx; src/lib/seo/supportPages.ts; src/lib/seo/JSON-LD/merchantPolicies.ts; src/lib/seo/JSON-LD/buildSupportJsonLd.ts; schema-dts 2.1.0 / installert arv,https://schema.org/WebPage,"Schema.org-semantikk; ikke et særskilt Google-anbefalt felt for denne profilen. Egenskapen beskriver ingen separat del av denne WebPage-entiteten eller valgt policyprofil. Eksisterende navn, beskrivelse, relasjoner og verdier dekker den dokumenterte rollen; ingen ekstra entiteter, handlinger, vurderinger eller redaksjonelle opplysninger tilføyes.",false,TypeScript; inventar/feltledger; HTTP og ekstern kodevalidering dokumenteres separat,
shippingReturns.webpage,WebPage.workTranslation,not_applicable,src/app/(storefront)/frakt-og-retur/page.mdx; src/lib/seo/supportPages.ts; src/lib/seo/JSON-LD/merchantPolicies.ts; src/lib/seo/JSON-LD/buildSupportJsonLd.ts; schema-dts 2.1.0 / installert arv,https://schema.org/WebPage,"Schema.org-semantikk; ikke et særskilt Google-anbefalt felt for denne profilen. Egenskapen beskriver ingen separat del av denne WebPage-entiteten eller valgt policyprofil. Eksisterende navn, beskrivelse, relasjoner og verdier dekker den dokumenterte rollen; ingen ekstra entiteter, handlinger, vurderinger eller redaksjonelle opplysninger tilføyes.",false,TypeScript; inventar/feltledger; HTTP og ekstern kodevalidering dokumenteres separat,
shippingReturns.breadcrumb,BreadcrumbList.@id,emitted,src/app/(storefront)/frakt-og-retur/page.mdx; src/lib/seo/supportPages.ts; src/lib/seo/JSON-LD/merchantPolicies.ts; src/lib/seo/JSON-LD/buildSupportJsonLd.ts; schema-dts 2.1.0 / installert arv,https://schema.org/BreadcrumbList,"Schema.org-semantikk; ikke et særskilt Google-anbefalt felt for denne profilen. Verdi fra synlig policy eller verifisert felles identitets-/grafkontrakt. ""https://utekos.no/frakt-og-retur#breadcrumb""",false,TypeScript; inventar/feltledger; HTTP og ekstern kodevalidering dokumenteres separat,
shippingReturns.breadcrumb,BreadcrumbList.@type,emitted,src/app/(storefront)/frakt-og-retur/page.mdx; src/lib/seo/supportPages.ts; src/lib/seo/JSON-LD/merchantPolicies.ts; src/lib/seo/JSON-LD/buildSupportJsonLd.ts; schema-dts 2.1.0 / installert arv,https://schema.org/BreadcrumbList,"Schema.org-semantikk; ikke et særskilt Google-anbefalt felt for denne profilen. Verdi fra synlig policy eller verifisert felles identitets-/grafkontrakt. ""BreadcrumbList""",false,TypeScript; inventar/feltledger; HTTP og ekstern kodevalidering dokumenteres separat,
shippingReturns.breadcrumb,BreadcrumbList.additionalType,not_applicable,src/app/(storefront)/frakt-og-retur/page.mdx; src/lib/seo/supportPages.ts; src/lib/seo/JSON-LD/merchantPolicies.ts; src/lib/seo/JSON-LD/buildSupportJsonLd.ts; schema-dts 2.1.0 / installert arv,https://schema.org/BreadcrumbList,"Schema.org-semantikk; ikke et særskilt Google-anbefalt felt for denne profilen. Egenskapen beskriver ingen separat del av denne BreadcrumbList-entiteten eller valgt policyprofil. Eksisterende navn, beskrivelse, relasjoner og verdier dekker den dokumenterte rollen; ingen ekstra entiteter, handlinger, vurderinger eller redaksjonelle opplysninger tilføyes.",false,TypeScript; inventar/feltledger; HTTP og ekstern kodevalidering dokumenteres separat,
shippingReturns.breadcrumb,BreadcrumbList.aggregateElement,not_applicable,src/app/(storefront)/frakt-og-retur/page.mdx; src/lib/seo/supportPages.ts; src/lib/seo/JSON-LD/merchantPolicies.ts; src/lib/seo/JSON-LD/buildSupportJsonLd.ts; schema-dts 2.1.0 / installert arv,https://schema.org/BreadcrumbList,"Schema.org-semantikk; ikke et særskilt Google-anbefalt felt for denne profilen. Egenskapen beskriver ingen separat del av denne BreadcrumbList-entiteten eller valgt policyprofil. Eksisterende navn, beskrivelse, relasjoner og verdier dekker den dokumenterte rollen; ingen ekstra entiteter, handlinger, vurderinger eller redaksjonelle opplysninger tilføyes.",false,TypeScript; inventar/feltledger; HTTP og ekstern kodevalidering dokumenteres separat,
shippingReturns.breadcrumb,BreadcrumbList.alternateName,not_applicable,src/app/(storefront)/frakt-og-retur/page.mdx; src/lib/seo/supportPages.ts; src/lib/seo/JSON-LD/merchantPolicies.ts; src/lib/seo/JSON-LD/buildSupportJsonLd.ts; schema-dts 2.1.0 / installert arv,https://schema.org/BreadcrumbList,"Schema.org-semantikk; ikke et særskilt Google-anbefalt felt for denne profilen. Egenskapen beskriver ingen separat del av denne BreadcrumbList-entiteten eller valgt policyprofil. Eksisterende navn, beskrivelse, relasjoner og verdier dekker den dokumenterte rollen; ingen ekstra entiteter, handlinger, vurderinger eller redaksjonelle opplysninger tilføyes.",false,TypeScript; inventar/feltledger; HTTP og ekstern kodevalidering dokumenteres separat,
shippingReturns.breadcrumb,BreadcrumbList.description,not_applicable,src/app/(storefront)/frakt-og-retur/page.mdx; src/lib/seo/supportPages.ts; src/lib/seo/JSON-LD/merchantPolicies.ts; src/lib/seo/JSON-LD/buildSupportJsonLd.ts; schema-dts 2.1.0 / installert arv,https://schema.org/BreadcrumbList,"Schema.org-semantikk; ikke et særskilt Google-anbefalt felt for denne profilen. Egenskapen beskriver ingen separat del av denne BreadcrumbList-entiteten eller valgt policyprofil. Eksisterende navn, beskrivelse, relasjoner og verdier dekker den dokumenterte rollen; ingen ekstra entiteter, handlinger, vurderinger eller redaksjonelle opplysninger tilføyes.",false,TypeScript; inventar/feltledger; HTTP og ekstern kodevalidering dokumenteres separat,
shippingReturns.breadcrumb,BreadcrumbList.disambiguatingDescription,not_applicable,src/app/(storefront)/frakt-og-retur/page.mdx; src/lib/seo/supportPages.ts; src/lib/seo/JSON-LD/merchantPolicies.ts; src/lib/seo/JSON-LD/buildSupportJsonLd.ts; schema-dts 2.1.0 / installert arv,https://schema.org/BreadcrumbList,"Schema.org-semantikk; ikke et særskilt Google-anbefalt felt for denne profilen. Egenskapen beskriver ingen separat del av denne BreadcrumbList-entiteten eller valgt policyprofil. Eksisterende navn, beskrivelse, relasjoner og verdier dekker den dokumenterte rollen; ingen ekstra entiteter, handlinger, vurderinger eller redaksjonelle opplysninger tilføyes.",false,TypeScript; inventar/feltledger; HTTP og ekstern kodevalidering dokumenteres separat,
shippingReturns.breadcrumb,BreadcrumbList.identifier,not_applicable,src/app/(storefront)/frakt-og-retur/page.mdx; src/lib/seo/supportPages.ts; src/lib/seo/JSON-LD/merchantPolicies.ts; src/lib/seo/JSON-LD/buildSupportJsonLd.ts; schema-dts 2.1.0 / installert arv,https://schema.org/BreadcrumbList,"Schema.org-semantikk; ikke et særskilt Google-anbefalt felt for denne profilen. Egenskapen beskriver ingen separat del av denne BreadcrumbList-entiteten eller valgt policyprofil. Eksisterende navn, beskrivelse, relasjoner og verdier dekker den dokumenterte rollen; ingen ekstra entiteter, handlinger, vurderinger eller redaksjonelle opplysninger tilføyes.",false,TypeScript; inventar/feltledger; HTTP og ekstern kodevalidering dokumenteres separat,
shippingReturns.breadcrumb,BreadcrumbList.image,not_applicable,src/app/(storefront)/frakt-og-retur/page.mdx; src/lib/seo/supportPages.ts; src/lib/seo/JSON-LD/merchantPolicies.ts; src/lib/seo/JSON-LD/buildSupportJsonLd.ts; schema-dts 2.1.0 / installert arv,https://schema.org/BreadcrumbList,"Schema.org-semantikk; ikke et særskilt Google-anbefalt felt for denne profilen. Egenskapen beskriver ingen separat del av denne BreadcrumbList-entiteten eller valgt policyprofil. Eksisterende navn, beskrivelse, relasjoner og verdier dekker den dokumenterte rollen; ingen ekstra entiteter, handlinger, vurderinger eller redaksjonelle opplysninger tilføyes.",false,TypeScript; inventar/feltledger; HTTP og ekstern kodevalidering dokumenteres separat,
shippingReturns.breadcrumb,BreadcrumbList.itemListElement,emitted,src/app/(storefront)/frakt-og-retur/page.mdx; src/lib/seo/supportPages.ts; src/lib/seo/JSON-LD/merchantPolicies.ts; src/lib/seo/JSON-LD/buildSupportJsonLd.ts; schema-dts 2.1.0 / installert arv,https://developers.google.com/search/docs/appearance/structured-data/breadcrumb,"Verdi fra synlig policy eller verifisert felles identitets-/grafkontrakt. [{""@type"":""ListItem"",""position"":1,""name"":""Forsiden"",""item"":""https://utekos.no/""},{""@type"":""ListItem"",""position"":2,""name"":""Frakt og retur"",""item"":""https://utekos.no/frakt-og-retur""}]",true,TypeScript; inventar/feltledger; HTTP og ekstern kodevalidering dokumenteres separat,
shippingReturns.breadcrumb,BreadcrumbList.itemListOrder,not_applicable,src/app/(storefront)/frakt-og-retur/page.mdx; src/lib/seo/supportPages.ts; src/lib/seo/JSON-LD/merchantPolicies.ts; src/lib/seo/JSON-LD/buildSupportJsonLd.ts; schema-dts 2.1.0 / installert arv,https://schema.org/BreadcrumbList,"Schema.org-semantikk; ikke et særskilt Google-anbefalt felt for denne profilen. Egenskapen beskriver ingen separat del av denne BreadcrumbList-entiteten eller valgt policyprofil. Eksisterende navn, beskrivelse, relasjoner og verdier dekker den dokumenterte rollen; ingen ekstra entiteter, handlinger, vurderinger eller redaksjonelle opplysninger tilføyes.",false,TypeScript; inventar/feltledger; HTTP og ekstern kodevalidering dokumenteres separat,
shippingReturns.breadcrumb,BreadcrumbList.mainEntityOfPage,not_applicable,src/app/(storefront)/frakt-og-retur/page.mdx; src/lib/seo/supportPages.ts; src/lib/seo/JSON-LD/merchantPolicies.ts; src/lib/seo/JSON-LD/buildSupportJsonLd.ts; schema-dts 2.1.0 / installert arv,https://schema.org/BreadcrumbList,"Schema.org-semantikk; ikke et særskilt Google-anbefalt felt for denne profilen. Egenskapen beskriver ingen separat del av denne BreadcrumbList-entiteten eller valgt policyprofil. Eksisterende navn, beskrivelse, relasjoner og verdier dekker den dokumenterte rollen; ingen ekstra entiteter, handlinger, vurderinger eller redaksjonelle opplysninger tilføyes.",false,TypeScript; inventar/feltledger; HTTP og ekstern kodevalidering dokumenteres separat,
shippingReturns.breadcrumb,BreadcrumbList.name,not_applicable,src/app/(storefront)/frakt-og-retur/page.mdx; src/lib/seo/supportPages.ts; src/lib/seo/JSON-LD/merchantPolicies.ts; src/lib/seo/JSON-LD/buildSupportJsonLd.ts; schema-dts 2.1.0 / installert arv,https://schema.org/BreadcrumbList,"Schema.org-semantikk; ikke et særskilt Google-anbefalt felt for denne profilen. Egenskapen beskriver ingen separat del av denne BreadcrumbList-entiteten eller valgt policyprofil. Eksisterende navn, beskrivelse, relasjoner og verdier dekker den dokumenterte rollen; ingen ekstra entiteter, handlinger, vurderinger eller redaksjonelle opplysninger tilføyes.",false,TypeScript; inventar/feltledger; HTTP og ekstern kodevalidering dokumenteres separat,
shippingReturns.breadcrumb,BreadcrumbList.numberOfItems,not_applicable,src/app/(storefront)/frakt-og-retur/page.mdx; src/lib/seo/supportPages.ts; src/lib/seo/JSON-LD/merchantPolicies.ts; src/lib/seo/JSON-LD/buildSupportJsonLd.ts; schema-dts 2.1.0 / installert arv,https://schema.org/BreadcrumbList,"Schema.org-semantikk; ikke et særskilt Google-anbefalt felt for denne profilen. Egenskapen beskriver ingen separat del av denne BreadcrumbList-entiteten eller valgt policyprofil. Eksisterende navn, beskrivelse, relasjoner og verdier dekker den dokumenterte rollen; ingen ekstra entiteter, handlinger, vurderinger eller redaksjonelle opplysninger tilføyes.",false,TypeScript; inventar/feltledger; HTTP og ekstern kodevalidering dokumenteres separat,
shippingReturns.breadcrumb,BreadcrumbList.owner,not_applicable,src/app/(storefront)/frakt-og-retur/page.mdx; src/lib/seo/supportPages.ts; src/lib/seo/JSON-LD/merchantPolicies.ts; src/lib/seo/JSON-LD/buildSupportJsonLd.ts; schema-dts 2.1.0 / installert arv,https://schema.org/BreadcrumbList,"Schema.org-semantikk; ikke et særskilt Google-anbefalt felt for denne profilen. Egenskapen beskriver ingen separat del av denne BreadcrumbList-entiteten eller valgt policyprofil. Eksisterende navn, beskrivelse, relasjoner og verdier dekker den dokumenterte rollen; ingen ekstra entiteter, handlinger, vurderinger eller redaksjonelle opplysninger tilføyes.",false,TypeScript; inventar/feltledger; HTTP og ekstern kodevalidering dokumenteres separat,
shippingReturns.breadcrumb,BreadcrumbList.potentialAction,not_applicable,src/app/(storefront)/frakt-og-retur/page.mdx; src/lib/seo/supportPages.ts; src/lib/seo/JSON-LD/merchantPolicies.ts; src/lib/seo/JSON-LD/buildSupportJsonLd.ts; schema-dts 2.1.0 / installert arv,https://schema.org/BreadcrumbList,"Schema.org-semantikk; ikke et særskilt Google-anbefalt felt for denne profilen. Egenskapen beskriver ingen separat del av denne BreadcrumbList-entiteten eller valgt policyprofil. Eksisterende navn, beskrivelse, relasjoner og verdier dekker den dokumenterte rollen; ingen ekstra entiteter, handlinger, vurderinger eller redaksjonelle opplysninger tilføyes.",false,TypeScript; inventar/feltledger; HTTP og ekstern kodevalidering dokumenteres separat,
shippingReturns.breadcrumb,BreadcrumbList.sameAs,not_applicable,src/app/(storefront)/frakt-og-retur/page.mdx; src/lib/seo/supportPages.ts; src/lib/seo/JSON-LD/merchantPolicies.ts; src/lib/seo/JSON-LD/buildSupportJsonLd.ts; schema-dts 2.1.0 / installert arv,https://schema.org/BreadcrumbList,"Schema.org-semantikk; ikke et særskilt Google-anbefalt felt for denne profilen. Egenskapen beskriver ingen separat del av denne BreadcrumbList-entiteten eller valgt policyprofil. Eksisterende navn, beskrivelse, relasjoner og verdier dekker den dokumenterte rollen; ingen ekstra entiteter, handlinger, vurderinger eller redaksjonelle opplysninger tilføyes.",false,TypeScript; inventar/feltledger; HTTP og ekstern kodevalidering dokumenteres separat,
shippingReturns.breadcrumb,BreadcrumbList.subjectOf,not_applicable,src/app/(storefront)/frakt-og-retur/page.mdx; src/lib/seo/supportPages.ts; src/lib/seo/JSON-LD/merchantPolicies.ts; src/lib/seo/JSON-LD/buildSupportJsonLd.ts; schema-dts 2.1.0 / installert arv,https://schema.org/BreadcrumbList,"Schema.org-semantikk; ikke et særskilt Google-anbefalt felt for denne profilen. Egenskapen beskriver ingen separat del av denne BreadcrumbList-entiteten eller valgt policyprofil. Eksisterende navn, beskrivelse, relasjoner og verdier dekker den dokumenterte rollen; ingen ekstra entiteter, handlinger, vurderinger eller redaksjonelle opplysninger tilføyes.",false,TypeScript; inventar/feltledger; HTTP og ekstern kodevalidering dokumenteres separat,
shippingReturns.breadcrumb,BreadcrumbList.url,not_applicable,src/app/(storefront)/frakt-og-retur/page.mdx; src/lib/seo/supportPages.ts; src/lib/seo/JSON-LD/merchantPolicies.ts; src/lib/seo/JSON-LD/buildSupportJsonLd.ts; schema-dts 2.1.0 / installert arv,https://schema.org/BreadcrumbList,"Schema.org-semantikk; ikke et særskilt Google-anbefalt felt for denne profilen. Egenskapen beskriver ingen separat del av denne BreadcrumbList-entiteten eller valgt policyprofil. Eksisterende navn, beskrivelse, relasjoner og verdier dekker den dokumenterte rollen; ingen ekstra entiteter, handlinger, vurderinger eller redaksjonelle opplysninger tilføyes.",false,TypeScript; inventar/feltledger; HTTP og ekstern kodevalidering dokumenteres separat,
shippingReturns.return-policy,MerchantReturnPolicy.@id,emitted,src/app/(storefront)/frakt-og-retur/page.mdx; src/lib/seo/supportPages.ts; src/lib/seo/JSON-LD/merchantPolicies.ts; src/lib/seo/JSON-LD/buildSupportJsonLd.ts; schema-dts 2.1.0 / installert arv,https://schema.org/MerchantReturnPolicy,"Schema.org-semantikk; ikke et særskilt Google-anbefalt felt for denne profilen. Verdi fra synlig policy eller verifisert felles identitets-/grafkontrakt. ""https://utekos.no/frakt-og-retur#return-policy""",false,TypeScript; inventar/feltledger; HTTP og ekstern kodevalidering dokumenteres separat,
shippingReturns.return-policy,MerchantReturnPolicy.@type,emitted,src/app/(storefront)/frakt-og-retur/page.mdx; src/lib/seo/supportPages.ts; src/lib/seo/JSON-LD/merchantPolicies.ts; src/lib/seo/JSON-LD/buildSupportJsonLd.ts; schema-dts 2.1.0 / installert arv,https://schema.org/MerchantReturnPolicy,"Schema.org-semantikk; ikke et særskilt Google-anbefalt felt for denne profilen. Verdi fra synlig policy eller verifisert felles identitets-/grafkontrakt. ""MerchantReturnPolicy""",false,TypeScript; inventar/feltledger; HTTP og ekstern kodevalidering dokumenteres separat,
shippingReturns.return-policy,MerchantReturnPolicy.additionalProperty,not_applicable,src/app/(storefront)/frakt-og-retur/page.mdx; src/lib/seo/supportPages.ts; src/lib/seo/JSON-LD/merchantPolicies.ts; src/lib/seo/JSON-LD/buildSupportJsonLd.ts; schema-dts 2.1.0 / installert arv,https://schema.org/MerchantReturnPolicy,"Schema.org-semantikk; ikke et særskilt Google-anbefalt felt for denne profilen. Egenskapen beskriver ingen separat del av denne MerchantReturnPolicy-entiteten eller valgt policyprofil. Eksisterende navn, beskrivelse, relasjoner og verdier dekker den dokumenterte rollen; ingen ekstra entiteter, handlinger, vurderinger eller redaksjonelle opplysninger tilføyes.",false,TypeScript; inventar/feltledger; HTTP og ekstern kodevalidering dokumenteres separat,
shippingReturns.return-policy,MerchantReturnPolicy.additionalType,not_applicable,src/app/(storefront)/frakt-og-retur/page.mdx; src/lib/seo/supportPages.ts; src/lib/seo/JSON-LD/merchantPolicies.ts; src/lib/seo/JSON-LD/buildSupportJsonLd.ts; schema-dts 2.1.0 / installert arv,https://schema.org/MerchantReturnPolicy,"Schema.org-semantikk; ikke et særskilt Google-anbefalt felt for denne profilen. Egenskapen beskriver ingen separat del av denne MerchantReturnPolicy-entiteten eller valgt policyprofil. Eksisterende navn, beskrivelse, relasjoner og verdier dekker den dokumenterte rollen; ingen ekstra entiteter, handlinger, vurderinger eller redaksjonelle opplysninger tilføyes.",false,TypeScript; inventar/feltledger; HTTP og ekstern kodevalidering dokumenteres separat,
shippingReturns.return-policy,MerchantReturnPolicy.alternateName,not_applicable,src/app/(storefront)/frakt-og-retur/page.mdx; src/lib/seo/supportPages.ts; src/lib/seo/JSON-LD/merchantPolicies.ts; src/lib/seo/JSON-LD/buildSupportJsonLd.ts; schema-dts 2.1.0 / installert arv,https://schema.org/MerchantReturnPolicy,"Schema.org-semantikk; ikke et særskilt Google-anbefalt felt for denne profilen. Egenskapen beskriver ingen separat del av denne MerchantReturnPolicy-entiteten eller valgt policyprofil. Eksisterende navn, beskrivelse, relasjoner og verdier dekker den dokumenterte rollen; ingen ekstra entiteter, handlinger, vurderinger eller redaksjonelle opplysninger tilføyes.",false,TypeScript; inventar/feltledger; HTTP og ekstern kodevalidering dokumenteres separat,
shippingReturns.return-policy,MerchantReturnPolicy.applicableCountry,not_applicable,src/app/(storefront)/frakt-og-retur/page.mdx; src/lib/seo/supportPages.ts; src/lib/seo/JSON-LD/merchantPolicies.ts; src/lib/seo/JSON-LD/buildSupportJsonLd.ts; schema-dts 2.1.0 / installert arv,https://schema.org/MerchantReturnPolicy,"Schema.org-semantikk; ikke et særskilt Google-anbefalt felt for denne profilen. Detaljert alternativ A er ikke valgt for den nye organisasjonspolicyen. Googles alternativ B bruker merchantReturnLink til fullstendige vilkår; ordinær retur, størrelsesbytte og reklamasjon forenkles ikke til én regel. Eksisterende Offer-policy er uendret.",false,TypeScript; inventar/feltledger; HTTP og ekstern kodevalidering dokumenteres separat,
shippingReturns.return-policy,MerchantReturnPolicy.customerRemorseReturnFees,not_applicable,src/app/(storefront)/frakt-og-retur/page.mdx; src/lib/seo/supportPages.ts; src/lib/seo/JSON-LD/merchantPolicies.ts; src/lib/seo/JSON-LD/buildSupportJsonLd.ts; schema-dts 2.1.0 / installert arv,https://schema.org/MerchantReturnPolicy,"Schema.org-semantikk; ikke et særskilt Google-anbefalt felt for denne profilen. Detaljert alternativ A er ikke valgt for den nye organisasjonspolicyen. Googles alternativ B bruker merchantReturnLink til fullstendige vilkår; ordinær retur, størrelsesbytte og reklamasjon forenkles ikke til én regel. Eksisterende Offer-policy er uendret.",false,TypeScript; inventar/feltledger; HTTP og ekstern kodevalidering dokumenteres separat,
shippingReturns.return-policy,MerchantReturnPolicy.customerRemorseReturnLabelSource,not_applicable,src/app/(storefront)/frakt-og-retur/page.mdx; src/lib/seo/supportPages.ts; src/lib/seo/JSON-LD/merchantPolicies.ts; src/lib/seo/JSON-LD/buildSupportJsonLd.ts; schema-dts 2.1.0 / installert arv,https://schema.org/MerchantReturnPolicy,"Schema.org-semantikk; ikke et særskilt Google-anbefalt felt for denne profilen. Detaljert alternativ A er ikke valgt for den nye organisasjonspolicyen. Googles alternativ B bruker merchantReturnLink til fullstendige vilkår; ordinær retur, størrelsesbytte og reklamasjon forenkles ikke til én regel. Eksisterende Offer-policy er uendret.",false,TypeScript; inventar/feltledger; HTTP og ekstern kodevalidering dokumenteres separat,
shippingReturns.return-policy,MerchantReturnPolicy.customerRemorseReturnShippingFeesAmount,not_applicable,src/app/(storefront)/frakt-og-retur/page.mdx; src/lib/seo/supportPages.ts; src/lib/seo/JSON-LD/merchantPolicies.ts; src/lib/seo/JSON-LD/buildSupportJsonLd.ts; schema-dts 2.1.0 / installert arv,https://schema.org/MerchantReturnPolicy,"Schema.org-semantikk; ikke et særskilt Google-anbefalt felt for denne profilen. Detaljert alternativ A er ikke valgt for den nye organisasjonspolicyen. Googles alternativ B bruker merchantReturnLink til fullstendige vilkår; ordinær retur, størrelsesbytte og reklamasjon forenkles ikke til én regel. Eksisterende Offer-policy er uendret.",false,TypeScript; inventar/feltledger; HTTP og ekstern kodevalidering dokumenteres separat,
shippingReturns.return-policy,MerchantReturnPolicy.description,not_applicable,src/app/(storefront)/frakt-og-retur/page.mdx; src/lib/seo/supportPages.ts; src/lib/seo/JSON-LD/merchantPolicies.ts; src/lib/seo/JSON-LD/buildSupportJsonLd.ts; schema-dts 2.1.0 / installert arv,https://schema.org/MerchantReturnPolicy,"Schema.org-semantikk; ikke et særskilt Google-anbefalt felt for denne profilen. Egenskapen beskriver ingen separat del av denne MerchantReturnPolicy-entiteten eller valgt policyprofil. Eksisterende navn, beskrivelse, relasjoner og verdier dekker den dokumenterte rollen; ingen ekstra entiteter, handlinger, vurderinger eller redaksjonelle opplysninger tilføyes.",false,TypeScript; inventar/feltledger; HTTP og ekstern kodevalidering dokumenteres separat,
shippingReturns.return-policy,MerchantReturnPolicy.disambiguatingDescription,not_applicable,src/app/(storefront)/frakt-og-retur/page.mdx; src/lib/seo/supportPages.ts; src/lib/seo/JSON-LD/merchantPolicies.ts; src/lib/seo/JSON-LD/buildSupportJsonLd.ts; schema-dts 2.1.0 / installert arv,https://schema.org/MerchantReturnPolicy,"Schema.org-semantikk; ikke et særskilt Google-anbefalt felt for denne profilen. Egenskapen beskriver ingen separat del av denne MerchantReturnPolicy-entiteten eller valgt policyprofil. Eksisterende navn, beskrivelse, relasjoner og verdier dekker den dokumenterte rollen; ingen ekstra entiteter, handlinger, vurderinger eller redaksjonelle opplysninger tilføyes.",false,TypeScript; inventar/feltledger; HTTP og ekstern kodevalidering dokumenteres separat,
shippingReturns.return-policy,MerchantReturnPolicy.identifier,not_applicable,src/app/(storefront)/frakt-og-retur/page.mdx; src/lib/seo/supportPages.ts; src/lib/seo/JSON-LD/merchantPolicies.ts; src/lib/seo/JSON-LD/buildSupportJsonLd.ts; schema-dts 2.1.0 / installert arv,https://schema.org/MerchantReturnPolicy,"Schema.org-semantikk; ikke et særskilt Google-anbefalt felt for denne profilen. Egenskapen beskriver ingen separat del av denne MerchantReturnPolicy-entiteten eller valgt policyprofil. Eksisterende navn, beskrivelse, relasjoner og verdier dekker den dokumenterte rollen; ingen ekstra entiteter, handlinger, vurderinger eller redaksjonelle opplysninger tilføyes.",false,TypeScript; inventar/feltledger; HTTP og ekstern kodevalidering dokumenteres separat,
shippingReturns.return-policy,MerchantReturnPolicy.image,not_applicable,src/app/(storefront)/frakt-og-retur/page.mdx; src/lib/seo/supportPages.ts; src/lib/seo/JSON-LD/merchantPolicies.ts; src/lib/seo/JSON-LD/buildSupportJsonLd.ts; schema-dts 2.1.0 / installert arv,https://schema.org/MerchantReturnPolicy,"Schema.org-semantikk; ikke et særskilt Google-anbefalt felt for denne profilen. Egenskapen beskriver ingen separat del av denne MerchantReturnPolicy-entiteten eller valgt policyprofil. Eksisterende navn, beskrivelse, relasjoner og verdier dekker den dokumenterte rollen; ingen ekstra entiteter, handlinger, vurderinger eller redaksjonelle opplysninger tilføyes.",false,TypeScript; inventar/feltledger; HTTP og ekstern kodevalidering dokumenteres separat,
shippingReturns.return-policy,MerchantReturnPolicy.inStoreReturnsOffered,not_applicable,src/app/(storefront)/frakt-og-retur/page.mdx; src/lib/seo/supportPages.ts; src/lib/seo/JSON-LD/merchantPolicies.ts; src/lib/seo/JSON-LD/buildSupportJsonLd.ts; schema-dts 2.1.0 / installert arv,https://schema.org/MerchantReturnPolicy,"Schema.org-semantikk; ikke et særskilt Google-anbefalt felt for denne profilen. Detaljert alternativ A er ikke valgt for den nye organisasjonspolicyen. Googles alternativ B bruker merchantReturnLink til fullstendige vilkår; ordinær retur, størrelsesbytte og reklamasjon forenkles ikke til én regel. Eksisterende Offer-policy er uendret.",false,TypeScript; inventar/feltledger; HTTP og ekstern kodevalidering dokumenteres separat,
shippingReturns.return-policy,MerchantReturnPolicy.itemCondition,not_applicable,src/app/(storefront)/frakt-og-retur/page.mdx; src/lib/seo/supportPages.ts; src/lib/seo/JSON-LD/merchantPolicies.ts; src/lib/seo/JSON-LD/buildSupportJsonLd.ts; schema-dts 2.1.0 / installert arv,https://schema.org/MerchantReturnPolicy,"Schema.org-semantikk; ikke et særskilt Google-anbefalt felt for denne profilen. Detaljert alternativ A er ikke valgt for den nye organisasjonspolicyen. Googles alternativ B bruker merchantReturnLink til fullstendige vilkår; ordinær retur, størrelsesbytte og reklamasjon forenkles ikke til én regel. Eksisterende Offer-policy er uendret.",false,TypeScript; inventar/feltledger; HTTP og ekstern kodevalidering dokumenteres separat,
shippingReturns.return-policy,MerchantReturnPolicy.itemDefectReturnFees,not_applicable,src/app/(storefront)/frakt-og-retur/page.mdx; src/lib/seo/supportPages.ts; src/lib/seo/JSON-LD/merchantPolicies.ts; src/lib/seo/JSON-LD/buildSupportJsonLd.ts; schema-dts 2.1.0 / installert arv,https://schema.org/MerchantReturnPolicy,"Schema.org-semantikk; ikke et særskilt Google-anbefalt felt for denne profilen. Detaljert alternativ A er ikke valgt for den nye organisasjonspolicyen. Googles alternativ B bruker merchantReturnLink til fullstendige vilkår; ordinær retur, størrelsesbytte og reklamasjon forenkles ikke til én regel. Eksisterende Offer-policy er uendret.",false,TypeScript; inventar/feltledger; HTTP og ekstern kodevalidering dokumenteres separat,
shippingReturns.return-policy,MerchantReturnPolicy.itemDefectReturnLabelSource,not_applicable,src/app/(storefront)/frakt-og-retur/page.mdx; src/lib/seo/supportPages.ts; src/lib/seo/JSON-LD/merchantPolicies.ts; src/lib/seo/JSON-LD/buildSupportJsonLd.ts; schema-dts 2.1.0 / installert arv,https://schema.org/MerchantReturnPolicy,"Schema.org-semantikk; ikke et særskilt Google-anbefalt felt for denne profilen. Detaljert alternativ A er ikke valgt for den nye organisasjonspolicyen. Googles alternativ B bruker merchantReturnLink til fullstendige vilkår; ordinær retur, størrelsesbytte og reklamasjon forenkles ikke til én regel. Eksisterende Offer-policy er uendret.",false,TypeScript; inventar/feltledger; HTTP og ekstern kodevalidering dokumenteres separat,
shippingReturns.return-policy,MerchantReturnPolicy.itemDefectReturnShippingFeesAmount,not_applicable,src/app/(storefront)/frakt-og-retur/page.mdx; src/lib/seo/supportPages.ts; src/lib/seo/JSON-LD/merchantPolicies.ts; src/lib/seo/JSON-LD/buildSupportJsonLd.ts; schema-dts 2.1.0 / installert arv,https://schema.org/MerchantReturnPolicy,"Schema.org-semantikk; ikke et særskilt Google-anbefalt felt for denne profilen. Detaljert alternativ A er ikke valgt for den nye organisasjonspolicyen. Googles alternativ B bruker merchantReturnLink til fullstendige vilkår; ordinær retur, størrelsesbytte og reklamasjon forenkles ikke til én regel. Eksisterende Offer-policy er uendret.",false,TypeScript; inventar/feltledger; HTTP og ekstern kodevalidering dokumenteres separat,
shippingReturns.return-policy,MerchantReturnPolicy.mainEntityOfPage,not_applicable,src/app/(storefront)/frakt-og-retur/page.mdx; src/lib/seo/supportPages.ts; src/lib/seo/JSON-LD/merchantPolicies.ts; src/lib/seo/JSON-LD/buildSupportJsonLd.ts; schema-dts 2.1.0 / installert arv,https://schema.org/MerchantReturnPolicy,"Schema.org-semantikk; ikke et særskilt Google-anbefalt felt for denne profilen. Egenskapen beskriver ingen separat del av denne MerchantReturnPolicy-entiteten eller valgt policyprofil. Eksisterende navn, beskrivelse, relasjoner og verdier dekker den dokumenterte rollen; ingen ekstra entiteter, handlinger, vurderinger eller redaksjonelle opplysninger tilføyes.",false,TypeScript; inventar/feltledger; HTTP og ekstern kodevalidering dokumenteres separat,
shippingReturns.return-policy,MerchantReturnPolicy.merchantReturnDays,not_applicable,src/app/(storefront)/frakt-og-retur/page.mdx; src/lib/seo/supportPages.ts; src/lib/seo/JSON-LD/merchantPolicies.ts; src/lib/seo/JSON-LD/buildSupportJsonLd.ts; schema-dts 2.1.0 / installert arv,https://schema.org/MerchantReturnPolicy,"Schema.org-semantikk; ikke et særskilt Google-anbefalt felt for denne profilen. Detaljert alternativ A er ikke valgt for den nye organisasjonspolicyen. Googles alternativ B bruker merchantReturnLink til fullstendige vilkår; ordinær retur, størrelsesbytte og reklamasjon forenkles ikke til én regel. Eksisterende Offer-policy er uendret.",false,TypeScript; inventar/feltledger; HTTP og ekstern kodevalidering dokumenteres separat,
shippingReturns.return-policy,MerchantReturnPolicy.merchantReturnLink,emitted,src/app/(storefront)/frakt-og-retur/page.mdx; src/lib/seo/supportPages.ts; src/lib/seo/JSON-LD/merchantPolicies.ts; src/lib/seo/JSON-LD/buildSupportJsonLd.ts; schema-dts 2.1.0 / installert arv,https://developers.google.com/search/docs/appearance/structured-data/return-policy,"Verdi fra synlig policy eller verifisert felles identitets-/grafkontrakt. ""https://utekos.no/frakt-og-retur""",true,TypeScript; inventar/feltledger; HTTP og ekstern kodevalidering dokumenteres separat,
shippingReturns.return-policy,MerchantReturnPolicy.name,not_applicable,src/app/(storefront)/frakt-og-retur/page.mdx; src/lib/seo/supportPages.ts; src/lib/seo/JSON-LD/merchantPolicies.ts; src/lib/seo/JSON-LD/buildSupportJsonLd.ts; schema-dts 2.1.0 / installert arv,https://schema.org/MerchantReturnPolicy,"Schema.org-semantikk; ikke et særskilt Google-anbefalt felt for denne profilen. Egenskapen beskriver ingen separat del av denne MerchantReturnPolicy-entiteten eller valgt policyprofil. Eksisterende navn, beskrivelse, relasjoner og verdier dekker den dokumenterte rollen; ingen ekstra entiteter, handlinger, vurderinger eller redaksjonelle opplysninger tilføyes.",false,TypeScript; inventar/feltledger; HTTP og ekstern kodevalidering dokumenteres separat,
shippingReturns.return-policy,MerchantReturnPolicy.owner,not_applicable,src/app/(storefront)/frakt-og-retur/page.mdx; src/lib/seo/supportPages.ts; src/lib/seo/JSON-LD/merchantPolicies.ts; src/lib/seo/JSON-LD/buildSupportJsonLd.ts; schema-dts 2.1.0 / installert arv,https://schema.org/MerchantReturnPolicy,"Schema.org-semantikk; ikke et særskilt Google-anbefalt felt for denne profilen. Egenskapen beskriver ingen separat del av denne MerchantReturnPolicy-entiteten eller valgt policyprofil. Eksisterende navn, beskrivelse, relasjoner og verdier dekker den dokumenterte rollen; ingen ekstra entiteter, handlinger, vurderinger eller redaksjonelle opplysninger tilføyes.",false,TypeScript; inventar/feltledger; HTTP og ekstern kodevalidering dokumenteres separat,
shippingReturns.return-policy,MerchantReturnPolicy.potentialAction,not_applicable,src/app/(storefront)/frakt-og-retur/page.mdx; src/lib/seo/supportPages.ts; src/lib/seo/JSON-LD/merchantPolicies.ts; src/lib/seo/JSON-LD/buildSupportJsonLd.ts; schema-dts 2.1.0 / installert arv,https://schema.org/MerchantReturnPolicy,"Schema.org-semantikk; ikke et særskilt Google-anbefalt felt for denne profilen. Egenskapen beskriver ingen separat del av denne MerchantReturnPolicy-entiteten eller valgt policyprofil. Eksisterende navn, beskrivelse, relasjoner og verdier dekker den dokumenterte rollen; ingen ekstra entiteter, handlinger, vurderinger eller redaksjonelle opplysninger tilføyes.",false,TypeScript; inventar/feltledger; HTTP og ekstern kodevalidering dokumenteres separat,
shippingReturns.return-policy,MerchantReturnPolicy.refundType,not_applicable,src/app/(storefront)/frakt-og-retur/page.mdx; src/lib/seo/supportPages.ts; src/lib/seo/JSON-LD/merchantPolicies.ts; src/lib/seo/JSON-LD/buildSupportJsonLd.ts; schema-dts 2.1.0 / installert arv,https://schema.org/MerchantReturnPolicy,"Schema.org-semantikk; ikke et særskilt Google-anbefalt felt for denne profilen. Detaljert alternativ A er ikke valgt for den nye organisasjonspolicyen. Googles alternativ B bruker merchantReturnLink til fullstendige vilkår; ordinær retur, størrelsesbytte og reklamasjon forenkles ikke til én regel. Eksisterende Offer-policy er uendret.",false,TypeScript; inventar/feltledger; HTTP og ekstern kodevalidering dokumenteres separat,
shippingReturns.return-policy,MerchantReturnPolicy.restockingFee,not_applicable,src/app/(storefront)/frakt-og-retur/page.mdx; src/lib/seo/supportPages.ts; src/lib/seo/JSON-LD/merchantPolicies.ts; src/lib/seo/JSON-LD/buildSupportJsonLd.ts; schema-dts 2.1.0 / installert arv,https://schema.org/MerchantReturnPolicy,"Schema.org-semantikk; ikke et særskilt Google-anbefalt felt for denne profilen. Detaljert alternativ A er ikke valgt for den nye organisasjonspolicyen. Googles alternativ B bruker merchantReturnLink til fullstendige vilkår; ordinær retur, størrelsesbytte og reklamasjon forenkles ikke til én regel. Eksisterende Offer-policy er uendret.",false,TypeScript; inventar/feltledger; HTTP og ekstern kodevalidering dokumenteres separat,
shippingReturns.return-policy,MerchantReturnPolicy.returnFees,not_applicable,src/app/(storefront)/frakt-og-retur/page.mdx; src/lib/seo/supportPages.ts; src/lib/seo/JSON-LD/merchantPolicies.ts; src/lib/seo/JSON-LD/buildSupportJsonLd.ts; schema-dts 2.1.0 / installert arv,https://schema.org/MerchantReturnPolicy,"Schema.org-semantikk; ikke et særskilt Google-anbefalt felt for denne profilen. Detaljert alternativ A er ikke valgt for den nye organisasjonspolicyen. Googles alternativ B bruker merchantReturnLink til fullstendige vilkår; ordinær retur, størrelsesbytte og reklamasjon forenkles ikke til én regel. Eksisterende Offer-policy er uendret.",false,TypeScript; inventar/feltledger; HTTP og ekstern kodevalidering dokumenteres separat,
shippingReturns.return-policy,MerchantReturnPolicy.returnLabelSource,not_applicable,src/app/(storefront)/frakt-og-retur/page.mdx; src/lib/seo/supportPages.ts; src/lib/seo/JSON-LD/merchantPolicies.ts; src/lib/seo/JSON-LD/buildSupportJsonLd.ts; schema-dts 2.1.0 / installert arv,https://schema.org/MerchantReturnPolicy,"Schema.org-semantikk; ikke et særskilt Google-anbefalt felt for denne profilen. Detaljert alternativ A er ikke valgt for den nye organisasjonspolicyen. Googles alternativ B bruker merchantReturnLink til fullstendige vilkår; ordinær retur, størrelsesbytte og reklamasjon forenkles ikke til én regel. Eksisterende Offer-policy er uendret.",false,TypeScript; inventar/feltledger; HTTP og ekstern kodevalidering dokumenteres separat,
shippingReturns.return-policy,MerchantReturnPolicy.returnMethod,not_applicable,src/app/(storefront)/frakt-og-retur/page.mdx; src/lib/seo/supportPages.ts; src/lib/seo/JSON-LD/merchantPolicies.ts; src/lib/seo/JSON-LD/buildSupportJsonLd.ts; schema-dts 2.1.0 / installert arv,https://schema.org/MerchantReturnPolicy,"Schema.org-semantikk; ikke et særskilt Google-anbefalt felt for denne profilen. Detaljert alternativ A er ikke valgt for den nye organisasjonspolicyen. Googles alternativ B bruker merchantReturnLink til fullstendige vilkår; ordinær retur, størrelsesbytte og reklamasjon forenkles ikke til én regel. Eksisterende Offer-policy er uendret.",false,TypeScript; inventar/feltledger; HTTP og ekstern kodevalidering dokumenteres separat,
shippingReturns.return-policy,MerchantReturnPolicy.returnPolicyCategory,not_applicable,src/app/(storefront)/frakt-og-retur/page.mdx; src/lib/seo/supportPages.ts; src/lib/seo/JSON-LD/merchantPolicies.ts; src/lib/seo/JSON-LD/buildSupportJsonLd.ts; schema-dts 2.1.0 / installert arv,https://schema.org/MerchantReturnPolicy,"Schema.org-semantikk; ikke et særskilt Google-anbefalt felt for denne profilen. Detaljert alternativ A er ikke valgt for den nye organisasjonspolicyen. Googles alternativ B bruker merchantReturnLink til fullstendige vilkår; ordinær retur, størrelsesbytte og reklamasjon forenkles ikke til én regel. Eksisterende Offer-policy er uendret.",false,TypeScript; inventar/feltledger; HTTP og ekstern kodevalidering dokumenteres separat,
shippingReturns.return-policy,MerchantReturnPolicy.returnPolicyCountry,not_applicable,src/app/(storefront)/frakt-og-retur/page.mdx; src/lib/seo/supportPages.ts; src/lib/seo/JSON-LD/merchantPolicies.ts; src/lib/seo/JSON-LD/buildSupportJsonLd.ts; schema-dts 2.1.0 / installert arv,https://schema.org/MerchantReturnPolicy,"Schema.org-semantikk; ikke et særskilt Google-anbefalt felt for denne profilen. Detaljert alternativ A er ikke valgt for den nye organisasjonspolicyen. Googles alternativ B bruker merchantReturnLink til fullstendige vilkår; ordinær retur, størrelsesbytte og reklamasjon forenkles ikke til én regel. Eksisterende Offer-policy er uendret.",false,TypeScript; inventar/feltledger; HTTP og ekstern kodevalidering dokumenteres separat,
shippingReturns.return-policy,MerchantReturnPolicy.returnPolicySeasonalOverride,not_applicable,src/app/(storefront)/frakt-og-retur/page.mdx; src/lib/seo/supportPages.ts; src/lib/seo/JSON-LD/merchantPolicies.ts; src/lib/seo/JSON-LD/buildSupportJsonLd.ts; schema-dts 2.1.0 / installert arv,https://schema.org/MerchantReturnPolicy,"Schema.org-semantikk; ikke et særskilt Google-anbefalt felt for denne profilen. Detaljert alternativ A er ikke valgt for den nye organisasjonspolicyen. Googles alternativ B bruker merchantReturnLink til fullstendige vilkår; ordinær retur, størrelsesbytte og reklamasjon forenkles ikke til én regel. Eksisterende Offer-policy er uendret.",false,TypeScript; inventar/feltledger; HTTP og ekstern kodevalidering dokumenteres separat,
shippingReturns.return-policy,MerchantReturnPolicy.returnShippingFeesAmount,not_applicable,src/app/(storefront)/frakt-og-retur/page.mdx; src/lib/seo/supportPages.ts; src/lib/seo/JSON-LD/merchantPolicies.ts; src/lib/seo/JSON-LD/buildSupportJsonLd.ts; schema-dts 2.1.0 / installert arv,https://schema.org/MerchantReturnPolicy,"Schema.org-semantikk; ikke et særskilt Google-anbefalt felt for denne profilen. Detaljert alternativ A er ikke valgt for den nye organisasjonspolicyen. Googles alternativ B bruker merchantReturnLink til fullstendige vilkår; ordinær retur, størrelsesbytte og reklamasjon forenkles ikke til én regel. Eksisterende Offer-policy er uendret.",false,TypeScript; inventar/feltledger; HTTP og ekstern kodevalidering dokumenteres separat,
shippingReturns.return-policy,MerchantReturnPolicy.sameAs,not_applicable,src/app/(storefront)/frakt-og-retur/page.mdx; src/lib/seo/supportPages.ts; src/lib/seo/JSON-LD/merchantPolicies.ts; src/lib/seo/JSON-LD/buildSupportJsonLd.ts; schema-dts 2.1.0 / installert arv,https://schema.org/MerchantReturnPolicy,"Schema.org-semantikk; ikke et særskilt Google-anbefalt felt for denne profilen. Egenskapen beskriver ingen separat del av denne MerchantReturnPolicy-entiteten eller valgt policyprofil. Eksisterende navn, beskrivelse, relasjoner og verdier dekker den dokumenterte rollen; ingen ekstra entiteter, handlinger, vurderinger eller redaksjonelle opplysninger tilføyes.",false,TypeScript; inventar/feltledger; HTTP og ekstern kodevalidering dokumenteres separat,
shippingReturns.return-policy,MerchantReturnPolicy.subjectOf,not_applicable,src/app/(storefront)/frakt-og-retur/page.mdx; src/lib/seo/supportPages.ts; src/lib/seo/JSON-LD/merchantPolicies.ts; src/lib/seo/JSON-LD/buildSupportJsonLd.ts; schema-dts 2.1.0 / installert arv,https://schema.org/MerchantReturnPolicy,"Schema.org-semantikk; ikke et særskilt Google-anbefalt felt for denne profilen. Egenskapen beskriver ingen separat del av denne MerchantReturnPolicy-entiteten eller valgt policyprofil. Eksisterende navn, beskrivelse, relasjoner og verdier dekker den dokumenterte rollen; ingen ekstra entiteter, handlinger, vurderinger eller redaksjonelle opplysninger tilføyes.",false,TypeScript; inventar/feltledger; HTTP og ekstern kodevalidering dokumenteres separat,
shippingReturns.return-policy,MerchantReturnPolicy.url,not_applicable,src/app/(storefront)/frakt-og-retur/page.mdx; src/lib/seo/supportPages.ts; src/lib/seo/JSON-LD/merchantPolicies.ts; src/lib/seo/JSON-LD/buildSupportJsonLd.ts; schema-dts 2.1.0 / installert arv,https://schema.org/MerchantReturnPolicy,"Schema.org-semantikk; ikke et særskilt Google-anbefalt felt for denne profilen. Egenskapen beskriver ingen separat del av denne MerchantReturnPolicy-entiteten eller valgt policyprofil. Eksisterende navn, beskrivelse, relasjoner og verdier dekker den dokumenterte rollen; ingen ekstra entiteter, handlinger, vurderinger eller redaksjonelle opplysninger tilføyes.",false,TypeScript; inventar/feltledger; HTTP og ekstern kodevalidering dokumenteres separat,
shippingReturns.return-policy,MerchantReturnPolicy.validForMemberTier,not_applicable,src/app/(storefront)/frakt-og-retur/page.mdx; src/lib/seo/supportPages.ts; src/lib/seo/JSON-LD/merchantPolicies.ts; src/lib/seo/JSON-LD/buildSupportJsonLd.ts; schema-dts 2.1.0 / installert arv,https://schema.org/MerchantReturnPolicy,Schema.org-semantikk; ikke et særskilt Google-anbefalt felt for denne profilen. Dette er offentlig standardpolicy uten medlemsspesifikke vilkår.,false,TypeScript; inventar/feltledger; HTTP og ekstern kodevalidering dokumenteres separat,
shippingReturns.shipping-service,ShippingService.@id,emitted,src/app/(storefront)/frakt-og-retur/page.mdx; src/lib/seo/supportPages.ts; src/lib/seo/JSON-LD/merchantPolicies.ts; src/lib/seo/JSON-LD/buildSupportJsonLd.ts; schema-dts 2.1.0 / installert arv,https://schema.org/ShippingService,"Schema.org-semantikk; ikke et særskilt Google-anbefalt felt for denne profilen. Verdi fra synlig policy eller verifisert felles identitets-/grafkontrakt. ""https://utekos.no/frakt-og-retur#shipping-service""",false,TypeScript; inventar/feltledger; HTTP og ekstern kodevalidering dokumenteres separat,
shippingReturns.shipping-service,ShippingService.@type,emitted,src/app/(storefront)/frakt-og-retur/page.mdx; src/lib/seo/supportPages.ts; src/lib/seo/JSON-LD/merchantPolicies.ts; src/lib/seo/JSON-LD/buildSupportJsonLd.ts; schema-dts 2.1.0 / installert arv,https://schema.org/ShippingService,"Schema.org-semantikk; ikke et særskilt Google-anbefalt felt for denne profilen. Verdi fra synlig policy eller verifisert felles identitets-/grafkontrakt. ""ShippingService""",false,TypeScript; inventar/feltledger; HTTP og ekstern kodevalidering dokumenteres separat,
shippingReturns.shipping-service,ShippingService.additionalType,not_applicable,src/app/(storefront)/frakt-og-retur/page.mdx; src/lib/seo/supportPages.ts; src/lib/seo/JSON-LD/merchantPolicies.ts; src/lib/seo/JSON-LD/buildSupportJsonLd.ts; schema-dts 2.1.0 / installert arv,https://schema.org/ShippingService,"Schema.org-semantikk; ikke et særskilt Google-anbefalt felt for denne profilen. Egenskapen beskriver ingen separat del av denne ShippingService-entiteten eller valgt policyprofil. Eksisterende navn, beskrivelse, relasjoner og verdier dekker den dokumenterte rollen; ingen ekstra entiteter, handlinger, vurderinger eller redaksjonelle opplysninger tilføyes.",false,TypeScript; inventar/feltledger; HTTP og ekstern kodevalidering dokumenteres separat,
shippingReturns.shipping-service,ShippingService.alternateName,not_applicable,src/app/(storefront)/frakt-og-retur/page.mdx; src/lib/seo/supportPages.ts; src/lib/seo/JSON-LD/merchantPolicies.ts; src/lib/seo/JSON-LD/buildSupportJsonLd.ts; schema-dts 2.1.0 / installert arv,https://schema.org/ShippingService,"Schema.org-semantikk; ikke et særskilt Google-anbefalt felt for denne profilen. Egenskapen beskriver ingen separat del av denne ShippingService-entiteten eller valgt policyprofil. Eksisterende navn, beskrivelse, relasjoner og verdier dekker den dokumenterte rollen; ingen ekstra entiteter, handlinger, vurderinger eller redaksjonelle opplysninger tilføyes.",false,TypeScript; inventar/feltledger; HTTP og ekstern kodevalidering dokumenteres separat,
shippingReturns.shipping-service,ShippingService.description,emitted,src/app/(storefront)/frakt-og-retur/page.mdx; src/lib/seo/supportPages.ts; src/lib/seo/JSON-LD/merchantPolicies.ts; src/lib/seo/JSON-LD/buildSupportJsonLd.ts; schema-dts 2.1.0 / installert arv,https://developers.google.com/search/docs/appearance/structured-data/shipping-policy,"Verdi fra synlig policy eller verifisert felles identitets-/grafkontrakt. ""Ordinær frakt i Norge koster 99 kr på bestillinger under 999 kr. Fra 999 kr er ordinær frakt gratis.""",false,TypeScript; inventar/feltledger; HTTP og ekstern kodevalidering dokumenteres separat,
shippingReturns.shipping-service,ShippingService.disambiguatingDescription,not_applicable,src/app/(storefront)/frakt-og-retur/page.mdx; src/lib/seo/supportPages.ts; src/lib/seo/JSON-LD/merchantPolicies.ts; src/lib/seo/JSON-LD/buildSupportJsonLd.ts; schema-dts 2.1.0 / installert arv,https://schema.org/ShippingService,"Schema.org-semantikk; ikke et særskilt Google-anbefalt felt for denne profilen. Egenskapen beskriver ingen separat del av denne ShippingService-entiteten eller valgt policyprofil. Eksisterende navn, beskrivelse, relasjoner og verdier dekker den dokumenterte rollen; ingen ekstra entiteter, handlinger, vurderinger eller redaksjonelle opplysninger tilføyes.",false,TypeScript; inventar/feltledger; HTTP og ekstern kodevalidering dokumenteres separat,
shippingReturns.shipping-service,ShippingService.fulfillmentType,missing_evidence,src/app/(storefront)/frakt-og-retur/page.mdx; src/lib/seo/supportPages.ts; src/lib/seo/JSON-LD/merchantPolicies.ts; src/lib/seo/JSON-LD/buildSupportJsonLd.ts; schema-dts 2.1.0 / installert arv,https://developers.google.com/search/docs/appearance/structured-data/shipping-policy,"PostNord er kjent, men én bestemt hjemleverings-/henteordning er ikke dokumentert.",false,TypeScript; inventar/feltledger; HTTP og ekstern kodevalidering dokumenteres separat,Innhent dokumentasjon før utvidelse
shippingReturns.shipping-service,ShippingService.handlingTime,missing_evidence,src/app/(storefront)/frakt-og-retur/page.mdx; src/lib/seo/supportPages.ts; src/lib/seo/JSON-LD/merchantPolicies.ts; src/lib/seo/JSON-LD/buildSupportJsonLd.ts; schema-dts 2.1.0 / installert arv,https://developers.google.com/search/docs/appearance/structured-data/shipping-policy,"Ingen dokumentert ordrebehandlingstid, arbeidsuke eller cutoff.",false,TypeScript; inventar/feltledger; HTTP og ekstern kodevalidering dokumenteres separat,Innhent dokumentasjon før utvidelse
shippingReturns.shipping-service,ShippingService.identifier,not_applicable,src/app/(storefront)/frakt-og-retur/page.mdx; src/lib/seo/supportPages.ts; src/lib/seo/JSON-LD/merchantPolicies.ts; src/lib/seo/JSON-LD/buildSupportJsonLd.ts; schema-dts 2.1.0 / installert arv,https://schema.org/ShippingService,"Schema.org-semantikk; ikke et særskilt Google-anbefalt felt for denne profilen. Egenskapen beskriver ingen separat del av denne ShippingService-entiteten eller valgt policyprofil. Eksisterende navn, beskrivelse, relasjoner og verdier dekker den dokumenterte rollen; ingen ekstra entiteter, handlinger, vurderinger eller redaksjonelle opplysninger tilføyes.",false,TypeScript; inventar/feltledger; HTTP og ekstern kodevalidering dokumenteres separat,
shippingReturns.shipping-service,ShippingService.image,not_applicable,src/app/(storefront)/frakt-og-retur/page.mdx; src/lib/seo/supportPages.ts; src/lib/seo/JSON-LD/merchantPolicies.ts; src/lib/seo/JSON-LD/buildSupportJsonLd.ts; schema-dts 2.1.0 / installert arv,https://schema.org/ShippingService,"Schema.org-semantikk; ikke et særskilt Google-anbefalt felt for denne profilen. Egenskapen beskriver ingen separat del av denne ShippingService-entiteten eller valgt policyprofil. Eksisterende navn, beskrivelse, relasjoner og verdier dekker den dokumenterte rollen; ingen ekstra entiteter, handlinger, vurderinger eller redaksjonelle opplysninger tilføyes.",false,TypeScript; inventar/feltledger; HTTP og ekstern kodevalidering dokumenteres separat,
shippingReturns.shipping-service,ShippingService.mainEntityOfPage,not_applicable,src/app/(storefront)/frakt-og-retur/page.mdx; src/lib/seo/supportPages.ts; src/lib/seo/JSON-LD/merchantPolicies.ts; src/lib/seo/JSON-LD/buildSupportJsonLd.ts; schema-dts 2.1.0 / installert arv,https://schema.org/ShippingService,"Schema.org-semantikk; ikke et særskilt Google-anbefalt felt for denne profilen. Egenskapen beskriver ingen separat del av denne ShippingService-entiteten eller valgt policyprofil. Eksisterende navn, beskrivelse, relasjoner og verdier dekker den dokumenterte rollen; ingen ekstra entiteter, handlinger, vurderinger eller redaksjonelle opplysninger tilføyes.",false,TypeScript; inventar/feltledger; HTTP og ekstern kodevalidering dokumenteres separat,
shippingReturns.shipping-service,ShippingService.name,emitted,src/app/(storefront)/frakt-og-retur/page.mdx; src/lib/seo/supportPages.ts; src/lib/seo/JSON-LD/merchantPolicies.ts; src/lib/seo/JSON-LD/buildSupportJsonLd.ts; schema-dts 2.1.0 / installert arv,https://developers.google.com/search/docs/appearance/structured-data/shipping-policy,"Verdi fra synlig policy eller verifisert felles identitets-/grafkontrakt. ""Ordinær frakt i Norge""",false,TypeScript; inventar/feltledger; HTTP og ekstern kodevalidering dokumenteres separat,
shippingReturns.shipping-service,ShippingService.owner,not_applicable,src/app/(storefront)/frakt-og-retur/page.mdx; src/lib/seo/supportPages.ts; src/lib/seo/JSON-LD/merchantPolicies.ts; src/lib/seo/JSON-LD/buildSupportJsonLd.ts; schema-dts 2.1.0 / installert arv,https://schema.org/ShippingService,"Schema.org-semantikk; ikke et særskilt Google-anbefalt felt for denne profilen. Egenskapen beskriver ingen separat del av denne ShippingService-entiteten eller valgt policyprofil. Eksisterende navn, beskrivelse, relasjoner og verdier dekker den dokumenterte rollen; ingen ekstra entiteter, handlinger, vurderinger eller redaksjonelle opplysninger tilføyes.",false,TypeScript; inventar/feltledger; HTTP og ekstern kodevalidering dokumenteres separat,
shippingReturns.shipping-service,ShippingService.potentialAction,not_applicable,src/app/(storefront)/frakt-og-retur/page.mdx; src/lib/seo/supportPages.ts; src/lib/seo/JSON-LD/merchantPolicies.ts; src/lib/seo/JSON-LD/buildSupportJsonLd.ts; schema-dts 2.1.0 / installert arv,https://schema.org/ShippingService,"Schema.org-semantikk; ikke et særskilt Google-anbefalt felt for denne profilen. Egenskapen beskriver ingen separat del av denne ShippingService-entiteten eller valgt policyprofil. Eksisterende navn, beskrivelse, relasjoner og verdier dekker den dokumenterte rollen; ingen ekstra entiteter, handlinger, vurderinger eller redaksjonelle opplysninger tilføyes.",false,TypeScript; inventar/feltledger; HTTP og ekstern kodevalidering dokumenteres separat,
shippingReturns.shipping-service,ShippingService.sameAs,not_applicable,src/app/(storefront)/frakt-og-retur/page.mdx; src/lib/seo/supportPages.ts; src/lib/seo/JSON-LD/merchantPolicies.ts; src/lib/seo/JSON-LD/buildSupportJsonLd.ts; schema-dts 2.1.0 / installert arv,https://schema.org/ShippingService,"Schema.org-semantikk; ikke et særskilt Google-anbefalt felt for denne profilen. Egenskapen beskriver ingen separat del av denne ShippingService-entiteten eller valgt policyprofil. Eksisterende navn, beskrivelse, relasjoner og verdier dekker den dokumenterte rollen; ingen ekstra entiteter, handlinger, vurderinger eller redaksjonelle opplysninger tilføyes.",false,TypeScript; inventar/feltledger; HTTP og ekstern kodevalidering dokumenteres separat,
shippingReturns.shipping-service,ShippingService.shippingConditions,emitted,src/app/(storefront)/frakt-og-retur/page.mdx; src/lib/seo/supportPages.ts; src/lib/seo/JSON-LD/merchantPolicies.ts; src/lib/seo/JSON-LD/buildSupportJsonLd.ts; schema-dts 2.1.0 / installert arv,https://developers.google.com/search/docs/appearance/structured-data/shipping-policy,"To Norge-regler: 99 NOK ordinært, 0 NOK fra 999 NOK; laveste gjeldende sats velges.",true,TypeScript; inventar/feltledger; HTTP og ekstern kodevalidering dokumenteres separat,
shippingReturns.shipping-service,ShippingService.subjectOf,not_applicable,src/app/(storefront)/frakt-og-retur/page.mdx; src/lib/seo/supportPages.ts; src/lib/seo/JSON-LD/merchantPolicies.ts; src/lib/seo/JSON-LD/buildSupportJsonLd.ts; schema-dts 2.1.0 / installert arv,https://schema.org/ShippingService,"Schema.org-semantikk; ikke et særskilt Google-anbefalt felt for denne profilen. Egenskapen beskriver ingen separat del av denne ShippingService-entiteten eller valgt policyprofil. Eksisterende navn, beskrivelse, relasjoner og verdier dekker den dokumenterte rollen; ingen ekstra entiteter, handlinger, vurderinger eller redaksjonelle opplysninger tilføyes.",false,TypeScript; inventar/feltledger; HTTP og ekstern kodevalidering dokumenteres separat,
shippingReturns.shipping-service,ShippingService.url,emitted,src/app/(storefront)/frakt-og-retur/page.mdx; src/lib/seo/supportPages.ts; src/lib/seo/JSON-LD/merchantPolicies.ts; src/lib/seo/JSON-LD/buildSupportJsonLd.ts; schema-dts 2.1.0 / installert arv,https://schema.org/ShippingService,"Schema.org-semantikk; ikke et særskilt Google-anbefalt felt for denne profilen. Verdi fra synlig policy eller verifisert felles identitets-/grafkontrakt. ""https://utekos.no/frakt-og-retur#frakt-og-levering""",false,TypeScript; inventar/feltledger; HTTP og ekstern kodevalidering dokumenteres separat,
shippingReturns.shipping-service,ShippingService.validForMemberTier,not_applicable,src/app/(storefront)/frakt-og-retur/page.mdx; src/lib/seo/supportPages.ts; src/lib/seo/JSON-LD/merchantPolicies.ts; src/lib/seo/JSON-LD/buildSupportJsonLd.ts; schema-dts 2.1.0 / installert arv,https://developers.google.com/search/docs/appearance/structured-data/shipping-policy,Dette er offentlig standardpolicy uten medlemsspesifikke vilkår.,false,TypeScript; inventar/feltledger; HTTP og ekstern kodevalidering dokumenteres separat,
shippingReturns.shipping-base,ShippingConditions.@id,not_applicable,src/app/(storefront)/frakt-og-retur/page.mdx; src/lib/seo/supportPages.ts; src/lib/seo/JSON-LD/merchantPolicies.ts; src/lib/seo/JSON-LD/buildSupportJsonLd.ts; schema-dts 2.1.0 / installert arv,https://schema.org/ShippingConditions,Schema.org-semantikk; ikke et særskilt Google-anbefalt felt for denne profilen. Nestet verdiobjekt uten uavhengig identitet eller innkommende referanser; stabil ID er ikke nødvendig.,false,TypeScript; inventar/feltledger; HTTP og ekstern kodevalidering dokumenteres separat,
shippingReturns.shipping-base,ShippingConditions.@type,emitted,src/app/(storefront)/frakt-og-retur/page.mdx; src/lib/seo/supportPages.ts; src/lib/seo/JSON-LD/merchantPolicies.ts; src/lib/seo/JSON-LD/buildSupportJsonLd.ts; schema-dts 2.1.0 / installert arv,https://schema.org/ShippingConditions,"Schema.org-semantikk; ikke et særskilt Google-anbefalt felt for denne profilen. Verdi fra synlig policy eller verifisert felles identitets-/grafkontrakt. ""ShippingConditions""",false,TypeScript; inventar/feltledger; HTTP og ekstern kodevalidering dokumenteres separat,
shippingReturns.shipping-base,ShippingConditions.additionalType,not_applicable,src/app/(storefront)/frakt-og-retur/page.mdx; src/lib/seo/supportPages.ts; src/lib/seo/JSON-LD/merchantPolicies.ts; src/lib/seo/JSON-LD/buildSupportJsonLd.ts; schema-dts 2.1.0 / installert arv,https://schema.org/ShippingConditions,"Schema.org-semantikk; ikke et særskilt Google-anbefalt felt for denne profilen. Egenskapen beskriver ingen separat del av denne ShippingConditions-entiteten eller valgt policyprofil. Eksisterende navn, beskrivelse, relasjoner og verdier dekker den dokumenterte rollen; ingen ekstra entiteter, handlinger, vurderinger eller redaksjonelle opplysninger tilføyes.",false,TypeScript; inventar/feltledger; HTTP og ekstern kodevalidering dokumenteres separat,
shippingReturns.shipping-base,ShippingConditions.alternateName,not_applicable,src/app/(storefront)/frakt-og-retur/page.mdx; src/lib/seo/supportPages.ts; src/lib/seo/JSON-LD/merchantPolicies.ts; src/lib/seo/JSON-LD/buildSupportJsonLd.ts; schema-dts 2.1.0 / installert arv,https://schema.org/ShippingConditions,"Schema.org-semantikk; ikke et særskilt Google-anbefalt felt for denne profilen. Egenskapen beskriver ingen separat del av denne ShippingConditions-entiteten eller valgt policyprofil. Eksisterende navn, beskrivelse, relasjoner og verdier dekker den dokumenterte rollen; ingen ekstra entiteter, handlinger, vurderinger eller redaksjonelle opplysninger tilføyes.",false,TypeScript; inventar/feltledger; HTTP og ekstern kodevalidering dokumenteres separat,
shippingReturns.shipping-base,ShippingConditions.depth,not_applicable,src/app/(storefront)/frakt-og-retur/page.mdx; src/lib/seo/supportPages.ts; src/lib/seo/JSON-LD/merchantPolicies.ts; src/lib/seo/JSON-LD/buildSupportJsonLd.ts; schema-dts 2.1.0 / installert arv,https://developers.google.com/search/docs/appearance/structured-data/shipping-policy,"Offentlig ordinær fraktregel avhenger av destinasjon og ordreverdi, ikke denne betingelsen.",false,TypeScript; inventar/feltledger; HTTP og ekstern kodevalidering dokumenteres separat,
shippingReturns.shipping-base,ShippingConditions.description,not_applicable,src/app/(storefront)/frakt-og-retur/page.mdx; src/lib/seo/supportPages.ts; src/lib/seo/JSON-LD/merchantPolicies.ts; src/lib/seo/JSON-LD/buildSupportJsonLd.ts; schema-dts 2.1.0 / installert arv,https://schema.org/ShippingConditions,"Schema.org-semantikk; ikke et særskilt Google-anbefalt felt for denne profilen. Egenskapen beskriver ingen separat del av denne ShippingConditions-entiteten eller valgt policyprofil. Eksisterende navn, beskrivelse, relasjoner og verdier dekker den dokumenterte rollen; ingen ekstra entiteter, handlinger, vurderinger eller redaksjonelle opplysninger tilføyes.",false,TypeScript; inventar/feltledger; HTTP og ekstern kodevalidering dokumenteres separat,
shippingReturns.shipping-base,ShippingConditions.disambiguatingDescription,not_applicable,src/app/(storefront)/frakt-og-retur/page.mdx; src/lib/seo/supportPages.ts; src/lib/seo/JSON-LD/merchantPolicies.ts; src/lib/seo/JSON-LD/buildSupportJsonLd.ts; schema-dts 2.1.0 / installert arv,https://schema.org/ShippingConditions,"Schema.org-semantikk; ikke et særskilt Google-anbefalt felt for denne profilen. Egenskapen beskriver ingen separat del av denne ShippingConditions-entiteten eller valgt policyprofil. Eksisterende navn, beskrivelse, relasjoner og verdier dekker den dokumenterte rollen; ingen ekstra entiteter, handlinger, vurderinger eller redaksjonelle opplysninger tilføyes.",false,TypeScript; inventar/feltledger; HTTP og ekstern kodevalidering dokumenteres separat,
shippingReturns.shipping-base,ShippingConditions.doesNotShip,not_applicable,src/app/(storefront)/frakt-og-retur/page.mdx; src/lib/seo/supportPages.ts; src/lib/seo/JSON-LD/merchantPolicies.ts; src/lib/seo/JSON-LD/buildSupportJsonLd.ts; schema-dts 2.1.0 / installert arv,https://developers.google.com/search/docs/appearance/structured-data/shipping-policy,Reglene beskriver ordinær tilgjengelig frakt i Norge; ingen eksplisitt eksklusjonsregel tilføyes.,false,TypeScript; inventar/feltledger; HTTP og ekstern kodevalidering dokumenteres separat,
shippingReturns.shipping-base,ShippingConditions.height,not_applicable,src/app/(storefront)/frakt-og-retur/page.mdx; src/lib/seo/supportPages.ts; src/lib/seo/JSON-LD/merchantPolicies.ts; src/lib/seo/JSON-LD/buildSupportJsonLd.ts; schema-dts 2.1.0 / installert arv,https://developers.google.com/search/docs/appearance/structured-data/shipping-policy,"Offentlig ordinær fraktregel avhenger av destinasjon og ordreverdi, ikke denne betingelsen.",false,TypeScript; inventar/feltledger; HTTP og ekstern kodevalidering dokumenteres separat,
shippingReturns.shipping-base,ShippingConditions.identifier,not_applicable,src/app/(storefront)/frakt-og-retur/page.mdx; src/lib/seo/supportPages.ts; src/lib/seo/JSON-LD/merchantPolicies.ts; src/lib/seo/JSON-LD/buildSupportJsonLd.ts; schema-dts 2.1.0 / installert arv,https://schema.org/ShippingConditions,"Schema.org-semantikk; ikke et særskilt Google-anbefalt felt for denne profilen. Egenskapen beskriver ingen separat del av denne ShippingConditions-entiteten eller valgt policyprofil. Eksisterende navn, beskrivelse, relasjoner og verdier dekker den dokumenterte rollen; ingen ekstra entiteter, handlinger, vurderinger eller redaksjonelle opplysninger tilføyes.",false,TypeScript; inventar/feltledger; HTTP og ekstern kodevalidering dokumenteres separat,
shippingReturns.shipping-base,ShippingConditions.image,not_applicable,src/app/(storefront)/frakt-og-retur/page.mdx; src/lib/seo/supportPages.ts; src/lib/seo/JSON-LD/merchantPolicies.ts; src/lib/seo/JSON-LD/buildSupportJsonLd.ts; schema-dts 2.1.0 / installert arv,https://schema.org/ShippingConditions,"Schema.org-semantikk; ikke et særskilt Google-anbefalt felt for denne profilen. Egenskapen beskriver ingen separat del av denne ShippingConditions-entiteten eller valgt policyprofil. Eksisterende navn, beskrivelse, relasjoner og verdier dekker den dokumenterte rollen; ingen ekstra entiteter, handlinger, vurderinger eller redaksjonelle opplysninger tilføyes.",false,TypeScript; inventar/feltledger; HTTP og ekstern kodevalidering dokumenteres separat,
shippingReturns.shipping-base,ShippingConditions.mainEntityOfPage,not_applicable,src/app/(storefront)/frakt-og-retur/page.mdx; src/lib/seo/supportPages.ts; src/lib/seo/JSON-LD/merchantPolicies.ts; src/lib/seo/JSON-LD/buildSupportJsonLd.ts; schema-dts 2.1.0 / installert arv,https://schema.org/ShippingConditions,"Schema.org-semantikk; ikke et særskilt Google-anbefalt felt for denne profilen. Egenskapen beskriver ingen separat del av denne ShippingConditions-entiteten eller valgt policyprofil. Eksisterende navn, beskrivelse, relasjoner og verdier dekker den dokumenterte rollen; ingen ekstra entiteter, handlinger, vurderinger eller redaksjonelle opplysninger tilføyes.",false,TypeScript; inventar/feltledger; HTTP og ekstern kodevalidering dokumenteres separat,
shippingReturns.shipping-base,ShippingConditions.name,not_applicable,src/app/(storefront)/frakt-og-retur/page.mdx; src/lib/seo/supportPages.ts; src/lib/seo/JSON-LD/merchantPolicies.ts; src/lib/seo/JSON-LD/buildSupportJsonLd.ts; schema-dts 2.1.0 / installert arv,https://schema.org/ShippingConditions,"Schema.org-semantikk; ikke et særskilt Google-anbefalt felt for denne profilen. Egenskapen beskriver ingen separat del av denne ShippingConditions-entiteten eller valgt policyprofil. Eksisterende navn, beskrivelse, relasjoner og verdier dekker den dokumenterte rollen; ingen ekstra entiteter, handlinger, vurderinger eller redaksjonelle opplysninger tilføyes.",false,TypeScript; inventar/feltledger; HTTP og ekstern kodevalidering dokumenteres separat,
shippingReturns.shipping-base,ShippingConditions.numItems,not_applicable,src/app/(storefront)/frakt-og-retur/page.mdx; src/lib/seo/supportPages.ts; src/lib/seo/JSON-LD/merchantPolicies.ts; src/lib/seo/JSON-LD/buildSupportJsonLd.ts; schema-dts 2.1.0 / installert arv,https://developers.google.com/search/docs/appearance/structured-data/shipping-policy,"Offentlig ordinær fraktregel avhenger av destinasjon og ordreverdi, ikke denne betingelsen.",false,TypeScript; inventar/feltledger; HTTP og ekstern kodevalidering dokumenteres separat,
shippingReturns.shipping-base,ShippingConditions.orderValue,not_applicable,src/app/(storefront)/frakt-og-retur/page.mdx; src/lib/seo/supportPages.ts; src/lib/seo/JSON-LD/merchantPolicies.ts; src/lib/seo/JSON-LD/buildSupportJsonLd.ts; schema-dts 2.1.0 / installert arv,https://developers.google.com/search/docs/appearance/structured-data/shipping-policy,Grunnsatsen gjelder alle ordreverdier; dokumentert gratisregel fra 999 NOK overstyrer via laveste gjeldende sats.,false,TypeScript; inventar/feltledger; HTTP og ekstern kodevalidering dokumenteres separat,
shippingReturns.shipping-base,ShippingConditions.owner,not_applicable,src/app/(storefront)/frakt-og-retur/page.mdx; src/lib/seo/supportPages.ts; src/lib/seo/JSON-LD/merchantPolicies.ts; src/lib/seo/JSON-LD/buildSupportJsonLd.ts; schema-dts 2.1.0 / installert arv,https://schema.org/ShippingConditions,"Schema.org-semantikk; ikke et særskilt Google-anbefalt felt for denne profilen. Egenskapen beskriver ingen separat del av denne ShippingConditions-entiteten eller valgt policyprofil. Eksisterende navn, beskrivelse, relasjoner og verdier dekker den dokumenterte rollen; ingen ekstra entiteter, handlinger, vurderinger eller redaksjonelle opplysninger tilføyes.",false,TypeScript; inventar/feltledger; HTTP og ekstern kodevalidering dokumenteres separat,
shippingReturns.shipping-base,ShippingConditions.potentialAction,not_applicable,src/app/(storefront)/frakt-og-retur/page.mdx; src/lib/seo/supportPages.ts; src/lib/seo/JSON-LD/merchantPolicies.ts; src/lib/seo/JSON-LD/buildSupportJsonLd.ts; schema-dts 2.1.0 / installert arv,https://schema.org/ShippingConditions,"Schema.org-semantikk; ikke et særskilt Google-anbefalt felt for denne profilen. Egenskapen beskriver ingen separat del av denne ShippingConditions-entiteten eller valgt policyprofil. Eksisterende navn, beskrivelse, relasjoner og verdier dekker den dokumenterte rollen; ingen ekstra entiteter, handlinger, vurderinger eller redaksjonelle opplysninger tilføyes.",false,TypeScript; inventar/feltledger; HTTP og ekstern kodevalidering dokumenteres separat,
shippingReturns.shipping-base,ShippingConditions.sameAs,not_applicable,src/app/(storefront)/frakt-og-retur/page.mdx; src/lib/seo/supportPages.ts; src/lib/seo/JSON-LD/merchantPolicies.ts; src/lib/seo/JSON-LD/buildSupportJsonLd.ts; schema-dts 2.1.0 / installert arv,https://schema.org/ShippingConditions,"Schema.org-semantikk; ikke et særskilt Google-anbefalt felt for denne profilen. Egenskapen beskriver ingen separat del av denne ShippingConditions-entiteten eller valgt policyprofil. Eksisterende navn, beskrivelse, relasjoner og verdier dekker den dokumenterte rollen; ingen ekstra entiteter, handlinger, vurderinger eller redaksjonelle opplysninger tilføyes.",false,TypeScript; inventar/feltledger; HTTP og ekstern kodevalidering dokumenteres separat,
shippingReturns.shipping-base,ShippingConditions.seasonalOverride,not_applicable,src/app/(storefront)/frakt-og-retur/page.mdx; src/lib/seo/supportPages.ts; src/lib/seo/JSON-LD/merchantPolicies.ts; src/lib/seo/JSON-LD/buildSupportJsonLd.ts; schema-dts 2.1.0 / installert arv,https://developers.google.com/search/docs/appearance/structured-data/shipping-policy,"Offentlig ordinær fraktregel avhenger av destinasjon og ordreverdi, ikke denne betingelsen.",false,TypeScript; inventar/feltledger; HTTP og ekstern kodevalidering dokumenteres separat,
shippingReturns.shipping-base,ShippingConditions.shippingDestination,emitted,src/app/(storefront)/frakt-og-retur/page.mdx; src/lib/seo/supportPages.ts; src/lib/seo/JSON-LD/merchantPolicies.ts; src/lib/seo/JSON-LD/buildSupportJsonLd.ts; schema-dts 2.1.0 / installert arv,https://developers.google.com/search/docs/appearance/structured-data/shipping-policy,"Verdi fra synlig policy eller verifisert felles identitets-/grafkontrakt. {""@type"":""DefinedRegion"",""addressCountry"":""NO""}",false,TypeScript; inventar/feltledger; HTTP og ekstern kodevalidering dokumenteres separat,
shippingReturns.shipping-base,ShippingConditions.shippingOrigin,missing_evidence,src/app/(storefront)/frakt-og-retur/page.mdx; src/lib/seo/supportPages.ts; src/lib/seo/JSON-LD/merchantPolicies.ts; src/lib/seo/JSON-LD/buildSupportJsonLd.ts; schema-dts 2.1.0 / installert arv,https://developers.google.com/search/docs/appearance/structured-data/shipping-policy,Returadresse er ikke dokumentasjon på avsenderlager.,false,TypeScript; inventar/feltledger; HTTP og ekstern kodevalidering dokumenteres separat,Innhent dokumentasjon før utvidelse
shippingReturns.shipping-base,ShippingConditions.shippingRate,emitted,src/app/(storefront)/frakt-og-retur/page.mdx; src/lib/seo/supportPages.ts; src/lib/seo/JSON-LD/merchantPolicies.ts; src/lib/seo/JSON-LD/buildSupportJsonLd.ts; schema-dts 2.1.0 / installert arv,https://developers.google.com/search/docs/appearance/structured-data/shipping-policy,"Verdi fra synlig policy eller verifisert felles identitets-/grafkontrakt. {""@type"":""MonetaryAmount"",""value"":99,""currency"":""NOK""}",false,TypeScript; inventar/feltledger; HTTP og ekstern kodevalidering dokumenteres separat,
shippingReturns.shipping-base,ShippingConditions.subjectOf,not_applicable,src/app/(storefront)/frakt-og-retur/page.mdx; src/lib/seo/supportPages.ts; src/lib/seo/JSON-LD/merchantPolicies.ts; src/lib/seo/JSON-LD/buildSupportJsonLd.ts; schema-dts 2.1.0 / installert arv,https://schema.org/ShippingConditions,"Schema.org-semantikk; ikke et særskilt Google-anbefalt felt for denne profilen. Egenskapen beskriver ingen separat del av denne ShippingConditions-entiteten eller valgt policyprofil. Eksisterende navn, beskrivelse, relasjoner og verdier dekker den dokumenterte rollen; ingen ekstra entiteter, handlinger, vurderinger eller redaksjonelle opplysninger tilføyes.",false,TypeScript; inventar/feltledger; HTTP og ekstern kodevalidering dokumenteres separat,
shippingReturns.shipping-base,ShippingConditions.transitTime,missing_evidence,src/app/(storefront)/frakt-og-retur/page.mdx; src/lib/seo/supportPages.ts; src/lib/seo/JSON-LD/merchantPolicies.ts; src/lib/seo/JSON-LD/buildSupportJsonLd.ts; schema-dts 2.1.0 / installert arv,https://developers.google.com/search/docs/appearance/structured-data/shipping-policy,"2–5 virkedager etter henting er dokumentert, men full ServicePeriod-arbeidsuke/cutoff er ikke dokumentert; ingen samlet ordreleveringstid utledes.",false,TypeScript; inventar/feltledger; HTTP og ekstern kodevalidering dokumenteres separat,Innhent dokumentasjon før utvidelse
shippingReturns.shipping-base,ShippingConditions.url,not_applicable,src/app/(storefront)/frakt-og-retur/page.mdx; src/lib/seo/supportPages.ts; src/lib/seo/JSON-LD/merchantPolicies.ts; src/lib/seo/JSON-LD/buildSupportJsonLd.ts; schema-dts 2.1.0 / installert arv,https://schema.org/ShippingConditions,"Schema.org-semantikk; ikke et særskilt Google-anbefalt felt for denne profilen. Egenskapen beskriver ingen separat del av denne ShippingConditions-entiteten eller valgt policyprofil. Eksisterende navn, beskrivelse, relasjoner og verdier dekker den dokumenterte rollen; ingen ekstra entiteter, handlinger, vurderinger eller redaksjonelle opplysninger tilføyes.",false,TypeScript; inventar/feltledger; HTTP og ekstern kodevalidering dokumenteres separat,
shippingReturns.shipping-base,ShippingConditions.weight,not_applicable,src/app/(storefront)/frakt-og-retur/page.mdx; src/lib/seo/supportPages.ts; src/lib/seo/JSON-LD/merchantPolicies.ts; src/lib/seo/JSON-LD/buildSupportJsonLd.ts; schema-dts 2.1.0 / installert arv,https://developers.google.com/search/docs/appearance/structured-data/shipping-policy,"Offentlig ordinær fraktregel avhenger av destinasjon og ordreverdi, ikke denne betingelsen.",false,TypeScript; inventar/feltledger; HTTP og ekstern kodevalidering dokumenteres separat,
shippingReturns.shipping-base,ShippingConditions.width,not_applicable,src/app/(storefront)/frakt-og-retur/page.mdx; src/lib/seo/supportPages.ts; src/lib/seo/JSON-LD/merchantPolicies.ts; src/lib/seo/JSON-LD/buildSupportJsonLd.ts; schema-dts 2.1.0 / installert arv,https://developers.google.com/search/docs/appearance/structured-data/shipping-policy,"Offentlig ordinær fraktregel avhenger av destinasjon og ordreverdi, ikke denne betingelsen.",false,TypeScript; inventar/feltledger; HTTP og ekstern kodevalidering dokumenteres separat,
shippingReturns.shipping-free,ShippingConditions.@id,not_applicable,src/app/(storefront)/frakt-og-retur/page.mdx; src/lib/seo/supportPages.ts; src/lib/seo/JSON-LD/merchantPolicies.ts; src/lib/seo/JSON-LD/buildSupportJsonLd.ts; schema-dts 2.1.0 / installert arv,https://schema.org/ShippingConditions,Schema.org-semantikk; ikke et særskilt Google-anbefalt felt for denne profilen. Nestet verdiobjekt uten uavhengig identitet eller innkommende referanser; stabil ID er ikke nødvendig.,false,TypeScript; inventar/feltledger; HTTP og ekstern kodevalidering dokumenteres separat,
shippingReturns.shipping-free,ShippingConditions.@type,emitted,src/app/(storefront)/frakt-og-retur/page.mdx; src/lib/seo/supportPages.ts; src/lib/seo/JSON-LD/merchantPolicies.ts; src/lib/seo/JSON-LD/buildSupportJsonLd.ts; schema-dts 2.1.0 / installert arv,https://schema.org/ShippingConditions,"Schema.org-semantikk; ikke et særskilt Google-anbefalt felt for denne profilen. Verdi fra synlig policy eller verifisert felles identitets-/grafkontrakt. ""ShippingConditions""",false,TypeScript; inventar/feltledger; HTTP og ekstern kodevalidering dokumenteres separat,
shippingReturns.shipping-free,ShippingConditions.additionalType,not_applicable,src/app/(storefront)/frakt-og-retur/page.mdx; src/lib/seo/supportPages.ts; src/lib/seo/JSON-LD/merchantPolicies.ts; src/lib/seo/JSON-LD/buildSupportJsonLd.ts; schema-dts 2.1.0 / installert arv,https://schema.org/ShippingConditions,"Schema.org-semantikk; ikke et særskilt Google-anbefalt felt for denne profilen. Egenskapen beskriver ingen separat del av denne ShippingConditions-entiteten eller valgt policyprofil. Eksisterende navn, beskrivelse, relasjoner og verdier dekker den dokumenterte rollen; ingen ekstra entiteter, handlinger, vurderinger eller redaksjonelle opplysninger tilføyes.",false,TypeScript; inventar/feltledger; HTTP og ekstern kodevalidering dokumenteres separat,
shippingReturns.shipping-free,ShippingConditions.alternateName,not_applicable,src/app/(storefront)/frakt-og-retur/page.mdx; src/lib/seo/supportPages.ts; src/lib/seo/JSON-LD/merchantPolicies.ts; src/lib/seo/JSON-LD/buildSupportJsonLd.ts; schema-dts 2.1.0 / installert arv,https://schema.org/ShippingConditions,"Schema.org-semantikk; ikke et særskilt Google-anbefalt felt for denne profilen. Egenskapen beskriver ingen separat del av denne ShippingConditions-entiteten eller valgt policyprofil. Eksisterende navn, beskrivelse, relasjoner og verdier dekker den dokumenterte rollen; ingen ekstra entiteter, handlinger, vurderinger eller redaksjonelle opplysninger tilføyes.",false,TypeScript; inventar/feltledger; HTTP og ekstern kodevalidering dokumenteres separat,
shippingReturns.shipping-free,ShippingConditions.depth,not_applicable,src/app/(storefront)/frakt-og-retur/page.mdx; src/lib/seo/supportPages.ts; src/lib/seo/JSON-LD/merchantPolicies.ts; src/lib/seo/JSON-LD/buildSupportJsonLd.ts; schema-dts 2.1.0 / installert arv,https://developers.google.com/search/docs/appearance/structured-data/shipping-policy,"Offentlig ordinær fraktregel avhenger av destinasjon og ordreverdi, ikke denne betingelsen.",false,TypeScript; inventar/feltledger; HTTP og ekstern kodevalidering dokumenteres separat,
shippingReturns.shipping-free,ShippingConditions.description,not_applicable,src/app/(storefront)/frakt-og-retur/page.mdx; src/lib/seo/supportPages.ts; src/lib/seo/JSON-LD/merchantPolicies.ts; src/lib/seo/JSON-LD/buildSupportJsonLd.ts; schema-dts 2.1.0 / installert arv,https://schema.org/ShippingConditions,"Schema.org-semantikk; ikke et særskilt Google-anbefalt felt for denne profilen. Egenskapen beskriver ingen separat del av denne ShippingConditions-entiteten eller valgt policyprofil. Eksisterende navn, beskrivelse, relasjoner og verdier dekker den dokumenterte rollen; ingen ekstra entiteter, handlinger, vurderinger eller redaksjonelle opplysninger tilføyes.",false,TypeScript; inventar/feltledger; HTTP og ekstern kodevalidering dokumenteres separat,
shippingReturns.shipping-free,ShippingConditions.disambiguatingDescription,not_applicable,src/app/(storefront)/frakt-og-retur/page.mdx; src/lib/seo/supportPages.ts; src/lib/seo/JSON-LD/merchantPolicies.ts; src/lib/seo/JSON-LD/buildSupportJsonLd.ts; schema-dts 2.1.0 / installert arv,https://schema.org/ShippingConditions,"Schema.org-semantikk; ikke et særskilt Google-anbefalt felt for denne profilen. Egenskapen beskriver ingen separat del av denne ShippingConditions-entiteten eller valgt policyprofil. Eksisterende navn, beskrivelse, relasjoner og verdier dekker den dokumenterte rollen; ingen ekstra entiteter, handlinger, vurderinger eller redaksjonelle opplysninger tilføyes.",false,TypeScript; inventar/feltledger; HTTP og ekstern kodevalidering dokumenteres separat,
shippingReturns.shipping-free,ShippingConditions.doesNotShip,not_applicable,src/app/(storefront)/frakt-og-retur/page.mdx; src/lib/seo/supportPages.ts; src/lib/seo/JSON-LD/merchantPolicies.ts; src/lib/seo/JSON-LD/buildSupportJsonLd.ts; schema-dts 2.1.0 / installert arv,https://developers.google.com/search/docs/appearance/structured-data/shipping-policy,Reglene beskriver ordinær tilgjengelig frakt i Norge; ingen eksplisitt eksklusjonsregel tilføyes.,false,TypeScript; inventar/feltledger; HTTP og ekstern kodevalidering dokumenteres separat,
shippingReturns.shipping-free,ShippingConditions.height,not_applicable,src/app/(storefront)/frakt-og-retur/page.mdx; src/lib/seo/supportPages.ts; src/lib/seo/JSON-LD/merchantPolicies.ts; src/lib/seo/JSON-LD/buildSupportJsonLd.ts; schema-dts 2.1.0 / installert arv,https://developers.google.com/search/docs/appearance/structured-data/shipping-policy,"Offentlig ordinær fraktregel avhenger av destinasjon og ordreverdi, ikke denne betingelsen.",false,TypeScript; inventar/feltledger; HTTP og ekstern kodevalidering dokumenteres separat,
shippingReturns.shipping-free,ShippingConditions.identifier,not_applicable,src/app/(storefront)/frakt-og-retur/page.mdx; src/lib/seo/supportPages.ts; src/lib/seo/JSON-LD/merchantPolicies.ts; src/lib/seo/JSON-LD/buildSupportJsonLd.ts; schema-dts 2.1.0 / installert arv,https://schema.org/ShippingConditions,"Schema.org-semantikk; ikke et særskilt Google-anbefalt felt for denne profilen. Egenskapen beskriver ingen separat del av denne ShippingConditions-entiteten eller valgt policyprofil. Eksisterende navn, beskrivelse, relasjoner og verdier dekker den dokumenterte rollen; ingen ekstra entiteter, handlinger, vurderinger eller redaksjonelle opplysninger tilføyes.",false,TypeScript; inventar/feltledger; HTTP og ekstern kodevalidering dokumenteres separat,
shippingReturns.shipping-free,ShippingConditions.image,not_applicable,src/app/(storefront)/frakt-og-retur/page.mdx; src/lib/seo/supportPages.ts; src/lib/seo/JSON-LD/merchantPolicies.ts; src/lib/seo/JSON-LD/buildSupportJsonLd.ts; schema-dts 2.1.0 / installert arv,https://schema.org/ShippingConditions,"Schema.org-semantikk; ikke et særskilt Google-anbefalt felt for denne profilen. Egenskapen beskriver ingen separat del av denne ShippingConditions-entiteten eller valgt policyprofil. Eksisterende navn, beskrivelse, relasjoner og verdier dekker den dokumenterte rollen; ingen ekstra entiteter, handlinger, vurderinger eller redaksjonelle opplysninger tilføyes.",false,TypeScript; inventar/feltledger; HTTP og ekstern kodevalidering dokumenteres separat,
shippingReturns.shipping-free,ShippingConditions.mainEntityOfPage,not_applicable,src/app/(storefront)/frakt-og-retur/page.mdx; src/lib/seo/supportPages.ts; src/lib/seo/JSON-LD/merchantPolicies.ts; src/lib/seo/JSON-LD/buildSupportJsonLd.ts; schema-dts 2.1.0 / installert arv,https://schema.org/ShippingConditions,"Schema.org-semantikk; ikke et særskilt Google-anbefalt felt for denne profilen. Egenskapen beskriver ingen separat del av denne ShippingConditions-entiteten eller valgt policyprofil. Eksisterende navn, beskrivelse, relasjoner og verdier dekker den dokumenterte rollen; ingen ekstra entiteter, handlinger, vurderinger eller redaksjonelle opplysninger tilføyes.",false,TypeScript; inventar/feltledger; HTTP og ekstern kodevalidering dokumenteres separat,
shippingReturns.shipping-free,ShippingConditions.name,not_applicable,src/app/(storefront)/frakt-og-retur/page.mdx; src/lib/seo/supportPages.ts; src/lib/seo/JSON-LD/merchantPolicies.ts; src/lib/seo/JSON-LD/buildSupportJsonLd.ts; schema-dts 2.1.0 / installert arv,https://schema.org/ShippingConditions,"Schema.org-semantikk; ikke et særskilt Google-anbefalt felt for denne profilen. Egenskapen beskriver ingen separat del av denne ShippingConditions-entiteten eller valgt policyprofil. Eksisterende navn, beskrivelse, relasjoner og verdier dekker den dokumenterte rollen; ingen ekstra entiteter, handlinger, vurderinger eller redaksjonelle opplysninger tilføyes.",false,TypeScript; inventar/feltledger; HTTP og ekstern kodevalidering dokumenteres separat,
shippingReturns.shipping-free,ShippingConditions.numItems,not_applicable,src/app/(storefront)/frakt-og-retur/page.mdx; src/lib/seo/supportPages.ts; src/lib/seo/JSON-LD/merchantPolicies.ts; src/lib/seo/JSON-LD/buildSupportJsonLd.ts; schema-dts 2.1.0 / installert arv,https://developers.google.com/search/docs/appearance/structured-data/shipping-policy,"Offentlig ordinær fraktregel avhenger av destinasjon og ordreverdi, ikke denne betingelsen.",false,TypeScript; inventar/feltledger; HTTP og ekstern kodevalidering dokumenteres separat,
shippingReturns.shipping-free,ShippingConditions.orderValue,emitted,src/app/(storefront)/frakt-og-retur/page.mdx; src/lib/seo/supportPages.ts; src/lib/seo/JSON-LD/merchantPolicies.ts; src/lib/seo/JSON-LD/buildSupportJsonLd.ts; schema-dts 2.1.0 / installert arv,https://developers.google.com/search/docs/appearance/structured-data/shipping-policy,"Verdi fra synlig policy eller verifisert felles identitets-/grafkontrakt. {""@type"":""MonetaryAmount"",""minValue"":999,""currency"":""NOK""}",false,TypeScript; inventar/feltledger; HTTP og ekstern kodevalidering dokumenteres separat,
shippingReturns.shipping-free,ShippingConditions.owner,not_applicable,src/app/(storefront)/frakt-og-retur/page.mdx; src/lib/seo/supportPages.ts; src/lib/seo/JSON-LD/merchantPolicies.ts; src/lib/seo/JSON-LD/buildSupportJsonLd.ts; schema-dts 2.1.0 / installert arv,https://schema.org/ShippingConditions,"Schema.org-semantikk; ikke et særskilt Google-anbefalt felt for denne profilen. Egenskapen beskriver ingen separat del av denne ShippingConditions-entiteten eller valgt policyprofil. Eksisterende navn, beskrivelse, relasjoner og verdier dekker den dokumenterte rollen; ingen ekstra entiteter, handlinger, vurderinger eller redaksjonelle opplysninger tilføyes.",false,TypeScript; inventar/feltledger; HTTP og ekstern kodevalidering dokumenteres separat,
shippingReturns.shipping-free,ShippingConditions.potentialAction,not_applicable,src/app/(storefront)/frakt-og-retur/page.mdx; src/lib/seo/supportPages.ts; src/lib/seo/JSON-LD/merchantPolicies.ts; src/lib/seo/JSON-LD/buildSupportJsonLd.ts; schema-dts 2.1.0 / installert arv,https://schema.org/ShippingConditions,"Schema.org-semantikk; ikke et særskilt Google-anbefalt felt for denne profilen. Egenskapen beskriver ingen separat del av denne ShippingConditions-entiteten eller valgt policyprofil. Eksisterende navn, beskrivelse, relasjoner og verdier dekker den dokumenterte rollen; ingen ekstra entiteter, handlinger, vurderinger eller redaksjonelle opplysninger tilføyes.",false,TypeScript; inventar/feltledger; HTTP og ekstern kodevalidering dokumenteres separat,
shippingReturns.shipping-free,ShippingConditions.sameAs,not_applicable,src/app/(storefront)/frakt-og-retur/page.mdx; src/lib/seo/supportPages.ts; src/lib/seo/JSON-LD/merchantPolicies.ts; src/lib/seo/JSON-LD/buildSupportJsonLd.ts; schema-dts 2.1.0 / installert arv,https://schema.org/ShippingConditions,"Schema.org-semantikk; ikke et særskilt Google-anbefalt felt for denne profilen. Egenskapen beskriver ingen separat del av denne ShippingConditions-entiteten eller valgt policyprofil. Eksisterende navn, beskrivelse, relasjoner og verdier dekker den dokumenterte rollen; ingen ekstra entiteter, handlinger, vurderinger eller redaksjonelle opplysninger tilføyes.",false,TypeScript; inventar/feltledger; HTTP og ekstern kodevalidering dokumenteres separat,
shippingReturns.shipping-free,ShippingConditions.seasonalOverride,not_applicable,src/app/(storefront)/frakt-og-retur/page.mdx; src/lib/seo/supportPages.ts; src/lib/seo/JSON-LD/merchantPolicies.ts; src/lib/seo/JSON-LD/buildSupportJsonLd.ts; schema-dts 2.1.0 / installert arv,https://developers.google.com/search/docs/appearance/structured-data/shipping-policy,"Offentlig ordinær fraktregel avhenger av destinasjon og ordreverdi, ikke denne betingelsen.",false,TypeScript; inventar/feltledger; HTTP og ekstern kodevalidering dokumenteres separat,
shippingReturns.shipping-free,ShippingConditions.shippingDestination,emitted,src/app/(storefront)/frakt-og-retur/page.mdx; src/lib/seo/supportPages.ts; src/lib/seo/JSON-LD/merchantPolicies.ts; src/lib/seo/JSON-LD/buildSupportJsonLd.ts; schema-dts 2.1.0 / installert arv,https://developers.google.com/search/docs/appearance/structured-data/shipping-policy,"Verdi fra synlig policy eller verifisert felles identitets-/grafkontrakt. {""@type"":""DefinedRegion"",""addressCountry"":""NO""}",false,TypeScript; inventar/feltledger; HTTP og ekstern kodevalidering dokumenteres separat,
shippingReturns.shipping-free,ShippingConditions.shippingOrigin,missing_evidence,src/app/(storefront)/frakt-og-retur/page.mdx; src/lib/seo/supportPages.ts; src/lib/seo/JSON-LD/merchantPolicies.ts; src/lib/seo/JSON-LD/buildSupportJsonLd.ts; schema-dts 2.1.0 / installert arv,https://developers.google.com/search/docs/appearance/structured-data/shipping-policy,Returadresse er ikke dokumentasjon på avsenderlager.,false,TypeScript; inventar/feltledger; HTTP og ekstern kodevalidering dokumenteres separat,Innhent dokumentasjon før utvidelse
shippingReturns.shipping-free,ShippingConditions.shippingRate,emitted,src/app/(storefront)/frakt-og-retur/page.mdx; src/lib/seo/supportPages.ts; src/lib/seo/JSON-LD/merchantPolicies.ts; src/lib/seo/JSON-LD/buildSupportJsonLd.ts; schema-dts 2.1.0 / installert arv,https://developers.google.com/search/docs/appearance/structured-data/shipping-policy,"Verdi fra synlig policy eller verifisert felles identitets-/grafkontrakt. {""@type"":""MonetaryAmount"",""value"":0,""currency"":""NOK""}",false,TypeScript; inventar/feltledger; HTTP og ekstern kodevalidering dokumenteres separat,
shippingReturns.shipping-free,ShippingConditions.subjectOf,not_applicable,src/app/(storefront)/frakt-og-retur/page.mdx; src/lib/seo/supportPages.ts; src/lib/seo/JSON-LD/merchantPolicies.ts; src/lib/seo/JSON-LD/buildSupportJsonLd.ts; schema-dts 2.1.0 / installert arv,https://schema.org/ShippingConditions,"Schema.org-semantikk; ikke et særskilt Google-anbefalt felt for denne profilen. Egenskapen beskriver ingen separat del av denne ShippingConditions-entiteten eller valgt policyprofil. Eksisterende navn, beskrivelse, relasjoner og verdier dekker den dokumenterte rollen; ingen ekstra entiteter, handlinger, vurderinger eller redaksjonelle opplysninger tilføyes.",false,TypeScript; inventar/feltledger; HTTP og ekstern kodevalidering dokumenteres separat,
shippingReturns.shipping-free,ShippingConditions.transitTime,missing_evidence,src/app/(storefront)/frakt-og-retur/page.mdx; src/lib/seo/supportPages.ts; src/lib/seo/JSON-LD/merchantPolicies.ts; src/lib/seo/JSON-LD/buildSupportJsonLd.ts; schema-dts 2.1.0 / installert arv,https://developers.google.com/search/docs/appearance/structured-data/shipping-policy,"2–5 virkedager etter henting er dokumentert, men full ServicePeriod-arbeidsuke/cutoff er ikke dokumentert; ingen samlet ordreleveringstid utledes.",false,TypeScript; inventar/feltledger; HTTP og ekstern kodevalidering dokumenteres separat,Innhent dokumentasjon før utvidelse
shippingReturns.shipping-free,ShippingConditions.url,not_applicable,src/app/(storefront)/frakt-og-retur/page.mdx; src/lib/seo/supportPages.ts; src/lib/seo/JSON-LD/merchantPolicies.ts; src/lib/seo/JSON-LD/buildSupportJsonLd.ts; schema-dts 2.1.0 / installert arv,https://schema.org/ShippingConditions,"Schema.org-semantikk; ikke et særskilt Google-anbefalt felt for denne profilen. Egenskapen beskriver ingen separat del av denne ShippingConditions-entiteten eller valgt policyprofil. Eksisterende navn, beskrivelse, relasjoner og verdier dekker den dokumenterte rollen; ingen ekstra entiteter, handlinger, vurderinger eller redaksjonelle opplysninger tilføyes.",false,TypeScript; inventar/feltledger; HTTP og ekstern kodevalidering dokumenteres separat,
shippingReturns.shipping-free,ShippingConditions.weight,not_applicable,src/app/(storefront)/frakt-og-retur/page.mdx; src/lib/seo/supportPages.ts; src/lib/seo/JSON-LD/merchantPolicies.ts; src/lib/seo/JSON-LD/buildSupportJsonLd.ts; schema-dts 2.1.0 / installert arv,https://developers.google.com/search/docs/appearance/structured-data/shipping-policy,"Offentlig ordinær fraktregel avhenger av destinasjon og ordreverdi, ikke denne betingelsen.",false,TypeScript; inventar/feltledger; HTTP og ekstern kodevalidering dokumenteres separat,
shippingReturns.shipping-free,ShippingConditions.width,not_applicable,src/app/(storefront)/frakt-og-retur/page.mdx; src/lib/seo/supportPages.ts; src/lib/seo/JSON-LD/merchantPolicies.ts; src/lib/seo/JSON-LD/buildSupportJsonLd.ts; schema-dts 2.1.0 / installert arv,https://developers.google.com/search/docs/appearance/structured-data/shipping-policy,"Offentlig ordinær fraktregel avhenger av destinasjon og ordreverdi, ikke denne betingelsen.",false,TypeScript; inventar/feltledger; HTTP og ekstern kodevalidering dokumenteres separat,
shippingReturns.destination-base,DefinedRegion.@id,not_applicable,src/app/(storefront)/frakt-og-retur/page.mdx; src/lib/seo/supportPages.ts; src/lib/seo/JSON-LD/merchantPolicies.ts; src/lib/seo/JSON-LD/buildSupportJsonLd.ts; schema-dts 2.1.0 / installert arv,https://schema.org/DefinedRegion,Schema.org-semantikk; ikke et særskilt Google-anbefalt felt for denne profilen. Nestet verdiobjekt uten uavhengig identitet eller innkommende referanser; stabil ID er ikke nødvendig.,false,TypeScript; inventar/feltledger; HTTP og ekstern kodevalidering dokumenteres separat,
shippingReturns.destination-base,DefinedRegion.@type,emitted,src/app/(storefront)/frakt-og-retur/page.mdx; src/lib/seo/supportPages.ts; src/lib/seo/JSON-LD/merchantPolicies.ts; src/lib/seo/JSON-LD/buildSupportJsonLd.ts; schema-dts 2.1.0 / installert arv,https://schema.org/DefinedRegion,"Schema.org-semantikk; ikke et særskilt Google-anbefalt felt for denne profilen. Verdi fra synlig policy eller verifisert felles identitets-/grafkontrakt. ""DefinedRegion""",false,TypeScript; inventar/feltledger; HTTP og ekstern kodevalidering dokumenteres separat,
shippingReturns.destination-base,DefinedRegion.additionalProperty,not_applicable,src/app/(storefront)/frakt-og-retur/page.mdx; src/lib/seo/supportPages.ts; src/lib/seo/JSON-LD/merchantPolicies.ts; src/lib/seo/JSON-LD/buildSupportJsonLd.ts; schema-dts 2.1.0 / installert arv,https://schema.org/DefinedRegion,"Schema.org-semantikk; ikke et særskilt Google-anbefalt felt for denne profilen. Egenskapen beskriver ingen separat del av denne DefinedRegion-entiteten eller valgt policyprofil. Eksisterende navn, beskrivelse, relasjoner og verdier dekker den dokumenterte rollen; ingen ekstra entiteter, handlinger, vurderinger eller redaksjonelle opplysninger tilføyes.",false,TypeScript; inventar/feltledger; HTTP og ekstern kodevalidering dokumenteres separat,
shippingReturns.destination-base,DefinedRegion.additionalType,not_applicable,src/app/(storefront)/frakt-og-retur/page.mdx; src/lib/seo/supportPages.ts; src/lib/seo/JSON-LD/merchantPolicies.ts; src/lib/seo/JSON-LD/buildSupportJsonLd.ts; schema-dts 2.1.0 / installert arv,https://schema.org/DefinedRegion,"Schema.org-semantikk; ikke et særskilt Google-anbefalt felt for denne profilen. Egenskapen beskriver ingen separat del av denne DefinedRegion-entiteten eller valgt policyprofil. Eksisterende navn, beskrivelse, relasjoner og verdier dekker den dokumenterte rollen; ingen ekstra entiteter, handlinger, vurderinger eller redaksjonelle opplysninger tilføyes.",false,TypeScript; inventar/feltledger; HTTP og ekstern kodevalidering dokumenteres separat,
shippingReturns.destination-base,DefinedRegion.address,not_applicable,src/app/(storefront)/frakt-og-retur/page.mdx; src/lib/seo/supportPages.ts; src/lib/seo/JSON-LD/merchantPolicies.ts; src/lib/seo/JSON-LD/buildSupportJsonLd.ts; schema-dts 2.1.0 / installert arv,https://schema.org/DefinedRegion,"Schema.org-semantikk; ikke et særskilt Google-anbefalt felt for denne profilen. Egenskapen beskriver ingen separat del av denne DefinedRegion-entiteten eller valgt policyprofil. Eksisterende navn, beskrivelse, relasjoner og verdier dekker den dokumenterte rollen; ingen ekstra entiteter, handlinger, vurderinger eller redaksjonelle opplysninger tilføyes.",false,TypeScript; inventar/feltledger; HTTP og ekstern kodevalidering dokumenteres separat,
shippingReturns.destination-base,DefinedRegion.addressCountry,emitted,src/app/(storefront)/frakt-og-retur/page.mdx; src/lib/seo/supportPages.ts; src/lib/seo/JSON-LD/merchantPolicies.ts; src/lib/seo/JSON-LD/buildSupportJsonLd.ts; schema-dts 2.1.0 / installert arv,https://developers.google.com/search/docs/appearance/structured-data/shipping-policy,"Verdi fra synlig policy eller verifisert felles identitets-/grafkontrakt. ""NO""",true,TypeScript; inventar/feltledger; HTTP og ekstern kodevalidering dokumenteres separat,
shippingReturns.destination-base,DefinedRegion.addressRegion,not_applicable,src/app/(storefront)/frakt-og-retur/page.mdx; src/lib/seo/supportPages.ts; src/lib/seo/JSON-LD/merchantPolicies.ts; src/lib/seo/JSON-LD/buildSupportJsonLd.ts; schema-dts 2.1.0 / installert arv,https://developers.google.com/search/docs/appearance/structured-data/shipping-policy,"Regelen gjelder Norge på landnivå, uten regionale eller postnummerbaserte unntak.",false,TypeScript; inventar/feltledger; HTTP og ekstern kodevalidering dokumenteres separat,
shippingReturns.destination-base,DefinedRegion.aggregateRating,not_applicable,src/app/(storefront)/frakt-og-retur/page.mdx; src/lib/seo/supportPages.ts; src/lib/seo/JSON-LD/merchantPolicies.ts; src/lib/seo/JSON-LD/buildSupportJsonLd.ts; schema-dts 2.1.0 / installert arv,https://schema.org/DefinedRegion,"Schema.org-semantikk; ikke et særskilt Google-anbefalt felt for denne profilen. Egenskapen beskriver ingen separat del av denne DefinedRegion-entiteten eller valgt policyprofil. Eksisterende navn, beskrivelse, relasjoner og verdier dekker den dokumenterte rollen; ingen ekstra entiteter, handlinger, vurderinger eller redaksjonelle opplysninger tilføyes.",false,TypeScript; inventar/feltledger; HTTP og ekstern kodevalidering dokumenteres separat,
shippingReturns.destination-base,DefinedRegion.alternateName,not_applicable,src/app/(storefront)/frakt-og-retur/page.mdx; src/lib/seo/supportPages.ts; src/lib/seo/JSON-LD/merchantPolicies.ts; src/lib/seo/JSON-LD/buildSupportJsonLd.ts; schema-dts 2.1.0 / installert arv,https://schema.org/DefinedRegion,"Schema.org-semantikk; ikke et særskilt Google-anbefalt felt for denne profilen. Egenskapen beskriver ingen separat del av denne DefinedRegion-entiteten eller valgt policyprofil. Eksisterende navn, beskrivelse, relasjoner og verdier dekker den dokumenterte rollen; ingen ekstra entiteter, handlinger, vurderinger eller redaksjonelle opplysninger tilføyes.",false,TypeScript; inventar/feltledger; HTTP og ekstern kodevalidering dokumenteres separat,
shippingReturns.destination-base,DefinedRegion.amenityFeature,not_applicable,src/app/(storefront)/frakt-og-retur/page.mdx; src/lib/seo/supportPages.ts; src/lib/seo/JSON-LD/merchantPolicies.ts; src/lib/seo/JSON-LD/buildSupportJsonLd.ts; schema-dts 2.1.0 / installert arv,https://schema.org/DefinedRegion,"Schema.org-semantikk; ikke et særskilt Google-anbefalt felt for denne profilen. Egenskapen beskriver ingen separat del av denne DefinedRegion-entiteten eller valgt policyprofil. Eksisterende navn, beskrivelse, relasjoner og verdier dekker den dokumenterte rollen; ingen ekstra entiteter, handlinger, vurderinger eller redaksjonelle opplysninger tilføyes.",false,TypeScript; inventar/feltledger; HTTP og ekstern kodevalidering dokumenteres separat,
shippingReturns.destination-base,DefinedRegion.branchCode,not_applicable,src/app/(storefront)/frakt-og-retur/page.mdx; src/lib/seo/supportPages.ts; src/lib/seo/JSON-LD/merchantPolicies.ts; src/lib/seo/JSON-LD/buildSupportJsonLd.ts; schema-dts 2.1.0 / installert arv,https://schema.org/DefinedRegion,"Schema.org-semantikk; ikke et særskilt Google-anbefalt felt for denne profilen. Egenskapen beskriver ingen separat del av denne DefinedRegion-entiteten eller valgt policyprofil. Eksisterende navn, beskrivelse, relasjoner og verdier dekker den dokumenterte rollen; ingen ekstra entiteter, handlinger, vurderinger eller redaksjonelle opplysninger tilføyes.",false,TypeScript; inventar/feltledger; HTTP og ekstern kodevalidering dokumenteres separat,
shippingReturns.destination-base,DefinedRegion.containedIn,not_applicable,src/app/(storefront)/frakt-og-retur/page.mdx; src/lib/seo/supportPages.ts; src/lib/seo/JSON-LD/merchantPolicies.ts; src/lib/seo/JSON-LD/buildSupportJsonLd.ts; schema-dts 2.1.0 / installert arv,https://schema.org/DefinedRegion,"Schema.org-semantikk; ikke et særskilt Google-anbefalt felt for denne profilen. Egenskapen beskriver ingen separat del av denne DefinedRegion-entiteten eller valgt policyprofil. Eksisterende navn, beskrivelse, relasjoner og verdier dekker den dokumenterte rollen; ingen ekstra entiteter, handlinger, vurderinger eller redaksjonelle opplysninger tilføyes.",false,TypeScript; inventar/feltledger; HTTP og ekstern kodevalidering dokumenteres separat,
shippingReturns.destination-base,DefinedRegion.containedInPlace,not_applicable,src/app/(storefront)/frakt-og-retur/page.mdx; src/lib/seo/supportPages.ts; src/lib/seo/JSON-LD/merchantPolicies.ts; src/lib/seo/JSON-LD/buildSupportJsonLd.ts; schema-dts 2.1.0 / installert arv,https://schema.org/DefinedRegion,"Schema.org-semantikk; ikke et særskilt Google-anbefalt felt for denne profilen. Egenskapen beskriver ingen separat del av denne DefinedRegion-entiteten eller valgt policyprofil. Eksisterende navn, beskrivelse, relasjoner og verdier dekker den dokumenterte rollen; ingen ekstra entiteter, handlinger, vurderinger eller redaksjonelle opplysninger tilføyes.",false,TypeScript; inventar/feltledger; HTTP og ekstern kodevalidering dokumenteres separat,
shippingReturns.destination-base,DefinedRegion.containsPlace,not_applicable,src/app/(storefront)/frakt-og-retur/page.mdx; src/lib/seo/supportPages.ts; src/lib/seo/JSON-LD/merchantPolicies.ts; src/lib/seo/JSON-LD/buildSupportJsonLd.ts; schema-dts 2.1.0 / installert arv,https://schema.org/DefinedRegion,"Schema.org-semantikk; ikke et særskilt Google-anbefalt felt for denne profilen. Egenskapen beskriver ingen separat del av denne DefinedRegion-entiteten eller valgt policyprofil. Eksisterende navn, beskrivelse, relasjoner og verdier dekker den dokumenterte rollen; ingen ekstra entiteter, handlinger, vurderinger eller redaksjonelle opplysninger tilføyes.",false,TypeScript; inventar/feltledger; HTTP og ekstern kodevalidering dokumenteres separat,
shippingReturns.destination-base,DefinedRegion.description,not_applicable,src/app/(storefront)/frakt-og-retur/page.mdx; src/lib/seo/supportPages.ts; src/lib/seo/JSON-LD/merchantPolicies.ts; src/lib/seo/JSON-LD/buildSupportJsonLd.ts; schema-dts 2.1.0 / installert arv,https://schema.org/DefinedRegion,"Schema.org-semantikk; ikke et særskilt Google-anbefalt felt for denne profilen. Egenskapen beskriver ingen separat del av denne DefinedRegion-entiteten eller valgt policyprofil. Eksisterende navn, beskrivelse, relasjoner og verdier dekker den dokumenterte rollen; ingen ekstra entiteter, handlinger, vurderinger eller redaksjonelle opplysninger tilføyes.",false,TypeScript; inventar/feltledger; HTTP og ekstern kodevalidering dokumenteres separat,
shippingReturns.destination-base,DefinedRegion.disambiguatingDescription,not_applicable,src/app/(storefront)/frakt-og-retur/page.mdx; src/lib/seo/supportPages.ts; src/lib/seo/JSON-LD/merchantPolicies.ts; src/lib/seo/JSON-LD/buildSupportJsonLd.ts; schema-dts 2.1.0 / installert arv,https://schema.org/DefinedRegion,"Schema.org-semantikk; ikke et særskilt Google-anbefalt felt for denne profilen. Egenskapen beskriver ingen separat del av denne DefinedRegion-entiteten eller valgt policyprofil. Eksisterende navn, beskrivelse, relasjoner og verdier dekker den dokumenterte rollen; ingen ekstra entiteter, handlinger, vurderinger eller redaksjonelle opplysninger tilføyes.",false,TypeScript; inventar/feltledger; HTTP og ekstern kodevalidering dokumenteres separat,
shippingReturns.destination-base,DefinedRegion.event,not_applicable,src/app/(storefront)/frakt-og-retur/page.mdx; src/lib/seo/supportPages.ts; src/lib/seo/JSON-LD/merchantPolicies.ts; src/lib/seo/JSON-LD/buildSupportJsonLd.ts; schema-dts 2.1.0 / installert arv,https://schema.org/DefinedRegion,"Schema.org-semantikk; ikke et særskilt Google-anbefalt felt for denne profilen. Egenskapen beskriver ingen separat del av denne DefinedRegion-entiteten eller valgt policyprofil. Eksisterende navn, beskrivelse, relasjoner og verdier dekker den dokumenterte rollen; ingen ekstra entiteter, handlinger, vurderinger eller redaksjonelle opplysninger tilføyes.",false,TypeScript; inventar/feltledger; HTTP og ekstern kodevalidering dokumenteres separat,
shippingReturns.destination-base,DefinedRegion.events,not_applicable,src/app/(storefront)/frakt-og-retur/page.mdx; src/lib/seo/supportPages.ts; src/lib/seo/JSON-LD/merchantPolicies.ts; src/lib/seo/JSON-LD/buildSupportJsonLd.ts; schema-dts 2.1.0 / installert arv,https://schema.org/DefinedRegion,"Schema.org-semantikk; ikke et særskilt Google-anbefalt felt for denne profilen. Egenskapen beskriver ingen separat del av denne DefinedRegion-entiteten eller valgt policyprofil. Eksisterende navn, beskrivelse, relasjoner og verdier dekker den dokumenterte rollen; ingen ekstra entiteter, handlinger, vurderinger eller redaksjonelle opplysninger tilføyes.",false,TypeScript; inventar/feltledger; HTTP og ekstern kodevalidering dokumenteres separat,
shippingReturns.destination-base,DefinedRegion.faxNumber,not_applicable,src/app/(storefront)/frakt-og-retur/page.mdx; src/lib/seo/supportPages.ts; src/lib/seo/JSON-LD/merchantPolicies.ts; src/lib/seo/JSON-LD/buildSupportJsonLd.ts; schema-dts 2.1.0 / installert arv,https://schema.org/DefinedRegion,"Schema.org-semantikk; ikke et særskilt Google-anbefalt felt for denne profilen. Egenskapen beskriver ingen separat del av denne DefinedRegion-entiteten eller valgt policyprofil. Eksisterende navn, beskrivelse, relasjoner og verdier dekker den dokumenterte rollen; ingen ekstra entiteter, handlinger, vurderinger eller redaksjonelle opplysninger tilføyes.",false,TypeScript; inventar/feltledger; HTTP og ekstern kodevalidering dokumenteres separat,
shippingReturns.destination-base,DefinedRegion.geo,not_applicable,src/app/(storefront)/frakt-og-retur/page.mdx; src/lib/seo/supportPages.ts; src/lib/seo/JSON-LD/merchantPolicies.ts; src/lib/seo/JSON-LD/buildSupportJsonLd.ts; schema-dts 2.1.0 / installert arv,https://schema.org/DefinedRegion,"Schema.org-semantikk; ikke et særskilt Google-anbefalt felt for denne profilen. Egenskapen beskriver ingen separat del av denne DefinedRegion-entiteten eller valgt policyprofil. Eksisterende navn, beskrivelse, relasjoner og verdier dekker den dokumenterte rollen; ingen ekstra entiteter, handlinger, vurderinger eller redaksjonelle opplysninger tilføyes.",false,TypeScript; inventar/feltledger; HTTP og ekstern kodevalidering dokumenteres separat,
shippingReturns.destination-base,DefinedRegion.geoContains,not_applicable,src/app/(storefront)/frakt-og-retur/page.mdx; src/lib/seo/supportPages.ts; src/lib/seo/JSON-LD/merchantPolicies.ts; src/lib/seo/JSON-LD/buildSupportJsonLd.ts; schema-dts 2.1.0 / installert arv,https://schema.org/DefinedRegion,"Schema.org-semantikk; ikke et særskilt Google-anbefalt felt for denne profilen. Egenskapen beskriver ingen separat del av denne DefinedRegion-entiteten eller valgt policyprofil. Eksisterende navn, beskrivelse, relasjoner og verdier dekker den dokumenterte rollen; ingen ekstra entiteter, handlinger, vurderinger eller redaksjonelle opplysninger tilføyes.",false,TypeScript; inventar/feltledger; HTTP og ekstern kodevalidering dokumenteres separat,
shippingReturns.destination-base,DefinedRegion.geoCoveredBy,not_applicable,src/app/(storefront)/frakt-og-retur/page.mdx; src/lib/seo/supportPages.ts; src/lib/seo/JSON-LD/merchantPolicies.ts; src/lib/seo/JSON-LD/buildSupportJsonLd.ts; schema-dts 2.1.0 / installert arv,https://schema.org/DefinedRegion,"Schema.org-semantikk; ikke et særskilt Google-anbefalt felt for denne profilen. Egenskapen beskriver ingen separat del av denne DefinedRegion-entiteten eller valgt policyprofil. Eksisterende navn, beskrivelse, relasjoner og verdier dekker den dokumenterte rollen; ingen ekstra entiteter, handlinger, vurderinger eller redaksjonelle opplysninger tilføyes.",false,TypeScript; inventar/feltledger; HTTP og ekstern kodevalidering dokumenteres separat,
shippingReturns.destination-base,DefinedRegion.geoCovers,not_applicable,src/app/(storefront)/frakt-og-retur/page.mdx; src/lib/seo/supportPages.ts; src/lib/seo/JSON-LD/merchantPolicies.ts; src/lib/seo/JSON-LD/buildSupportJsonLd.ts; schema-dts 2.1.0 / installert arv,https://schema.org/DefinedRegion,"Schema.org-semantikk; ikke et særskilt Google-anbefalt felt for denne profilen. Egenskapen beskriver ingen separat del av denne DefinedRegion-entiteten eller valgt policyprofil. Eksisterende navn, beskrivelse, relasjoner og verdier dekker den dokumenterte rollen; ingen ekstra entiteter, handlinger, vurderinger eller redaksjonelle opplysninger tilføyes.",false,TypeScript; inventar/feltledger; HTTP og ekstern kodevalidering dokumenteres separat,
shippingReturns.destination-base,DefinedRegion.geoCrosses,not_applicable,src/app/(storefront)/frakt-og-retur/page.mdx; src/lib/seo/supportPages.ts; src/lib/seo/JSON-LD/merchantPolicies.ts; src/lib/seo/JSON-LD/buildSupportJsonLd.ts; schema-dts 2.1.0 / installert arv,https://schema.org/DefinedRegion,"Schema.org-semantikk; ikke et særskilt Google-anbefalt felt for denne profilen. Egenskapen beskriver ingen separat del av denne DefinedRegion-entiteten eller valgt policyprofil. Eksisterende navn, beskrivelse, relasjoner og verdier dekker den dokumenterte rollen; ingen ekstra entiteter, handlinger, vurderinger eller redaksjonelle opplysninger tilføyes.",false,TypeScript; inventar/feltledger; HTTP og ekstern kodevalidering dokumenteres separat,
shippingReturns.destination-base,DefinedRegion.geoDisjoint,not_applicable,src/app/(storefront)/frakt-og-retur/page.mdx; src/lib/seo/supportPages.ts; src/lib/seo/JSON-LD/merchantPolicies.ts; src/lib/seo/JSON-LD/buildSupportJsonLd.ts; schema-dts 2.1.0 / installert arv,https://schema.org/DefinedRegion,"Schema.org-semantikk; ikke et særskilt Google-anbefalt felt for denne profilen. Egenskapen beskriver ingen separat del av denne DefinedRegion-entiteten eller valgt policyprofil. Eksisterende navn, beskrivelse, relasjoner og verdier dekker den dokumenterte rollen; ingen ekstra entiteter, handlinger, vurderinger eller redaksjonelle opplysninger tilføyes.",false,TypeScript; inventar/feltledger; HTTP og ekstern kodevalidering dokumenteres separat,
shippingReturns.destination-base,DefinedRegion.geoEquals,not_applicable,src/app/(storefront)/frakt-og-retur/page.mdx; src/lib/seo/supportPages.ts; src/lib/seo/JSON-LD/merchantPolicies.ts; src/lib/seo/JSON-LD/buildSupportJsonLd.ts; schema-dts 2.1.0 / installert arv,https://schema.org/DefinedRegion,"Schema.org-semantikk; ikke et særskilt Google-anbefalt felt for denne profilen. Egenskapen beskriver ingen separat del av denne DefinedRegion-entiteten eller valgt policyprofil. Eksisterende navn, beskrivelse, relasjoner og verdier dekker den dokumenterte rollen; ingen ekstra entiteter, handlinger, vurderinger eller redaksjonelle opplysninger tilføyes.",false,TypeScript; inventar/feltledger; HTTP og ekstern kodevalidering dokumenteres separat,
shippingReturns.destination-base,DefinedRegion.geoIntersects,not_applicable,src/app/(storefront)/frakt-og-retur/page.mdx; src/lib/seo/supportPages.ts; src/lib/seo/JSON-LD/merchantPolicies.ts; src/lib/seo/JSON-LD/buildSupportJsonLd.ts; schema-dts 2.1.0 / installert arv,https://schema.org/DefinedRegion,"Schema.org-semantikk; ikke et særskilt Google-anbefalt felt for denne profilen. Egenskapen beskriver ingen separat del av denne DefinedRegion-entiteten eller valgt policyprofil. Eksisterende navn, beskrivelse, relasjoner og verdier dekker den dokumenterte rollen; ingen ekstra entiteter, handlinger, vurderinger eller redaksjonelle opplysninger tilføyes.",false,TypeScript; inventar/feltledger; HTTP og ekstern kodevalidering dokumenteres separat,
shippingReturns.destination-base,DefinedRegion.geoOverlaps,not_applicable,src/app/(storefront)/frakt-og-retur/page.mdx; src/lib/seo/supportPages.ts; src/lib/seo/JSON-LD/merchantPolicies.ts; src/lib/seo/JSON-LD/buildSupportJsonLd.ts; schema-dts 2.1.0 / installert arv,https://schema.org/DefinedRegion,"Schema.org-semantikk; ikke et særskilt Google-anbefalt felt for denne profilen. Egenskapen beskriver ingen separat del av denne DefinedRegion-entiteten eller valgt policyprofil. Eksisterende navn, beskrivelse, relasjoner og verdier dekker den dokumenterte rollen; ingen ekstra entiteter, handlinger, vurderinger eller redaksjonelle opplysninger tilføyes.",false,TypeScript; inventar/feltledger; HTTP og ekstern kodevalidering dokumenteres separat,
shippingReturns.destination-base,DefinedRegion.geoTouches,not_applicable,src/app/(storefront)/frakt-og-retur/page.mdx; src/lib/seo/supportPages.ts; src/lib/seo/JSON-LD/merchantPolicies.ts; src/lib/seo/JSON-LD/buildSupportJsonLd.ts; schema-dts 2.1.0 / installert arv,https://schema.org/DefinedRegion,"Schema.org-semantikk; ikke et særskilt Google-anbefalt felt for denne profilen. Egenskapen beskriver ingen separat del av denne DefinedRegion-entiteten eller valgt policyprofil. Eksisterende navn, beskrivelse, relasjoner og verdier dekker den dokumenterte rollen; ingen ekstra entiteter, handlinger, vurderinger eller redaksjonelle opplysninger tilføyes.",false,TypeScript; inventar/feltledger; HTTP og ekstern kodevalidering dokumenteres separat,
shippingReturns.destination-base,DefinedRegion.geoWithin,not_applicable,src/app/(storefront)/frakt-og-retur/page.mdx; src/lib/seo/supportPages.ts; src/lib/seo/JSON-LD/merchantPolicies.ts; src/lib/seo/JSON-LD/buildSupportJsonLd.ts; schema-dts 2.1.0 / installert arv,https://schema.org/DefinedRegion,"Schema.org-semantikk; ikke et særskilt Google-anbefalt felt for denne profilen. Egenskapen beskriver ingen separat del av denne DefinedRegion-entiteten eller valgt policyprofil. Eksisterende navn, beskrivelse, relasjoner og verdier dekker den dokumenterte rollen; ingen ekstra entiteter, handlinger, vurderinger eller redaksjonelle opplysninger tilføyes.",false,TypeScript; inventar/feltledger; HTTP og ekstern kodevalidering dokumenteres separat,
shippingReturns.destination-base,DefinedRegion.globalLocationNumber,not_applicable,src/app/(storefront)/frakt-og-retur/page.mdx; src/lib/seo/supportPages.ts; src/lib/seo/JSON-LD/merchantPolicies.ts; src/lib/seo/JSON-LD/buildSupportJsonLd.ts; schema-dts 2.1.0 / installert arv,https://schema.org/DefinedRegion,"Schema.org-semantikk; ikke et særskilt Google-anbefalt felt for denne profilen. Egenskapen beskriver ingen separat del av denne DefinedRegion-entiteten eller valgt policyprofil. Eksisterende navn, beskrivelse, relasjoner og verdier dekker den dokumenterte rollen; ingen ekstra entiteter, handlinger, vurderinger eller redaksjonelle opplysninger tilføyes.",false,TypeScript; inventar/feltledger; HTTP og ekstern kodevalidering dokumenteres separat,
shippingReturns.destination-base,DefinedRegion.hasCertification,not_applicable,src/app/(storefront)/frakt-og-retur/page.mdx; src/lib/seo/supportPages.ts; src/lib/seo/JSON-LD/merchantPolicies.ts; src/lib/seo/JSON-LD/buildSupportJsonLd.ts; schema-dts 2.1.0 / installert arv,https://schema.org/DefinedRegion,"Schema.org-semantikk; ikke et særskilt Google-anbefalt felt for denne profilen. Egenskapen beskriver ingen separat del av denne DefinedRegion-entiteten eller valgt policyprofil. Eksisterende navn, beskrivelse, relasjoner og verdier dekker den dokumenterte rollen; ingen ekstra entiteter, handlinger, vurderinger eller redaksjonelle opplysninger tilføyes.",false,TypeScript; inventar/feltledger; HTTP og ekstern kodevalidering dokumenteres separat,
shippingReturns.destination-base,DefinedRegion.hasDriveThroughService,not_applicable,src/app/(storefront)/frakt-og-retur/page.mdx; src/lib/seo/supportPages.ts; src/lib/seo/JSON-LD/merchantPolicies.ts; src/lib/seo/JSON-LD/buildSupportJsonLd.ts; schema-dts 2.1.0 / installert arv,https://schema.org/DefinedRegion,"Schema.org-semantikk; ikke et særskilt Google-anbefalt felt for denne profilen. Egenskapen beskriver ingen separat del av denne DefinedRegion-entiteten eller valgt policyprofil. Eksisterende navn, beskrivelse, relasjoner og verdier dekker den dokumenterte rollen; ingen ekstra entiteter, handlinger, vurderinger eller redaksjonelle opplysninger tilføyes.",false,TypeScript; inventar/feltledger; HTTP og ekstern kodevalidering dokumenteres separat,
shippingReturns.destination-base,DefinedRegion.hasGS1DigitalLink,not_applicable,src/app/(storefront)/frakt-og-retur/page.mdx; src/lib/seo/supportPages.ts; src/lib/seo/JSON-LD/merchantPolicies.ts; src/lib/seo/JSON-LD/buildSupportJsonLd.ts; schema-dts 2.1.0 / installert arv,https://schema.org/DefinedRegion,"Schema.org-semantikk; ikke et særskilt Google-anbefalt felt for denne profilen. Egenskapen beskriver ingen separat del av denne DefinedRegion-entiteten eller valgt policyprofil. Eksisterende navn, beskrivelse, relasjoner og verdier dekker den dokumenterte rollen; ingen ekstra entiteter, handlinger, vurderinger eller redaksjonelle opplysninger tilføyes.",false,TypeScript; inventar/feltledger; HTTP og ekstern kodevalidering dokumenteres separat,
shippingReturns.destination-base,DefinedRegion.hasMap,not_applicable,src/app/(storefront)/frakt-og-retur/page.mdx; src/lib/seo/supportPages.ts; src/lib/seo/JSON-LD/merchantPolicies.ts; src/lib/seo/JSON-LD/buildSupportJsonLd.ts; schema-dts 2.1.0 / installert arv,https://schema.org/DefinedRegion,"Schema.org-semantikk; ikke et særskilt Google-anbefalt felt for denne profilen. Egenskapen beskriver ingen separat del av denne DefinedRegion-entiteten eller valgt policyprofil. Eksisterende navn, beskrivelse, relasjoner og verdier dekker den dokumenterte rollen; ingen ekstra entiteter, handlinger, vurderinger eller redaksjonelle opplysninger tilføyes.",false,TypeScript; inventar/feltledger; HTTP og ekstern kodevalidering dokumenteres separat,
shippingReturns.destination-base,DefinedRegion.identifier,not_applicable,src/app/(storefront)/frakt-og-retur/page.mdx; src/lib/seo/supportPages.ts; src/lib/seo/JSON-LD/merchantPolicies.ts; src/lib/seo/JSON-LD/buildSupportJsonLd.ts; schema-dts 2.1.0 / installert arv,https://schema.org/DefinedRegion,"Schema.org-semantikk; ikke et særskilt Google-anbefalt felt for denne profilen. Egenskapen beskriver ingen separat del av denne DefinedRegion-entiteten eller valgt policyprofil. Eksisterende navn, beskrivelse, relasjoner og verdier dekker den dokumenterte rollen; ingen ekstra entiteter, handlinger, vurderinger eller redaksjonelle opplysninger tilføyes.",false,TypeScript; inventar/feltledger; HTTP og ekstern kodevalidering dokumenteres separat,
shippingReturns.destination-base,DefinedRegion.image,not_applicable,src/app/(storefront)/frakt-og-retur/page.mdx; src/lib/seo/supportPages.ts; src/lib/seo/JSON-LD/merchantPolicies.ts; src/lib/seo/JSON-LD/buildSupportJsonLd.ts; schema-dts 2.1.0 / installert arv,https://schema.org/DefinedRegion,"Schema.org-semantikk; ikke et særskilt Google-anbefalt felt for denne profilen. Egenskapen beskriver ingen separat del av denne DefinedRegion-entiteten eller valgt policyprofil. Eksisterende navn, beskrivelse, relasjoner og verdier dekker den dokumenterte rollen; ingen ekstra entiteter, handlinger, vurderinger eller redaksjonelle opplysninger tilføyes.",false,TypeScript; inventar/feltledger; HTTP og ekstern kodevalidering dokumenteres separat,
shippingReturns.destination-base,DefinedRegion.isAccessibleForFree,not_applicable,src/app/(storefront)/frakt-og-retur/page.mdx; src/lib/seo/supportPages.ts; src/lib/seo/JSON-LD/merchantPolicies.ts; src/lib/seo/JSON-LD/buildSupportJsonLd.ts; schema-dts 2.1.0 / installert arv,https://schema.org/DefinedRegion,"Schema.org-semantikk; ikke et særskilt Google-anbefalt felt for denne profilen. Egenskapen beskriver ingen separat del av denne DefinedRegion-entiteten eller valgt policyprofil. Eksisterende navn, beskrivelse, relasjoner og verdier dekker den dokumenterte rollen; ingen ekstra entiteter, handlinger, vurderinger eller redaksjonelle opplysninger tilføyes.",false,TypeScript; inventar/feltledger; HTTP og ekstern kodevalidering dokumenteres separat,
shippingReturns.destination-base,DefinedRegion.isicV4,not_applicable,src/app/(storefront)/frakt-og-retur/page.mdx; src/lib/seo/supportPages.ts; src/lib/seo/JSON-LD/merchantPolicies.ts; src/lib/seo/JSON-LD/buildSupportJsonLd.ts; schema-dts 2.1.0 / installert arv,https://schema.org/DefinedRegion,"Schema.org-semantikk; ikke et særskilt Google-anbefalt felt for denne profilen. Egenskapen beskriver ingen separat del av denne DefinedRegion-entiteten eller valgt policyprofil. Eksisterende navn, beskrivelse, relasjoner og verdier dekker den dokumenterte rollen; ingen ekstra entiteter, handlinger, vurderinger eller redaksjonelle opplysninger tilføyes.",false,TypeScript; inventar/feltledger; HTTP og ekstern kodevalidering dokumenteres separat,
shippingReturns.destination-base,DefinedRegion.keywords,not_applicable,src/app/(storefront)/frakt-og-retur/page.mdx; src/lib/seo/supportPages.ts; src/lib/seo/JSON-LD/merchantPolicies.ts; src/lib/seo/JSON-LD/buildSupportJsonLd.ts; schema-dts 2.1.0 / installert arv,https://schema.org/DefinedRegion,"Schema.org-semantikk; ikke et særskilt Google-anbefalt felt for denne profilen. Egenskapen beskriver ingen separat del av denne DefinedRegion-entiteten eller valgt policyprofil. Eksisterende navn, beskrivelse, relasjoner og verdier dekker den dokumenterte rollen; ingen ekstra entiteter, handlinger, vurderinger eller redaksjonelle opplysninger tilføyes.",false,TypeScript; inventar/feltledger; HTTP og ekstern kodevalidering dokumenteres separat,
shippingReturns.destination-base,DefinedRegion.latitude,not_applicable,src/app/(storefront)/frakt-og-retur/page.mdx; src/lib/seo/supportPages.ts; src/lib/seo/JSON-LD/merchantPolicies.ts; src/lib/seo/JSON-LD/buildSupportJsonLd.ts; schema-dts 2.1.0 / installert arv,https://schema.org/DefinedRegion,"Schema.org-semantikk; ikke et særskilt Google-anbefalt felt for denne profilen. Egenskapen beskriver ingen separat del av denne DefinedRegion-entiteten eller valgt policyprofil. Eksisterende navn, beskrivelse, relasjoner og verdier dekker den dokumenterte rollen; ingen ekstra entiteter, handlinger, vurderinger eller redaksjonelle opplysninger tilføyes.",false,TypeScript; inventar/feltledger; HTTP og ekstern kodevalidering dokumenteres separat,
shippingReturns.destination-base,DefinedRegion.logo,not_applicable,src/app/(storefront)/frakt-og-retur/page.mdx; src/lib/seo/supportPages.ts; src/lib/seo/JSON-LD/merchantPolicies.ts; src/lib/seo/JSON-LD/buildSupportJsonLd.ts; schema-dts 2.1.0 / installert arv,https://schema.org/DefinedRegion,"Schema.org-semantikk; ikke et særskilt Google-anbefalt felt for denne profilen. Egenskapen beskriver ingen separat del av denne DefinedRegion-entiteten eller valgt policyprofil. Eksisterende navn, beskrivelse, relasjoner og verdier dekker den dokumenterte rollen; ingen ekstra entiteter, handlinger, vurderinger eller redaksjonelle opplysninger tilføyes.",false,TypeScript; inventar/feltledger; HTTP og ekstern kodevalidering dokumenteres separat,
shippingReturns.destination-base,DefinedRegion.longitude,not_applicable,src/app/(storefront)/frakt-og-retur/page.mdx; src/lib/seo/supportPages.ts; src/lib/seo/JSON-LD/merchantPolicies.ts; src/lib/seo/JSON-LD/buildSupportJsonLd.ts; schema-dts 2.1.0 / installert arv,https://schema.org/DefinedRegion,"Schema.org-semantikk; ikke et særskilt Google-anbefalt felt for denne profilen. Egenskapen beskriver ingen separat del av denne DefinedRegion-entiteten eller valgt policyprofil. Eksisterende navn, beskrivelse, relasjoner og verdier dekker den dokumenterte rollen; ingen ekstra entiteter, handlinger, vurderinger eller redaksjonelle opplysninger tilføyes.",false,TypeScript; inventar/feltledger; HTTP og ekstern kodevalidering dokumenteres separat,
shippingReturns.destination-base,DefinedRegion.mainEntityOfPage,not_applicable,src/app/(storefront)/frakt-og-retur/page.mdx; src/lib/seo/supportPages.ts; src/lib/seo/JSON-LD/merchantPolicies.ts; src/lib/seo/JSON-LD/buildSupportJsonLd.ts; schema-dts 2.1.0 / installert arv,https://schema.org/DefinedRegion,"Schema.org-semantikk; ikke et særskilt Google-anbefalt felt for denne profilen. Egenskapen beskriver ingen separat del av denne DefinedRegion-entiteten eller valgt policyprofil. Eksisterende navn, beskrivelse, relasjoner og verdier dekker den dokumenterte rollen; ingen ekstra entiteter, handlinger, vurderinger eller redaksjonelle opplysninger tilføyes.",false,TypeScript; inventar/feltledger; HTTP og ekstern kodevalidering dokumenteres separat,
shippingReturns.destination-base,DefinedRegion.map,not_applicable,src/app/(storefront)/frakt-og-retur/page.mdx; src/lib/seo/supportPages.ts; src/lib/seo/JSON-LD/merchantPolicies.ts; src/lib/seo/JSON-LD/buildSupportJsonLd.ts; schema-dts 2.1.0 / installert arv,https://schema.org/DefinedRegion,"Schema.org-semantikk; ikke et særskilt Google-anbefalt felt for denne profilen. Egenskapen beskriver ingen separat del av denne DefinedRegion-entiteten eller valgt policyprofil. Eksisterende navn, beskrivelse, relasjoner og verdier dekker den dokumenterte rollen; ingen ekstra entiteter, handlinger, vurderinger eller redaksjonelle opplysninger tilføyes.",false,TypeScript; inventar/feltledger; HTTP og ekstern kodevalidering dokumenteres separat,
shippingReturns.destination-base,DefinedRegion.maps,not_applicable,src/app/(storefront)/frakt-og-retur/page.mdx; src/lib/seo/supportPages.ts; src/lib/seo/JSON-LD/merchantPolicies.ts; src/lib/seo/JSON-LD/buildSupportJsonLd.ts; schema-dts 2.1.0 / installert arv,https://schema.org/DefinedRegion,"Schema.org-semantikk; ikke et særskilt Google-anbefalt felt for denne profilen. Egenskapen beskriver ingen separat del av denne DefinedRegion-entiteten eller valgt policyprofil. Eksisterende navn, beskrivelse, relasjoner og verdier dekker den dokumenterte rollen; ingen ekstra entiteter, handlinger, vurderinger eller redaksjonelle opplysninger tilføyes.",false,TypeScript; inventar/feltledger; HTTP og ekstern kodevalidering dokumenteres separat,
shippingReturns.destination-base,DefinedRegion.maximumAttendeeCapacity,not_applicable,src/app/(storefront)/frakt-og-retur/page.mdx; src/lib/seo/supportPages.ts; src/lib/seo/JSON-LD/merchantPolicies.ts; src/lib/seo/JSON-LD/buildSupportJsonLd.ts; schema-dts 2.1.0 / installert arv,https://schema.org/DefinedRegion,"Schema.org-semantikk; ikke et særskilt Google-anbefalt felt for denne profilen. Egenskapen beskriver ingen separat del av denne DefinedRegion-entiteten eller valgt policyprofil. Eksisterende navn, beskrivelse, relasjoner og verdier dekker den dokumenterte rollen; ingen ekstra entiteter, handlinger, vurderinger eller redaksjonelle opplysninger tilføyes.",false,TypeScript; inventar/feltledger; HTTP og ekstern kodevalidering dokumenteres separat,
shippingReturns.destination-base,DefinedRegion.name,not_applicable,src/app/(storefront)/frakt-og-retur/page.mdx; src/lib/seo/supportPages.ts; src/lib/seo/JSON-LD/merchantPolicies.ts; src/lib/seo/JSON-LD/buildSupportJsonLd.ts; schema-dts 2.1.0 / installert arv,https://schema.org/DefinedRegion,"Schema.org-semantikk; ikke et særskilt Google-anbefalt felt for denne profilen. Egenskapen beskriver ingen separat del av denne DefinedRegion-entiteten eller valgt policyprofil. Eksisterende navn, beskrivelse, relasjoner og verdier dekker den dokumenterte rollen; ingen ekstra entiteter, handlinger, vurderinger eller redaksjonelle opplysninger tilføyes.",false,TypeScript; inventar/feltledger; HTTP og ekstern kodevalidering dokumenteres separat,
shippingReturns.destination-base,DefinedRegion.openingHoursSpecification,not_applicable,src/app/(storefront)/frakt-og-retur/page.mdx; src/lib/seo/supportPages.ts; src/lib/seo/JSON-LD/merchantPolicies.ts; src/lib/seo/JSON-LD/buildSupportJsonLd.ts; schema-dts 2.1.0 / installert arv,https://schema.org/DefinedRegion,"Schema.org-semantikk; ikke et særskilt Google-anbefalt felt for denne profilen. Egenskapen beskriver ingen separat del av denne DefinedRegion-entiteten eller valgt policyprofil. Eksisterende navn, beskrivelse, relasjoner og verdier dekker den dokumenterte rollen; ingen ekstra entiteter, handlinger, vurderinger eller redaksjonelle opplysninger tilføyes.",false,TypeScript; inventar/feltledger; HTTP og ekstern kodevalidering dokumenteres separat,
shippingReturns.destination-base,DefinedRegion.owner,not_applicable,src/app/(storefront)/frakt-og-retur/page.mdx; src/lib/seo/supportPages.ts; src/lib/seo/JSON-LD/merchantPolicies.ts; src/lib/seo/JSON-LD/buildSupportJsonLd.ts; schema-dts 2.1.0 / installert arv,https://schema.org/DefinedRegion,"Schema.org-semantikk; ikke et særskilt Google-anbefalt felt for denne profilen. Egenskapen beskriver ingen separat del av denne DefinedRegion-entiteten eller valgt policyprofil. Eksisterende navn, beskrivelse, relasjoner og verdier dekker den dokumenterte rollen; ingen ekstra entiteter, handlinger, vurderinger eller redaksjonelle opplysninger tilføyes.",false,TypeScript; inventar/feltledger; HTTP og ekstern kodevalidering dokumenteres separat,
shippingReturns.destination-base,DefinedRegion.photo,not_applicable,src/app/(storefront)/frakt-og-retur/page.mdx; src/lib/seo/supportPages.ts; src/lib/seo/JSON-LD/merchantPolicies.ts; src/lib/seo/JSON-LD/buildSupportJsonLd.ts; schema-dts 2.1.0 / installert arv,https://schema.org/DefinedRegion,"Schema.org-semantikk; ikke et særskilt Google-anbefalt felt for denne profilen. Egenskapen beskriver ingen separat del av denne DefinedRegion-entiteten eller valgt policyprofil. Eksisterende navn, beskrivelse, relasjoner og verdier dekker den dokumenterte rollen; ingen ekstra entiteter, handlinger, vurderinger eller redaksjonelle opplysninger tilføyes.",false,TypeScript; inventar/feltledger; HTTP og ekstern kodevalidering dokumenteres separat,
shippingReturns.destination-base,DefinedRegion.photos,not_applicable,src/app/(storefront)/frakt-og-retur/page.mdx; src/lib/seo/supportPages.ts; src/lib/seo/JSON-LD/merchantPolicies.ts; src/lib/seo/JSON-LD/buildSupportJsonLd.ts; schema-dts 2.1.0 / installert arv,https://schema.org/DefinedRegion,"Schema.org-semantikk; ikke et særskilt Google-anbefalt felt for denne profilen. Egenskapen beskriver ingen separat del av denne DefinedRegion-entiteten eller valgt policyprofil. Eksisterende navn, beskrivelse, relasjoner og verdier dekker den dokumenterte rollen; ingen ekstra entiteter, handlinger, vurderinger eller redaksjonelle opplysninger tilføyes.",false,TypeScript; inventar/feltledger; HTTP og ekstern kodevalidering dokumenteres separat,
shippingReturns.destination-base,DefinedRegion.postalCode,not_applicable,src/app/(storefront)/frakt-og-retur/page.mdx; src/lib/seo/supportPages.ts; src/lib/seo/JSON-LD/merchantPolicies.ts; src/lib/seo/JSON-LD/buildSupportJsonLd.ts; schema-dts 2.1.0 / installert arv,https://developers.google.com/search/docs/appearance/structured-data/shipping-policy,"Regelen gjelder Norge på landnivå, uten regionale eller postnummerbaserte unntak.",false,TypeScript; inventar/feltledger; HTTP og ekstern kodevalidering dokumenteres separat,
shippingReturns.destination-base,DefinedRegion.postalCodePrefix,not_applicable,src/app/(storefront)/frakt-og-retur/page.mdx; src/lib/seo/supportPages.ts; src/lib/seo/JSON-LD/merchantPolicies.ts; src/lib/seo/JSON-LD/buildSupportJsonLd.ts; schema-dts 2.1.0 / installert arv,https://developers.google.com/search/docs/appearance/structured-data/shipping-policy,"Regelen gjelder Norge på landnivå, uten regionale eller postnummerbaserte unntak.",false,TypeScript; inventar/feltledger; HTTP og ekstern kodevalidering dokumenteres separat,
shippingReturns.destination-base,DefinedRegion.postalCodeRange,not_applicable,src/app/(storefront)/frakt-og-retur/page.mdx; src/lib/seo/supportPages.ts; src/lib/seo/JSON-LD/merchantPolicies.ts; src/lib/seo/JSON-LD/buildSupportJsonLd.ts; schema-dts 2.1.0 / installert arv,https://developers.google.com/search/docs/appearance/structured-data/shipping-policy,"Regelen gjelder Norge på landnivå, uten regionale eller postnummerbaserte unntak.",false,TypeScript; inventar/feltledger; HTTP og ekstern kodevalidering dokumenteres separat,
shippingReturns.destination-base,DefinedRegion.potentialAction,not_applicable,src/app/(storefront)/frakt-og-retur/page.mdx; src/lib/seo/supportPages.ts; src/lib/seo/JSON-LD/merchantPolicies.ts; src/lib/seo/JSON-LD/buildSupportJsonLd.ts; schema-dts 2.1.0 / installert arv,https://schema.org/DefinedRegion,"Schema.org-semantikk; ikke et særskilt Google-anbefalt felt for denne profilen. Egenskapen beskriver ingen separat del av denne DefinedRegion-entiteten eller valgt policyprofil. Eksisterende navn, beskrivelse, relasjoner og verdier dekker den dokumenterte rollen; ingen ekstra entiteter, handlinger, vurderinger eller redaksjonelle opplysninger tilføyes.",false,TypeScript; inventar/feltledger; HTTP og ekstern kodevalidering dokumenteres separat,
shippingReturns.destination-base,DefinedRegion.publicAccess,not_applicable,src/app/(storefront)/frakt-og-retur/page.mdx; src/lib/seo/supportPages.ts; src/lib/seo/JSON-LD/merchantPolicies.ts; src/lib/seo/JSON-LD/buildSupportJsonLd.ts; schema-dts 2.1.0 / installert arv,https://schema.org/DefinedRegion,"Schema.org-semantikk; ikke et særskilt Google-anbefalt felt for denne profilen. Egenskapen beskriver ingen separat del av denne DefinedRegion-entiteten eller valgt policyprofil. Eksisterende navn, beskrivelse, relasjoner og verdier dekker den dokumenterte rollen; ingen ekstra entiteter, handlinger, vurderinger eller redaksjonelle opplysninger tilføyes.",false,TypeScript; inventar/feltledger; HTTP og ekstern kodevalidering dokumenteres separat,
shippingReturns.destination-base,DefinedRegion.review,not_applicable,src/app/(storefront)/frakt-og-retur/page.mdx; src/lib/seo/supportPages.ts; src/lib/seo/JSON-LD/merchantPolicies.ts; src/lib/seo/JSON-LD/buildSupportJsonLd.ts; schema-dts 2.1.0 / installert arv,https://schema.org/DefinedRegion,"Schema.org-semantikk; ikke et særskilt Google-anbefalt felt for denne profilen. Egenskapen beskriver ingen separat del av denne DefinedRegion-entiteten eller valgt policyprofil. Eksisterende navn, beskrivelse, relasjoner og verdier dekker den dokumenterte rollen; ingen ekstra entiteter, handlinger, vurderinger eller redaksjonelle opplysninger tilføyes.",false,TypeScript; inventar/feltledger; HTTP og ekstern kodevalidering dokumenteres separat,
shippingReturns.destination-base,DefinedRegion.reviews,not_applicable,src/app/(storefront)/frakt-og-retur/page.mdx; src/lib/seo/supportPages.ts; src/lib/seo/JSON-LD/merchantPolicies.ts; src/lib/seo/JSON-LD/buildSupportJsonLd.ts; schema-dts 2.1.0 / installert arv,https://schema.org/DefinedRegion,"Schema.org-semantikk; ikke et særskilt Google-anbefalt felt for denne profilen. Egenskapen beskriver ingen separat del av denne DefinedRegion-entiteten eller valgt policyprofil. Eksisterende navn, beskrivelse, relasjoner og verdier dekker den dokumenterte rollen; ingen ekstra entiteter, handlinger, vurderinger eller redaksjonelle opplysninger tilføyes.",false,TypeScript; inventar/feltledger; HTTP og ekstern kodevalidering dokumenteres separat,
shippingReturns.destination-base,DefinedRegion.sameAs,not_applicable,src/app/(storefront)/frakt-og-retur/page.mdx; src/lib/seo/supportPages.ts; src/lib/seo/JSON-LD/merchantPolicies.ts; src/lib/seo/JSON-LD/buildSupportJsonLd.ts; schema-dts 2.1.0 / installert arv,https://schema.org/DefinedRegion,"Schema.org-semantikk; ikke et særskilt Google-anbefalt felt for denne profilen. Egenskapen beskriver ingen separat del av denne DefinedRegion-entiteten eller valgt policyprofil. Eksisterende navn, beskrivelse, relasjoner og verdier dekker den dokumenterte rollen; ingen ekstra entiteter, handlinger, vurderinger eller redaksjonelle opplysninger tilføyes.",false,TypeScript; inventar/feltledger; HTTP og ekstern kodevalidering dokumenteres separat,
shippingReturns.destination-base,DefinedRegion.slogan,not_applicable,src/app/(storefront)/frakt-og-retur/page.mdx; src/lib/seo/supportPages.ts; src/lib/seo/JSON-LD/merchantPolicies.ts; src/lib/seo/JSON-LD/buildSupportJsonLd.ts; schema-dts 2.1.0 / installert arv,https://schema.org/DefinedRegion,"Schema.org-semantikk; ikke et særskilt Google-anbefalt felt for denne profilen. Egenskapen beskriver ingen separat del av denne DefinedRegion-entiteten eller valgt policyprofil. Eksisterende navn, beskrivelse, relasjoner og verdier dekker den dokumenterte rollen; ingen ekstra entiteter, handlinger, vurderinger eller redaksjonelle opplysninger tilføyes.",false,TypeScript; inventar/feltledger; HTTP og ekstern kodevalidering dokumenteres separat,
shippingReturns.destination-base,DefinedRegion.smokingAllowed,not_applicable,src/app/(storefront)/frakt-og-retur/page.mdx; src/lib/seo/supportPages.ts; src/lib/seo/JSON-LD/merchantPolicies.ts; src/lib/seo/JSON-LD/buildSupportJsonLd.ts; schema-dts 2.1.0 / installert arv,https://schema.org/DefinedRegion,"Schema.org-semantikk; ikke et særskilt Google-anbefalt felt for denne profilen. Egenskapen beskriver ingen separat del av denne DefinedRegion-entiteten eller valgt policyprofil. Eksisterende navn, beskrivelse, relasjoner og verdier dekker den dokumenterte rollen; ingen ekstra entiteter, handlinger, vurderinger eller redaksjonelle opplysninger tilføyes.",false,TypeScript; inventar/feltledger; HTTP og ekstern kodevalidering dokumenteres separat,
shippingReturns.destination-base,DefinedRegion.specialOpeningHoursSpecification,not_applicable,src/app/(storefront)/frakt-og-retur/page.mdx; src/lib/seo/supportPages.ts; src/lib/seo/JSON-LD/merchantPolicies.ts; src/lib/seo/JSON-LD/buildSupportJsonLd.ts; schema-dts 2.1.0 / installert arv,https://schema.org/DefinedRegion,"Schema.org-semantikk; ikke et særskilt Google-anbefalt felt for denne profilen. Egenskapen beskriver ingen separat del av denne DefinedRegion-entiteten eller valgt policyprofil. Eksisterende navn, beskrivelse, relasjoner og verdier dekker den dokumenterte rollen; ingen ekstra entiteter, handlinger, vurderinger eller redaksjonelle opplysninger tilføyes.",false,TypeScript; inventar/feltledger; HTTP og ekstern kodevalidering dokumenteres separat,
shippingReturns.destination-base,DefinedRegion.subjectOf,not_applicable,src/app/(storefront)/frakt-og-retur/page.mdx; src/lib/seo/supportPages.ts; src/lib/seo/JSON-LD/merchantPolicies.ts; src/lib/seo/JSON-LD/buildSupportJsonLd.ts; schema-dts 2.1.0 / installert arv,https://schema.org/DefinedRegion,"Schema.org-semantikk; ikke et særskilt Google-anbefalt felt for denne profilen. Egenskapen beskriver ingen separat del av denne DefinedRegion-entiteten eller valgt policyprofil. Eksisterende navn, beskrivelse, relasjoner og verdier dekker den dokumenterte rollen; ingen ekstra entiteter, handlinger, vurderinger eller redaksjonelle opplysninger tilføyes.",false,TypeScript; inventar/feltledger; HTTP og ekstern kodevalidering dokumenteres separat,
shippingReturns.destination-base,DefinedRegion.telephone,not_applicable,src/app/(storefront)/frakt-og-retur/page.mdx; src/lib/seo/supportPages.ts; src/lib/seo/JSON-LD/merchantPolicies.ts; src/lib/seo/JSON-LD/buildSupportJsonLd.ts; schema-dts 2.1.0 / installert arv,https://schema.org/DefinedRegion,"Schema.org-semantikk; ikke et særskilt Google-anbefalt felt for denne profilen. Egenskapen beskriver ingen separat del av denne DefinedRegion-entiteten eller valgt policyprofil. Eksisterende navn, beskrivelse, relasjoner og verdier dekker den dokumenterte rollen; ingen ekstra entiteter, handlinger, vurderinger eller redaksjonelle opplysninger tilføyes.",false,TypeScript; inventar/feltledger; HTTP og ekstern kodevalidering dokumenteres separat,
shippingReturns.destination-base,DefinedRegion.tourBookingPage,not_applicable,src/app/(storefront)/frakt-og-retur/page.mdx; src/lib/seo/supportPages.ts; src/lib/seo/JSON-LD/merchantPolicies.ts; src/lib/seo/JSON-LD/buildSupportJsonLd.ts; schema-dts 2.1.0 / installert arv,https://schema.org/DefinedRegion,"Schema.org-semantikk; ikke et særskilt Google-anbefalt felt for denne profilen. Egenskapen beskriver ingen separat del av denne DefinedRegion-entiteten eller valgt policyprofil. Eksisterende navn, beskrivelse, relasjoner og verdier dekker den dokumenterte rollen; ingen ekstra entiteter, handlinger, vurderinger eller redaksjonelle opplysninger tilføyes.",false,TypeScript; inventar/feltledger; HTTP og ekstern kodevalidering dokumenteres separat,
shippingReturns.destination-base,DefinedRegion.url,not_applicable,src/app/(storefront)/frakt-og-retur/page.mdx; src/lib/seo/supportPages.ts; src/lib/seo/JSON-LD/merchantPolicies.ts; src/lib/seo/JSON-LD/buildSupportJsonLd.ts; schema-dts 2.1.0 / installert arv,https://schema.org/DefinedRegion,"Schema.org-semantikk; ikke et særskilt Google-anbefalt felt for denne profilen. Egenskapen beskriver ingen separat del av denne DefinedRegion-entiteten eller valgt policyprofil. Eksisterende navn, beskrivelse, relasjoner og verdier dekker den dokumenterte rollen; ingen ekstra entiteter, handlinger, vurderinger eller redaksjonelle opplysninger tilføyes.",false,TypeScript; inventar/feltledger; HTTP og ekstern kodevalidering dokumenteres separat,
shippingReturns.destination-free,DefinedRegion.@id,not_applicable,src/app/(storefront)/frakt-og-retur/page.mdx; src/lib/seo/supportPages.ts; src/lib/seo/JSON-LD/merchantPolicies.ts; src/lib/seo/JSON-LD/buildSupportJsonLd.ts; schema-dts 2.1.0 / installert arv,https://schema.org/DefinedRegion,Schema.org-semantikk; ikke et særskilt Google-anbefalt felt for denne profilen. Nestet verdiobjekt uten uavhengig identitet eller innkommende referanser; stabil ID er ikke nødvendig.,false,TypeScript; inventar/feltledger; HTTP og ekstern kodevalidering dokumenteres separat,
shippingReturns.destination-free,DefinedRegion.@type,emitted,src/app/(storefront)/frakt-og-retur/page.mdx; src/lib/seo/supportPages.ts; src/lib/seo/JSON-LD/merchantPolicies.ts; src/lib/seo/JSON-LD/buildSupportJsonLd.ts; schema-dts 2.1.0 / installert arv,https://schema.org/DefinedRegion,"Schema.org-semantikk; ikke et særskilt Google-anbefalt felt for denne profilen. Verdi fra synlig policy eller verifisert felles identitets-/grafkontrakt. ""DefinedRegion""",false,TypeScript; inventar/feltledger; HTTP og ekstern kodevalidering dokumenteres separat,
shippingReturns.destination-free,DefinedRegion.additionalProperty,not_applicable,src/app/(storefront)/frakt-og-retur/page.mdx; src/lib/seo/supportPages.ts; src/lib/seo/JSON-LD/merchantPolicies.ts; src/lib/seo/JSON-LD/buildSupportJsonLd.ts; schema-dts 2.1.0 / installert arv,https://schema.org/DefinedRegion,"Schema.org-semantikk; ikke et særskilt Google-anbefalt felt for denne profilen. Egenskapen beskriver ingen separat del av denne DefinedRegion-entiteten eller valgt policyprofil. Eksisterende navn, beskrivelse, relasjoner og verdier dekker den dokumenterte rollen; ingen ekstra entiteter, handlinger, vurderinger eller redaksjonelle opplysninger tilføyes.",false,TypeScript; inventar/feltledger; HTTP og ekstern kodevalidering dokumenteres separat,
shippingReturns.destination-free,DefinedRegion.additionalType,not_applicable,src/app/(storefront)/frakt-og-retur/page.mdx; src/lib/seo/supportPages.ts; src/lib/seo/JSON-LD/merchantPolicies.ts; src/lib/seo/JSON-LD/buildSupportJsonLd.ts; schema-dts 2.1.0 / installert arv,https://schema.org/DefinedRegion,"Schema.org-semantikk; ikke et særskilt Google-anbefalt felt for denne profilen. Egenskapen beskriver ingen separat del av denne DefinedRegion-entiteten eller valgt policyprofil. Eksisterende navn, beskrivelse, relasjoner og verdier dekker den dokumenterte rollen; ingen ekstra entiteter, handlinger, vurderinger eller redaksjonelle opplysninger tilføyes.",false,TypeScript; inventar/feltledger; HTTP og ekstern kodevalidering dokumenteres separat,
shippingReturns.destination-free,DefinedRegion.address,not_applicable,src/app/(storefront)/frakt-og-retur/page.mdx; src/lib/seo/supportPages.ts; src/lib/seo/JSON-LD/merchantPolicies.ts; src/lib/seo/JSON-LD/buildSupportJsonLd.ts; schema-dts 2.1.0 / installert arv,https://schema.org/DefinedRegion,"Schema.org-semantikk; ikke et særskilt Google-anbefalt felt for denne profilen. Egenskapen beskriver ingen separat del av denne DefinedRegion-entiteten eller valgt policyprofil. Eksisterende navn, beskrivelse, relasjoner og verdier dekker den dokumenterte rollen; ingen ekstra entiteter, handlinger, vurderinger eller redaksjonelle opplysninger tilføyes.",false,TypeScript; inventar/feltledger; HTTP og ekstern kodevalidering dokumenteres separat,
shippingReturns.destination-free,DefinedRegion.addressCountry,emitted,src/app/(storefront)/frakt-og-retur/page.mdx; src/lib/seo/supportPages.ts; src/lib/seo/JSON-LD/merchantPolicies.ts; src/lib/seo/JSON-LD/buildSupportJsonLd.ts; schema-dts 2.1.0 / installert arv,https://developers.google.com/search/docs/appearance/structured-data/shipping-policy,"Verdi fra synlig policy eller verifisert felles identitets-/grafkontrakt. ""NO""",true,TypeScript; inventar/feltledger; HTTP og ekstern kodevalidering dokumenteres separat,
shippingReturns.destination-free,DefinedRegion.addressRegion,not_applicable,src/app/(storefront)/frakt-og-retur/page.mdx; src/lib/seo/supportPages.ts; src/lib/seo/JSON-LD/merchantPolicies.ts; src/lib/seo/JSON-LD/buildSupportJsonLd.ts; schema-dts 2.1.0 / installert arv,https://developers.google.com/search/docs/appearance/structured-data/shipping-policy,"Regelen gjelder Norge på landnivå, uten regionale eller postnummerbaserte unntak.",false,TypeScript; inventar/feltledger; HTTP og ekstern kodevalidering dokumenteres separat,
shippingReturns.destination-free,DefinedRegion.aggregateRating,not_applicable,src/app/(storefront)/frakt-og-retur/page.mdx; src/lib/seo/supportPages.ts; src/lib/seo/JSON-LD/merchantPolicies.ts; src/lib/seo/JSON-LD/buildSupportJsonLd.ts; schema-dts 2.1.0 / installert arv,https://schema.org/DefinedRegion,"Schema.org-semantikk; ikke et særskilt Google-anbefalt felt for denne profilen. Egenskapen beskriver ingen separat del av denne DefinedRegion-entiteten eller valgt policyprofil. Eksisterende navn, beskrivelse, relasjoner og verdier dekker den dokumenterte rollen; ingen ekstra entiteter, handlinger, vurderinger eller redaksjonelle opplysninger tilføyes.",false,TypeScript; inventar/feltledger; HTTP og ekstern kodevalidering dokumenteres separat,
shippingReturns.destination-free,DefinedRegion.alternateName,not_applicable,src/app/(storefront)/frakt-og-retur/page.mdx; src/lib/seo/supportPages.ts; src/lib/seo/JSON-LD/merchantPolicies.ts; src/lib/seo/JSON-LD/buildSupportJsonLd.ts; schema-dts 2.1.0 / installert arv,https://schema.org/DefinedRegion,"Schema.org-semantikk; ikke et særskilt Google-anbefalt felt for denne profilen. Egenskapen beskriver ingen separat del av denne DefinedRegion-entiteten eller valgt policyprofil. Eksisterende navn, beskrivelse, relasjoner og verdier dekker den dokumenterte rollen; ingen ekstra entiteter, handlinger, vurderinger eller redaksjonelle opplysninger tilføyes.",false,TypeScript; inventar/feltledger; HTTP og ekstern kodevalidering dokumenteres separat,
shippingReturns.destination-free,DefinedRegion.amenityFeature,not_applicable,src/app/(storefront)/frakt-og-retur/page.mdx; src/lib/seo/supportPages.ts; src/lib/seo/JSON-LD/merchantPolicies.ts; src/lib/seo/JSON-LD/buildSupportJsonLd.ts; schema-dts 2.1.0 / installert arv,https://schema.org/DefinedRegion,"Schema.org-semantikk; ikke et særskilt Google-anbefalt felt for denne profilen. Egenskapen beskriver ingen separat del av denne DefinedRegion-entiteten eller valgt policyprofil. Eksisterende navn, beskrivelse, relasjoner og verdier dekker den dokumenterte rollen; ingen ekstra entiteter, handlinger, vurderinger eller redaksjonelle opplysninger tilføyes.",false,TypeScript; inventar/feltledger; HTTP og ekstern kodevalidering dokumenteres separat,
shippingReturns.destination-free,DefinedRegion.branchCode,not_applicable,src/app/(storefront)/frakt-og-retur/page.mdx; src/lib/seo/supportPages.ts; src/lib/seo/JSON-LD/merchantPolicies.ts; src/lib/seo/JSON-LD/buildSupportJsonLd.ts; schema-dts 2.1.0 / installert arv,https://schema.org/DefinedRegion,"Schema.org-semantikk; ikke et særskilt Google-anbefalt felt for denne profilen. Egenskapen beskriver ingen separat del av denne DefinedRegion-entiteten eller valgt policyprofil. Eksisterende navn, beskrivelse, relasjoner og verdier dekker den dokumenterte rollen; ingen ekstra entiteter, handlinger, vurderinger eller redaksjonelle opplysninger tilføyes.",false,TypeScript; inventar/feltledger; HTTP og ekstern kodevalidering dokumenteres separat,
shippingReturns.destination-free,DefinedRegion.containedIn,not_applicable,src/app/(storefront)/frakt-og-retur/page.mdx; src/lib/seo/supportPages.ts; src/lib/seo/JSON-LD/merchantPolicies.ts; src/lib/seo/JSON-LD/buildSupportJsonLd.ts; schema-dts 2.1.0 / installert arv,https://schema.org/DefinedRegion,"Schema.org-semantikk; ikke et særskilt Google-anbefalt felt for denne profilen. Egenskapen beskriver ingen separat del av denne DefinedRegion-entiteten eller valgt policyprofil. Eksisterende navn, beskrivelse, relasjoner og verdier dekker den dokumenterte rollen; ingen ekstra entiteter, handlinger, vurderinger eller redaksjonelle opplysninger tilføyes.",false,TypeScript; inventar/feltledger; HTTP og ekstern kodevalidering dokumenteres separat,
shippingReturns.destination-free,DefinedRegion.containedInPlace,not_applicable,src/app/(storefront)/frakt-og-retur/page.mdx; src/lib/seo/supportPages.ts; src/lib/seo/JSON-LD/merchantPolicies.ts; src/lib/seo/JSON-LD/buildSupportJsonLd.ts; schema-dts 2.1.0 / installert arv,https://schema.org/DefinedRegion,"Schema.org-semantikk; ikke et særskilt Google-anbefalt felt for denne profilen. Egenskapen beskriver ingen separat del av denne DefinedRegion-entiteten eller valgt policyprofil. Eksisterende navn, beskrivelse, relasjoner og verdier dekker den dokumenterte rollen; ingen ekstra entiteter, handlinger, vurderinger eller redaksjonelle opplysninger tilføyes.",false,TypeScript; inventar/feltledger; HTTP og ekstern kodevalidering dokumenteres separat,
shippingReturns.destination-free,DefinedRegion.containsPlace,not_applicable,src/app/(storefront)/frakt-og-retur/page.mdx; src/lib/seo/supportPages.ts; src/lib/seo/JSON-LD/merchantPolicies.ts; src/lib/seo/JSON-LD/buildSupportJsonLd.ts; schema-dts 2.1.0 / installert arv,https://schema.org/DefinedRegion,"Schema.org-semantikk; ikke et særskilt Google-anbefalt felt for denne profilen. Egenskapen beskriver ingen separat del av denne DefinedRegion-entiteten eller valgt policyprofil. Eksisterende navn, beskrivelse, relasjoner og verdier dekker den dokumenterte rollen; ingen ekstra entiteter, handlinger, vurderinger eller redaksjonelle opplysninger tilføyes.",false,TypeScript; inventar/feltledger; HTTP og ekstern kodevalidering dokumenteres separat,
shippingReturns.destination-free,DefinedRegion.description,not_applicable,src/app/(storefront)/frakt-og-retur/page.mdx; src/lib/seo/supportPages.ts; src/lib/seo/JSON-LD/merchantPolicies.ts; src/lib/seo/JSON-LD/buildSupportJsonLd.ts; schema-dts 2.1.0 / installert arv,https://schema.org/DefinedRegion,"Schema.org-semantikk; ikke et særskilt Google-anbefalt felt for denne profilen. Egenskapen beskriver ingen separat del av denne DefinedRegion-entiteten eller valgt policyprofil. Eksisterende navn, beskrivelse, relasjoner og verdier dekker den dokumenterte rollen; ingen ekstra entiteter, handlinger, vurderinger eller redaksjonelle opplysninger tilføyes.",false,TypeScript; inventar/feltledger; HTTP og ekstern kodevalidering dokumenteres separat,
shippingReturns.destination-free,DefinedRegion.disambiguatingDescription,not_applicable,src/app/(storefront)/frakt-og-retur/page.mdx; src/lib/seo/supportPages.ts; src/lib/seo/JSON-LD/merchantPolicies.ts; src/lib/seo/JSON-LD/buildSupportJsonLd.ts; schema-dts 2.1.0 / installert arv,https://schema.org/DefinedRegion,"Schema.org-semantikk; ikke et særskilt Google-anbefalt felt for denne profilen. Egenskapen beskriver ingen separat del av denne DefinedRegion-entiteten eller valgt policyprofil. Eksisterende navn, beskrivelse, relasjoner og verdier dekker den dokumenterte rollen; ingen ekstra entiteter, handlinger, vurderinger eller redaksjonelle opplysninger tilføyes.",false,TypeScript; inventar/feltledger; HTTP og ekstern kodevalidering dokumenteres separat,
shippingReturns.destination-free,DefinedRegion.event,not_applicable,src/app/(storefront)/frakt-og-retur/page.mdx; src/lib/seo/supportPages.ts; src/lib/seo/JSON-LD/merchantPolicies.ts; src/lib/seo/JSON-LD/buildSupportJsonLd.ts; schema-dts 2.1.0 / installert arv,https://schema.org/DefinedRegion,"Schema.org-semantikk; ikke et særskilt Google-anbefalt felt for denne profilen. Egenskapen beskriver ingen separat del av denne DefinedRegion-entiteten eller valgt policyprofil. Eksisterende navn, beskrivelse, relasjoner og verdier dekker den dokumenterte rollen; ingen ekstra entiteter, handlinger, vurderinger eller redaksjonelle opplysninger tilføyes.",false,TypeScript; inventar/feltledger; HTTP og ekstern kodevalidering dokumenteres separat,
shippingReturns.destination-free,DefinedRegion.events,not_applicable,src/app/(storefront)/frakt-og-retur/page.mdx; src/lib/seo/supportPages.ts; src/lib/seo/JSON-LD/merchantPolicies.ts; src/lib/seo/JSON-LD/buildSupportJsonLd.ts; schema-dts 2.1.0 / installert arv,https://schema.org/DefinedRegion,"Schema.org-semantikk; ikke et særskilt Google-anbefalt felt for denne profilen. Egenskapen beskriver ingen separat del av denne DefinedRegion-entiteten eller valgt policyprofil. Eksisterende navn, beskrivelse, relasjoner og verdier dekker den dokumenterte rollen; ingen ekstra entiteter, handlinger, vurderinger eller redaksjonelle opplysninger tilføyes.",false,TypeScript; inventar/feltledger; HTTP og ekstern kodevalidering dokumenteres separat,
shippingReturns.destination-free,DefinedRegion.faxNumber,not_applicable,src/app/(storefront)/frakt-og-retur/page.mdx; src/lib/seo/supportPages.ts; src/lib/seo/JSON-LD/merchantPolicies.ts; src/lib/seo/JSON-LD/buildSupportJsonLd.ts; schema-dts 2.1.0 / installert arv,https://schema.org/DefinedRegion,"Schema.org-semantikk; ikke et særskilt Google-anbefalt felt for denne profilen. Egenskapen beskriver ingen separat del av denne DefinedRegion-entiteten eller valgt policyprofil. Eksisterende navn, beskrivelse, relasjoner og verdier dekker den dokumenterte rollen; ingen ekstra entiteter, handlinger, vurderinger eller redaksjonelle opplysninger tilføyes.",false,TypeScript; inventar/feltledger; HTTP og ekstern kodevalidering dokumenteres separat,
shippingReturns.destination-free,DefinedRegion.geo,not_applicable,src/app/(storefront)/frakt-og-retur/page.mdx; src/lib/seo/supportPages.ts; src/lib/seo/JSON-LD/merchantPolicies.ts; src/lib/seo/JSON-LD/buildSupportJsonLd.ts; schema-dts 2.1.0 / installert arv,https://schema.org/DefinedRegion,"Schema.org-semantikk; ikke et særskilt Google-anbefalt felt for denne profilen. Egenskapen beskriver ingen separat del av denne DefinedRegion-entiteten eller valgt policyprofil. Eksisterende navn, beskrivelse, relasjoner og verdier dekker den dokumenterte rollen; ingen ekstra entiteter, handlinger, vurderinger eller redaksjonelle opplysninger tilføyes.",false,TypeScript; inventar/feltledger; HTTP og ekstern kodevalidering dokumenteres separat,
shippingReturns.destination-free,DefinedRegion.geoContains,not_applicable,src/app/(storefront)/frakt-og-retur/page.mdx; src/lib/seo/supportPages.ts; src/lib/seo/JSON-LD/merchantPolicies.ts; src/lib/seo/JSON-LD/buildSupportJsonLd.ts; schema-dts 2.1.0 / installert arv,https://schema.org/DefinedRegion,"Schema.org-semantikk; ikke et særskilt Google-anbefalt felt for denne profilen. Egenskapen beskriver ingen separat del av denne DefinedRegion-entiteten eller valgt policyprofil. Eksisterende navn, beskrivelse, relasjoner og verdier dekker den dokumenterte rollen; ingen ekstra entiteter, handlinger, vurderinger eller redaksjonelle opplysninger tilføyes.",false,TypeScript; inventar/feltledger; HTTP og ekstern kodevalidering dokumenteres separat,
shippingReturns.destination-free,DefinedRegion.geoCoveredBy,not_applicable,src/app/(storefront)/frakt-og-retur/page.mdx; src/lib/seo/supportPages.ts; src/lib/seo/JSON-LD/merchantPolicies.ts; src/lib/seo/JSON-LD/buildSupportJsonLd.ts; schema-dts 2.1.0 / installert arv,https://schema.org/DefinedRegion,"Schema.org-semantikk; ikke et særskilt Google-anbefalt felt for denne profilen. Egenskapen beskriver ingen separat del av denne DefinedRegion-entiteten eller valgt policyprofil. Eksisterende navn, beskrivelse, relasjoner og verdier dekker den dokumenterte rollen; ingen ekstra entiteter, handlinger, vurderinger eller redaksjonelle opplysninger tilføyes.",false,TypeScript; inventar/feltledger; HTTP og ekstern kodevalidering dokumenteres separat,
shippingReturns.destination-free,DefinedRegion.geoCovers,not_applicable,src/app/(storefront)/frakt-og-retur/page.mdx; src/lib/seo/supportPages.ts; src/lib/seo/JSON-LD/merchantPolicies.ts; src/lib/seo/JSON-LD/buildSupportJsonLd.ts; schema-dts 2.1.0 / installert arv,https://schema.org/DefinedRegion,"Schema.org-semantikk; ikke et særskilt Google-anbefalt felt for denne profilen. Egenskapen beskriver ingen separat del av denne DefinedRegion-entiteten eller valgt policyprofil. Eksisterende navn, beskrivelse, relasjoner og verdier dekker den dokumenterte rollen; ingen ekstra entiteter, handlinger, vurderinger eller redaksjonelle opplysninger tilføyes.",false,TypeScript; inventar/feltledger; HTTP og ekstern kodevalidering dokumenteres separat,
shippingReturns.destination-free,DefinedRegion.geoCrosses,not_applicable,src/app/(storefront)/frakt-og-retur/page.mdx; src/lib/seo/supportPages.ts; src/lib/seo/JSON-LD/merchantPolicies.ts; src/lib/seo/JSON-LD/buildSupportJsonLd.ts; schema-dts 2.1.0 / installert arv,https://schema.org/DefinedRegion,"Schema.org-semantikk; ikke et særskilt Google-anbefalt felt for denne profilen. Egenskapen beskriver ingen separat del av denne DefinedRegion-entiteten eller valgt policyprofil. Eksisterende navn, beskrivelse, relasjoner og verdier dekker den dokumenterte rollen; ingen ekstra entiteter, handlinger, vurderinger eller redaksjonelle opplysninger tilføyes.",false,TypeScript; inventar/feltledger; HTTP og ekstern kodevalidering dokumenteres separat,
shippingReturns.destination-free,DefinedRegion.geoDisjoint,not_applicable,src/app/(storefront)/frakt-og-retur/page.mdx; src/lib/seo/supportPages.ts; src/lib/seo/JSON-LD/merchantPolicies.ts; src/lib/seo/JSON-LD/buildSupportJsonLd.ts; schema-dts 2.1.0 / installert arv,https://schema.org/DefinedRegion,"Schema.org-semantikk; ikke et særskilt Google-anbefalt felt for denne profilen. Egenskapen beskriver ingen separat del av denne DefinedRegion-entiteten eller valgt policyprofil. Eksisterende navn, beskrivelse, relasjoner og verdier dekker den dokumenterte rollen; ingen ekstra entiteter, handlinger, vurderinger eller redaksjonelle opplysninger tilføyes.",false,TypeScript; inventar/feltledger; HTTP og ekstern kodevalidering dokumenteres separat,
shippingReturns.destination-free,DefinedRegion.geoEquals,not_applicable,src/app/(storefront)/frakt-og-retur/page.mdx; src/lib/seo/supportPages.ts; src/lib/seo/JSON-LD/merchantPolicies.ts; src/lib/seo/JSON-LD/buildSupportJsonLd.ts; schema-dts 2.1.0 / installert arv,https://schema.org/DefinedRegion,"Schema.org-semantikk; ikke et særskilt Google-anbefalt felt for denne profilen. Egenskapen beskriver ingen separat del av denne DefinedRegion-entiteten eller valgt policyprofil. Eksisterende navn, beskrivelse, relasjoner og verdier dekker den dokumenterte rollen; ingen ekstra entiteter, handlinger, vurderinger eller redaksjonelle opplysninger tilføyes.",false,TypeScript; inventar/feltledger; HTTP og ekstern kodevalidering dokumenteres separat,
shippingReturns.destination-free,DefinedRegion.geoIntersects,not_applicable,src/app/(storefront)/frakt-og-retur/page.mdx; src/lib/seo/supportPages.ts; src/lib/seo/JSON-LD/merchantPolicies.ts; src/lib/seo/JSON-LD/buildSupportJsonLd.ts; schema-dts 2.1.0 / installert arv,https://schema.org/DefinedRegion,"Schema.org-semantikk; ikke et særskilt Google-anbefalt felt for denne profilen. Egenskapen beskriver ingen separat del av denne DefinedRegion-entiteten eller valgt policyprofil. Eksisterende navn, beskrivelse, relasjoner og verdier dekker den dokumenterte rollen; ingen ekstra entiteter, handlinger, vurderinger eller redaksjonelle opplysninger tilføyes.",false,TypeScript; inventar/feltledger; HTTP og ekstern kodevalidering dokumenteres separat,
shippingReturns.destination-free,DefinedRegion.geoOverlaps,not_applicable,src/app/(storefront)/frakt-og-retur/page.mdx; src/lib/seo/supportPages.ts; src/lib/seo/JSON-LD/merchantPolicies.ts; src/lib/seo/JSON-LD/buildSupportJsonLd.ts; schema-dts 2.1.0 / installert arv,https://schema.org/DefinedRegion,"Schema.org-semantikk; ikke et særskilt Google-anbefalt felt for denne profilen. Egenskapen beskriver ingen separat del av denne DefinedRegion-entiteten eller valgt policyprofil. Eksisterende navn, beskrivelse, relasjoner og verdier dekker den dokumenterte rollen; ingen ekstra entiteter, handlinger, vurderinger eller redaksjonelle opplysninger tilføyes.",false,TypeScript; inventar/feltledger; HTTP og ekstern kodevalidering dokumenteres separat,
shippingReturns.destination-free,DefinedRegion.geoTouches,not_applicable,src/app/(storefront)/frakt-og-retur/page.mdx; src/lib/seo/supportPages.ts; src/lib/seo/JSON-LD/merchantPolicies.ts; src/lib/seo/JSON-LD/buildSupportJsonLd.ts; schema-dts 2.1.0 / installert arv,https://schema.org/DefinedRegion,"Schema.org-semantikk; ikke et særskilt Google-anbefalt felt for denne profilen. Egenskapen beskriver ingen separat del av denne DefinedRegion-entiteten eller valgt policyprofil. Eksisterende navn, beskrivelse, relasjoner og verdier dekker den dokumenterte rollen; ingen ekstra entiteter, handlinger, vurderinger eller redaksjonelle opplysninger tilføyes.",false,TypeScript; inventar/feltledger; HTTP og ekstern kodevalidering dokumenteres separat,
shippingReturns.destination-free,DefinedRegion.geoWithin,not_applicable,src/app/(storefront)/frakt-og-retur/page.mdx; src/lib/seo/supportPages.ts; src/lib/seo/JSON-LD/merchantPolicies.ts; src/lib/seo/JSON-LD/buildSupportJsonLd.ts; schema-dts 2.1.0 / installert arv,https://schema.org/DefinedRegion,"Schema.org-semantikk; ikke et særskilt Google-anbefalt felt for denne profilen. Egenskapen beskriver ingen separat del av denne DefinedRegion-entiteten eller valgt policyprofil. Eksisterende navn, beskrivelse, relasjoner og verdier dekker den dokumenterte rollen; ingen ekstra entiteter, handlinger, vurderinger eller redaksjonelle opplysninger tilføyes.",false,TypeScript; inventar/feltledger; HTTP og ekstern kodevalidering dokumenteres separat,
shippingReturns.destination-free,DefinedRegion.globalLocationNumber,not_applicable,src/app/(storefront)/frakt-og-retur/page.mdx; src/lib/seo/supportPages.ts; src/lib/seo/JSON-LD/merchantPolicies.ts; src/lib/seo/JSON-LD/buildSupportJsonLd.ts; schema-dts 2.1.0 / installert arv,https://schema.org/DefinedRegion,"Schema.org-semantikk; ikke et særskilt Google-anbefalt felt for denne profilen. Egenskapen beskriver ingen separat del av denne DefinedRegion-entiteten eller valgt policyprofil. Eksisterende navn, beskrivelse, relasjoner og verdier dekker den dokumenterte rollen; ingen ekstra entiteter, handlinger, vurderinger eller redaksjonelle opplysninger tilføyes.",false,TypeScript; inventar/feltledger; HTTP og ekstern kodevalidering dokumenteres separat,
shippingReturns.destination-free,DefinedRegion.hasCertification,not_applicable,src/app/(storefront)/frakt-og-retur/page.mdx; src/lib/seo/supportPages.ts; src/lib/seo/JSON-LD/merchantPolicies.ts; src/lib/seo/JSON-LD/buildSupportJsonLd.ts; schema-dts 2.1.0 / installert arv,https://schema.org/DefinedRegion,"Schema.org-semantikk; ikke et særskilt Google-anbefalt felt for denne profilen. Egenskapen beskriver ingen separat del av denne DefinedRegion-entiteten eller valgt policyprofil. Eksisterende navn, beskrivelse, relasjoner og verdier dekker den dokumenterte rollen; ingen ekstra entiteter, handlinger, vurderinger eller redaksjonelle opplysninger tilføyes.",false,TypeScript; inventar/feltledger; HTTP og ekstern kodevalidering dokumenteres separat,
shippingReturns.destination-free,DefinedRegion.hasDriveThroughService,not_applicable,src/app/(storefront)/frakt-og-retur/page.mdx; src/lib/seo/supportPages.ts; src/lib/seo/JSON-LD/merchantPolicies.ts; src/lib/seo/JSON-LD/buildSupportJsonLd.ts; schema-dts 2.1.0 / installert arv,https://schema.org/DefinedRegion,"Schema.org-semantikk; ikke et særskilt Google-anbefalt felt for denne profilen. Egenskapen beskriver ingen separat del av denne DefinedRegion-entiteten eller valgt policyprofil. Eksisterende navn, beskrivelse, relasjoner og verdier dekker den dokumenterte rollen; ingen ekstra entiteter, handlinger, vurderinger eller redaksjonelle opplysninger tilføyes.",false,TypeScript; inventar/feltledger; HTTP og ekstern kodevalidering dokumenteres separat,
shippingReturns.destination-free,DefinedRegion.hasGS1DigitalLink,not_applicable,src/app/(storefront)/frakt-og-retur/page.mdx; src/lib/seo/supportPages.ts; src/lib/seo/JSON-LD/merchantPolicies.ts; src/lib/seo/JSON-LD/buildSupportJsonLd.ts; schema-dts 2.1.0 / installert arv,https://schema.org/DefinedRegion,"Schema.org-semantikk; ikke et særskilt Google-anbefalt felt for denne profilen. Egenskapen beskriver ingen separat del av denne DefinedRegion-entiteten eller valgt policyprofil. Eksisterende navn, beskrivelse, relasjoner og verdier dekker den dokumenterte rollen; ingen ekstra entiteter, handlinger, vurderinger eller redaksjonelle opplysninger tilføyes.",false,TypeScript; inventar/feltledger; HTTP og ekstern kodevalidering dokumenteres separat,
shippingReturns.destination-free,DefinedRegion.hasMap,not_applicable,src/app/(storefront)/frakt-og-retur/page.mdx; src/lib/seo/supportPages.ts; src/lib/seo/JSON-LD/merchantPolicies.ts; src/lib/seo/JSON-LD/buildSupportJsonLd.ts; schema-dts 2.1.0 / installert arv,https://schema.org/DefinedRegion,"Schema.org-semantikk; ikke et særskilt Google-anbefalt felt for denne profilen. Egenskapen beskriver ingen separat del av denne DefinedRegion-entiteten eller valgt policyprofil. Eksisterende navn, beskrivelse, relasjoner og verdier dekker den dokumenterte rollen; ingen ekstra entiteter, handlinger, vurderinger eller redaksjonelle opplysninger tilføyes.",false,TypeScript; inventar/feltledger; HTTP og ekstern kodevalidering dokumenteres separat,
shippingReturns.destination-free,DefinedRegion.identifier,not_applicable,src/app/(storefront)/frakt-og-retur/page.mdx; src/lib/seo/supportPages.ts; src/lib/seo/JSON-LD/merchantPolicies.ts; src/lib/seo/JSON-LD/buildSupportJsonLd.ts; schema-dts 2.1.0 / installert arv,https://schema.org/DefinedRegion,"Schema.org-semantikk; ikke et særskilt Google-anbefalt felt for denne profilen. Egenskapen beskriver ingen separat del av denne DefinedRegion-entiteten eller valgt policyprofil. Eksisterende navn, beskrivelse, relasjoner og verdier dekker den dokumenterte rollen; ingen ekstra entiteter, handlinger, vurderinger eller redaksjonelle opplysninger tilføyes.",false,TypeScript; inventar/feltledger; HTTP og ekstern kodevalidering dokumenteres separat,
shippingReturns.destination-free,DefinedRegion.image,not_applicable,src/app/(storefront)/frakt-og-retur/page.mdx; src/lib/seo/supportPages.ts; src/lib/seo/JSON-LD/merchantPolicies.ts; src/lib/seo/JSON-LD/buildSupportJsonLd.ts; schema-dts 2.1.0 / installert arv,https://schema.org/DefinedRegion,"Schema.org-semantikk; ikke et særskilt Google-anbefalt felt for denne profilen. Egenskapen beskriver ingen separat del av denne DefinedRegion-entiteten eller valgt policyprofil. Eksisterende navn, beskrivelse, relasjoner og verdier dekker den dokumenterte rollen; ingen ekstra entiteter, handlinger, vurderinger eller redaksjonelle opplysninger tilføyes.",false,TypeScript; inventar/feltledger; HTTP og ekstern kodevalidering dokumenteres separat,
shippingReturns.destination-free,DefinedRegion.isAccessibleForFree,not_applicable,src/app/(storefront)/frakt-og-retur/page.mdx; src/lib/seo/supportPages.ts; src/lib/seo/JSON-LD/merchantPolicies.ts; src/lib/seo/JSON-LD/buildSupportJsonLd.ts; schema-dts 2.1.0 / installert arv,https://schema.org/DefinedRegion,"Schema.org-semantikk; ikke et særskilt Google-anbefalt felt for denne profilen. Egenskapen beskriver ingen separat del av denne DefinedRegion-entiteten eller valgt policyprofil. Eksisterende navn, beskrivelse, relasjoner og verdier dekker den dokumenterte rollen; ingen ekstra entiteter, handlinger, vurderinger eller redaksjonelle opplysninger tilføyes.",false,TypeScript; inventar/feltledger; HTTP og ekstern kodevalidering dokumenteres separat,
shippingReturns.destination-free,DefinedRegion.isicV4,not_applicable,src/app/(storefront)/frakt-og-retur/page.mdx; src/lib/seo/supportPages.ts; src/lib/seo/JSON-LD/merchantPolicies.ts; src/lib/seo/JSON-LD/buildSupportJsonLd.ts; schema-dts 2.1.0 / installert arv,https://schema.org/DefinedRegion,"Schema.org-semantikk; ikke et særskilt Google-anbefalt felt for denne profilen. Egenskapen beskriver ingen separat del av denne DefinedRegion-entiteten eller valgt policyprofil. Eksisterende navn, beskrivelse, relasjoner og verdier dekker den dokumenterte rollen; ingen ekstra entiteter, handlinger, vurderinger eller redaksjonelle opplysninger tilføyes.",false,TypeScript; inventar/feltledger; HTTP og ekstern kodevalidering dokumenteres separat,
shippingReturns.destination-free,DefinedRegion.keywords,not_applicable,src/app/(storefront)/frakt-og-retur/page.mdx; src/lib/seo/supportPages.ts; src/lib/seo/JSON-LD/merchantPolicies.ts; src/lib/seo/JSON-LD/buildSupportJsonLd.ts; schema-dts 2.1.0 / installert arv,https://schema.org/DefinedRegion,"Schema.org-semantikk; ikke et særskilt Google-anbefalt felt for denne profilen. Egenskapen beskriver ingen separat del av denne DefinedRegion-entiteten eller valgt policyprofil. Eksisterende navn, beskrivelse, relasjoner og verdier dekker den dokumenterte rollen; ingen ekstra entiteter, handlinger, vurderinger eller redaksjonelle opplysninger tilføyes.",false,TypeScript; inventar/feltledger; HTTP og ekstern kodevalidering dokumenteres separat,
shippingReturns.destination-free,DefinedRegion.latitude,not_applicable,src/app/(storefront)/frakt-og-retur/page.mdx; src/lib/seo/supportPages.ts; src/lib/seo/JSON-LD/merchantPolicies.ts; src/lib/seo/JSON-LD/buildSupportJsonLd.ts; schema-dts 2.1.0 / installert arv,https://schema.org/DefinedRegion,"Schema.org-semantikk; ikke et særskilt Google-anbefalt felt for denne profilen. Egenskapen beskriver ingen separat del av denne DefinedRegion-entiteten eller valgt policyprofil. Eksisterende navn, beskrivelse, relasjoner og verdier dekker den dokumenterte rollen; ingen ekstra entiteter, handlinger, vurderinger eller redaksjonelle opplysninger tilføyes.",false,TypeScript; inventar/feltledger; HTTP og ekstern kodevalidering dokumenteres separat,
shippingReturns.destination-free,DefinedRegion.logo,not_applicable,src/app/(storefront)/frakt-og-retur/page.mdx; src/lib/seo/supportPages.ts; src/lib/seo/JSON-LD/merchantPolicies.ts; src/lib/seo/JSON-LD/buildSupportJsonLd.ts; schema-dts 2.1.0 / installert arv,https://schema.org/DefinedRegion,"Schema.org-semantikk; ikke et særskilt Google-anbefalt felt for denne profilen. Egenskapen beskriver ingen separat del av denne DefinedRegion-entiteten eller valgt policyprofil. Eksisterende navn, beskrivelse, relasjoner og verdier dekker den dokumenterte rollen; ingen ekstra entiteter, handlinger, vurderinger eller redaksjonelle opplysninger tilføyes.",false,TypeScript; inventar/feltledger; HTTP og ekstern kodevalidering dokumenteres separat,
shippingReturns.destination-free,DefinedRegion.longitude,not_applicable,src/app/(storefront)/frakt-og-retur/page.mdx; src/lib/seo/supportPages.ts; src/lib/seo/JSON-LD/merchantPolicies.ts; src/lib/seo/JSON-LD/buildSupportJsonLd.ts; schema-dts 2.1.0 / installert arv,https://schema.org/DefinedRegion,"Schema.org-semantikk; ikke et særskilt Google-anbefalt felt for denne profilen. Egenskapen beskriver ingen separat del av denne DefinedRegion-entiteten eller valgt policyprofil. Eksisterende navn, beskrivelse, relasjoner og verdier dekker den dokumenterte rollen; ingen ekstra entiteter, handlinger, vurderinger eller redaksjonelle opplysninger tilføyes.",false,TypeScript; inventar/feltledger; HTTP og ekstern kodevalidering dokumenteres separat,
shippingReturns.destination-free,DefinedRegion.mainEntityOfPage,not_applicable,src/app/(storefront)/frakt-og-retur/page.mdx; src/lib/seo/supportPages.ts; src/lib/seo/JSON-LD/merchantPolicies.ts; src/lib/seo/JSON-LD/buildSupportJsonLd.ts; schema-dts 2.1.0 / installert arv,https://schema.org/DefinedRegion,"Schema.org-semantikk; ikke et særskilt Google-anbefalt felt for denne profilen. Egenskapen beskriver ingen separat del av denne DefinedRegion-entiteten eller valgt policyprofil. Eksisterende navn, beskrivelse, relasjoner og verdier dekker den dokumenterte rollen; ingen ekstra entiteter, handlinger, vurderinger eller redaksjonelle opplysninger tilføyes.",false,TypeScript; inventar/feltledger; HTTP og ekstern kodevalidering dokumenteres separat,
shippingReturns.destination-free,DefinedRegion.map,not_applicable,src/app/(storefront)/frakt-og-retur/page.mdx; src/lib/seo/supportPages.ts; src/lib/seo/JSON-LD/merchantPolicies.ts; src/lib/seo/JSON-LD/buildSupportJsonLd.ts; schema-dts 2.1.0 / installert arv,https://schema.org/DefinedRegion,"Schema.org-semantikk; ikke et særskilt Google-anbefalt felt for denne profilen. Egenskapen beskriver ingen separat del av denne DefinedRegion-entiteten eller valgt policyprofil. Eksisterende navn, beskrivelse, relasjoner og verdier dekker den dokumenterte rollen; ingen ekstra entiteter, handlinger, vurderinger eller redaksjonelle opplysninger tilføyes.",false,TypeScript; inventar/feltledger; HTTP og ekstern kodevalidering dokumenteres separat,
shippingReturns.destination-free,DefinedRegion.maps,not_applicable,src/app/(storefront)/frakt-og-retur/page.mdx; src/lib/seo/supportPages.ts; src/lib/seo/JSON-LD/merchantPolicies.ts; src/lib/seo/JSON-LD/buildSupportJsonLd.ts; schema-dts 2.1.0 / installert arv,https://schema.org/DefinedRegion,"Schema.org-semantikk; ikke et særskilt Google-anbefalt felt for denne profilen. Egenskapen beskriver ingen separat del av denne DefinedRegion-entiteten eller valgt policyprofil. Eksisterende navn, beskrivelse, relasjoner og verdier dekker den dokumenterte rollen; ingen ekstra entiteter, handlinger, vurderinger eller redaksjonelle opplysninger tilføyes.",false,TypeScript; inventar/feltledger; HTTP og ekstern kodevalidering dokumenteres separat,
shippingReturns.destination-free,DefinedRegion.maximumAttendeeCapacity,not_applicable,src/app/(storefront)/frakt-og-retur/page.mdx; src/lib/seo/supportPages.ts; src/lib/seo/JSON-LD/merchantPolicies.ts; src/lib/seo/JSON-LD/buildSupportJsonLd.ts; schema-dts 2.1.0 / installert arv,https://schema.org/DefinedRegion,"Schema.org-semantikk; ikke et særskilt Google-anbefalt felt for denne profilen. Egenskapen beskriver ingen separat del av denne DefinedRegion-entiteten eller valgt policyprofil. Eksisterende navn, beskrivelse, relasjoner og verdier dekker den dokumenterte rollen; ingen ekstra entiteter, handlinger, vurderinger eller redaksjonelle opplysninger tilføyes.",false,TypeScript; inventar/feltledger; HTTP og ekstern kodevalidering dokumenteres separat,
shippingReturns.destination-free,DefinedRegion.name,not_applicable,src/app/(storefront)/frakt-og-retur/page.mdx; src/lib/seo/supportPages.ts; src/lib/seo/JSON-LD/merchantPolicies.ts; src/lib/seo/JSON-LD/buildSupportJsonLd.ts; schema-dts 2.1.0 / installert arv,https://schema.org/DefinedRegion,"Schema.org-semantikk; ikke et særskilt Google-anbefalt felt for denne profilen. Egenskapen beskriver ingen separat del av denne DefinedRegion-entiteten eller valgt policyprofil. Eksisterende navn, beskrivelse, relasjoner og verdier dekker den dokumenterte rollen; ingen ekstra entiteter, handlinger, vurderinger eller redaksjonelle opplysninger tilføyes.",false,TypeScript; inventar/feltledger; HTTP og ekstern kodevalidering dokumenteres separat,
shippingReturns.destination-free,DefinedRegion.openingHoursSpecification,not_applicable,src/app/(storefront)/frakt-og-retur/page.mdx; src/lib/seo/supportPages.ts; src/lib/seo/JSON-LD/merchantPolicies.ts; src/lib/seo/JSON-LD/buildSupportJsonLd.ts; schema-dts 2.1.0 / installert arv,https://schema.org/DefinedRegion,"Schema.org-semantikk; ikke et særskilt Google-anbefalt felt for denne profilen. Egenskapen beskriver ingen separat del av denne DefinedRegion-entiteten eller valgt policyprofil. Eksisterende navn, beskrivelse, relasjoner og verdier dekker den dokumenterte rollen; ingen ekstra entiteter, handlinger, vurderinger eller redaksjonelle opplysninger tilføyes.",false,TypeScript; inventar/feltledger; HTTP og ekstern kodevalidering dokumenteres separat,
shippingReturns.destination-free,DefinedRegion.owner,not_applicable,src/app/(storefront)/frakt-og-retur/page.mdx; src/lib/seo/supportPages.ts; src/lib/seo/JSON-LD/merchantPolicies.ts; src/lib/seo/JSON-LD/buildSupportJsonLd.ts; schema-dts 2.1.0 / installert arv,https://schema.org/DefinedRegion,"Schema.org-semantikk; ikke et særskilt Google-anbefalt felt for denne profilen. Egenskapen beskriver ingen separat del av denne DefinedRegion-entiteten eller valgt policyprofil. Eksisterende navn, beskrivelse, relasjoner og verdier dekker den dokumenterte rollen; ingen ekstra entiteter, handlinger, vurderinger eller redaksjonelle opplysninger tilføyes.",false,TypeScript; inventar/feltledger; HTTP og ekstern kodevalidering dokumenteres separat,
shippingReturns.destination-free,DefinedRegion.photo,not_applicable,src/app/(storefront)/frakt-og-retur/page.mdx; src/lib/seo/supportPages.ts; src/lib/seo/JSON-LD/merchantPolicies.ts; src/lib/seo/JSON-LD/buildSupportJsonLd.ts; schema-dts 2.1.0 / installert arv,https://schema.org/DefinedRegion,"Schema.org-semantikk; ikke et særskilt Google-anbefalt felt for denne profilen. Egenskapen beskriver ingen separat del av denne DefinedRegion-entiteten eller valgt policyprofil. Eksisterende navn, beskrivelse, relasjoner og verdier dekker den dokumenterte rollen; ingen ekstra entiteter, handlinger, vurderinger eller redaksjonelle opplysninger tilføyes.",false,TypeScript; inventar/feltledger; HTTP og ekstern kodevalidering dokumenteres separat,
shippingReturns.destination-free,DefinedRegion.photos,not_applicable,src/app/(storefront)/frakt-og-retur/page.mdx; src/lib/seo/supportPages.ts; src/lib/seo/JSON-LD/merchantPolicies.ts; src/lib/seo/JSON-LD/buildSupportJsonLd.ts; schema-dts 2.1.0 / installert arv,https://schema.org/DefinedRegion,"Schema.org-semantikk; ikke et særskilt Google-anbefalt felt for denne profilen. Egenskapen beskriver ingen separat del av denne DefinedRegion-entiteten eller valgt policyprofil. Eksisterende navn, beskrivelse, relasjoner og verdier dekker den dokumenterte rollen; ingen ekstra entiteter, handlinger, vurderinger eller redaksjonelle opplysninger tilføyes.",false,TypeScript; inventar/feltledger; HTTP og ekstern kodevalidering dokumenteres separat,
shippingReturns.destination-free,DefinedRegion.postalCode,not_applicable,src/app/(storefront)/frakt-og-retur/page.mdx; src/lib/seo/supportPages.ts; src/lib/seo/JSON-LD/merchantPolicies.ts; src/lib/seo/JSON-LD/buildSupportJsonLd.ts; schema-dts 2.1.0 / installert arv,https://developers.google.com/search/docs/appearance/structured-data/shipping-policy,"Regelen gjelder Norge på landnivå, uten regionale eller postnummerbaserte unntak.",false,TypeScript; inventar/feltledger; HTTP og ekstern kodevalidering dokumenteres separat,
shippingReturns.destination-free,DefinedRegion.postalCodePrefix,not_applicable,src/app/(storefront)/frakt-og-retur/page.mdx; src/lib/seo/supportPages.ts; src/lib/seo/JSON-LD/merchantPolicies.ts; src/lib/seo/JSON-LD/buildSupportJsonLd.ts; schema-dts 2.1.0 / installert arv,https://developers.google.com/search/docs/appearance/structured-data/shipping-policy,"Regelen gjelder Norge på landnivå, uten regionale eller postnummerbaserte unntak.",false,TypeScript; inventar/feltledger; HTTP og ekstern kodevalidering dokumenteres separat,
shippingReturns.destination-free,DefinedRegion.postalCodeRange,not_applicable,src/app/(storefront)/frakt-og-retur/page.mdx; src/lib/seo/supportPages.ts; src/lib/seo/JSON-LD/merchantPolicies.ts; src/lib/seo/JSON-LD/buildSupportJsonLd.ts; schema-dts 2.1.0 / installert arv,https://developers.google.com/search/docs/appearance/structured-data/shipping-policy,"Regelen gjelder Norge på landnivå, uten regionale eller postnummerbaserte unntak.",false,TypeScript; inventar/feltledger; HTTP og ekstern kodevalidering dokumenteres separat,
shippingReturns.destination-free,DefinedRegion.potentialAction,not_applicable,src/app/(storefront)/frakt-og-retur/page.mdx; src/lib/seo/supportPages.ts; src/lib/seo/JSON-LD/merchantPolicies.ts; src/lib/seo/JSON-LD/buildSupportJsonLd.ts; schema-dts 2.1.0 / installert arv,https://schema.org/DefinedRegion,"Schema.org-semantikk; ikke et særskilt Google-anbefalt felt for denne profilen. Egenskapen beskriver ingen separat del av denne DefinedRegion-entiteten eller valgt policyprofil. Eksisterende navn, beskrivelse, relasjoner og verdier dekker den dokumenterte rollen; ingen ekstra entiteter, handlinger, vurderinger eller redaksjonelle opplysninger tilføyes.",false,TypeScript; inventar/feltledger; HTTP og ekstern kodevalidering dokumenteres separat,
shippingReturns.destination-free,DefinedRegion.publicAccess,not_applicable,src/app/(storefront)/frakt-og-retur/page.mdx; src/lib/seo/supportPages.ts; src/lib/seo/JSON-LD/merchantPolicies.ts; src/lib/seo/JSON-LD/buildSupportJsonLd.ts; schema-dts 2.1.0 / installert arv,https://schema.org/DefinedRegion,"Schema.org-semantikk; ikke et særskilt Google-anbefalt felt for denne profilen. Egenskapen beskriver ingen separat del av denne DefinedRegion-entiteten eller valgt policyprofil. Eksisterende navn, beskrivelse, relasjoner og verdier dekker den dokumenterte rollen; ingen ekstra entiteter, handlinger, vurderinger eller redaksjonelle opplysninger tilføyes.",false,TypeScript; inventar/feltledger; HTTP og ekstern kodevalidering dokumenteres separat,
shippingReturns.destination-free,DefinedRegion.review,not_applicable,src/app/(storefront)/frakt-og-retur/page.mdx; src/lib/seo/supportPages.ts; src/lib/seo/JSON-LD/merchantPolicies.ts; src/lib/seo/JSON-LD/buildSupportJsonLd.ts; schema-dts 2.1.0 / installert arv,https://schema.org/DefinedRegion,"Schema.org-semantikk; ikke et særskilt Google-anbefalt felt for denne profilen. Egenskapen beskriver ingen separat del av denne DefinedRegion-entiteten eller valgt policyprofil. Eksisterende navn, beskrivelse, relasjoner og verdier dekker den dokumenterte rollen; ingen ekstra entiteter, handlinger, vurderinger eller redaksjonelle opplysninger tilføyes.",false,TypeScript; inventar/feltledger; HTTP og ekstern kodevalidering dokumenteres separat,
shippingReturns.destination-free,DefinedRegion.reviews,not_applicable,src/app/(storefront)/frakt-og-retur/page.mdx; src/lib/seo/supportPages.ts; src/lib/seo/JSON-LD/merchantPolicies.ts; src/lib/seo/JSON-LD/buildSupportJsonLd.ts; schema-dts 2.1.0 / installert arv,https://schema.org/DefinedRegion,"Schema.org-semantikk; ikke et særskilt Google-anbefalt felt for denne profilen. Egenskapen beskriver ingen separat del av denne DefinedRegion-entiteten eller valgt policyprofil. Eksisterende navn, beskrivelse, relasjoner og verdier dekker den dokumenterte rollen; ingen ekstra entiteter, handlinger, vurderinger eller redaksjonelle opplysninger tilføyes.",false,TypeScript; inventar/feltledger; HTTP og ekstern kodevalidering dokumenteres separat,
shippingReturns.destination-free,DefinedRegion.sameAs,not_applicable,src/app/(storefront)/frakt-og-retur/page.mdx; src/lib/seo/supportPages.ts; src/lib/seo/JSON-LD/merchantPolicies.ts; src/lib/seo/JSON-LD/buildSupportJsonLd.ts; schema-dts 2.1.0 / installert arv,https://schema.org/DefinedRegion,"Schema.org-semantikk; ikke et særskilt Google-anbefalt felt for denne profilen. Egenskapen beskriver ingen separat del av denne DefinedRegion-entiteten eller valgt policyprofil. Eksisterende navn, beskrivelse, relasjoner og verdier dekker den dokumenterte rollen; ingen ekstra entiteter, handlinger, vurderinger eller redaksjonelle opplysninger tilføyes.",false,TypeScript; inventar/feltledger; HTTP og ekstern kodevalidering dokumenteres separat,
shippingReturns.destination-free,DefinedRegion.slogan,not_applicable,src/app/(storefront)/frakt-og-retur/page.mdx; src/lib/seo/supportPages.ts; src/lib/seo/JSON-LD/merchantPolicies.ts; src/lib/seo/JSON-LD/buildSupportJsonLd.ts; schema-dts 2.1.0 / installert arv,https://schema.org/DefinedRegion,"Schema.org-semantikk; ikke et særskilt Google-anbefalt felt for denne profilen. Egenskapen beskriver ingen separat del av denne DefinedRegion-entiteten eller valgt policyprofil. Eksisterende navn, beskrivelse, relasjoner og verdier dekker den dokumenterte rollen; ingen ekstra entiteter, handlinger, vurderinger eller redaksjonelle opplysninger tilføyes.",false,TypeScript; inventar/feltledger; HTTP og ekstern kodevalidering dokumenteres separat,
shippingReturns.destination-free,DefinedRegion.smokingAllowed,not_applicable,src/app/(storefront)/frakt-og-retur/page.mdx; src/lib/seo/supportPages.ts; src/lib/seo/JSON-LD/merchantPolicies.ts; src/lib/seo/JSON-LD/buildSupportJsonLd.ts; schema-dts 2.1.0 / installert arv,https://schema.org/DefinedRegion,"Schema.org-semantikk; ikke et særskilt Google-anbefalt felt for denne profilen. Egenskapen beskriver ingen separat del av denne DefinedRegion-entiteten eller valgt policyprofil. Eksisterende navn, beskrivelse, relasjoner og verdier dekker den dokumenterte rollen; ingen ekstra entiteter, handlinger, vurderinger eller redaksjonelle opplysninger tilføyes.",false,TypeScript; inventar/feltledger; HTTP og ekstern kodevalidering dokumenteres separat,
shippingReturns.destination-free,DefinedRegion.specialOpeningHoursSpecification,not_applicable,src/app/(storefront)/frakt-og-retur/page.mdx; src/lib/seo/supportPages.ts; src/lib/seo/JSON-LD/merchantPolicies.ts; src/lib/seo/JSON-LD/buildSupportJsonLd.ts; schema-dts 2.1.0 / installert arv,https://schema.org/DefinedRegion,"Schema.org-semantikk; ikke et særskilt Google-anbefalt felt for denne profilen. Egenskapen beskriver ingen separat del av denne DefinedRegion-entiteten eller valgt policyprofil. Eksisterende navn, beskrivelse, relasjoner og verdier dekker den dokumenterte rollen; ingen ekstra entiteter, handlinger, vurderinger eller redaksjonelle opplysninger tilføyes.",false,TypeScript; inventar/feltledger; HTTP og ekstern kodevalidering dokumenteres separat,
shippingReturns.destination-free,DefinedRegion.subjectOf,not_applicable,src/app/(storefront)/frakt-og-retur/page.mdx; src/lib/seo/supportPages.ts; src/lib/seo/JSON-LD/merchantPolicies.ts; src/lib/seo/JSON-LD/buildSupportJsonLd.ts; schema-dts 2.1.0 / installert arv,https://schema.org/DefinedRegion,"Schema.org-semantikk; ikke et særskilt Google-anbefalt felt for denne profilen. Egenskapen beskriver ingen separat del av denne DefinedRegion-entiteten eller valgt policyprofil. Eksisterende navn, beskrivelse, relasjoner og verdier dekker den dokumenterte rollen; ingen ekstra entiteter, handlinger, vurderinger eller redaksjonelle opplysninger tilføyes.",false,TypeScript; inventar/feltledger; HTTP og ekstern kodevalidering dokumenteres separat,
shippingReturns.destination-free,DefinedRegion.telephone,not_applicable,src/app/(storefront)/frakt-og-retur/page.mdx; src/lib/seo/supportPages.ts; src/lib/seo/JSON-LD/merchantPolicies.ts; src/lib/seo/JSON-LD/buildSupportJsonLd.ts; schema-dts 2.1.0 / installert arv,https://schema.org/DefinedRegion,"Schema.org-semantikk; ikke et særskilt Google-anbefalt felt for denne profilen. Egenskapen beskriver ingen separat del av denne DefinedRegion-entiteten eller valgt policyprofil. Eksisterende navn, beskrivelse, relasjoner og verdier dekker den dokumenterte rollen; ingen ekstra entiteter, handlinger, vurderinger eller redaksjonelle opplysninger tilføyes.",false,TypeScript; inventar/feltledger; HTTP og ekstern kodevalidering dokumenteres separat,
shippingReturns.destination-free,DefinedRegion.tourBookingPage,not_applicable,src/app/(storefront)/frakt-og-retur/page.mdx; src/lib/seo/supportPages.ts; src/lib/seo/JSON-LD/merchantPolicies.ts; src/lib/seo/JSON-LD/buildSupportJsonLd.ts; schema-dts 2.1.0 / installert arv,https://schema.org/DefinedRegion,"Schema.org-semantikk; ikke et særskilt Google-anbefalt felt for denne profilen. Egenskapen beskriver ingen separat del av denne DefinedRegion-entiteten eller valgt policyprofil. Eksisterende navn, beskrivelse, relasjoner og verdier dekker den dokumenterte rollen; ingen ekstra entiteter, handlinger, vurderinger eller redaksjonelle opplysninger tilføyes.",false,TypeScript; inventar/feltledger; HTTP og ekstern kodevalidering dokumenteres separat,
shippingReturns.destination-free,DefinedRegion.url,not_applicable,src/app/(storefront)/frakt-og-retur/page.mdx; src/lib/seo/supportPages.ts; src/lib/seo/JSON-LD/merchantPolicies.ts; src/lib/seo/JSON-LD/buildSupportJsonLd.ts; schema-dts 2.1.0 / installert arv,https://schema.org/DefinedRegion,"Schema.org-semantikk; ikke et særskilt Google-anbefalt felt for denne profilen. Egenskapen beskriver ingen separat del av denne DefinedRegion-entiteten eller valgt policyprofil. Eksisterende navn, beskrivelse, relasjoner og verdier dekker den dokumenterte rollen; ingen ekstra entiteter, handlinger, vurderinger eller redaksjonelle opplysninger tilføyes.",false,TypeScript; inventar/feltledger; HTTP og ekstern kodevalidering dokumenteres separat,
shippingReturns.rate-base,MonetaryAmount.@id,not_applicable,src/app/(storefront)/frakt-og-retur/page.mdx; src/lib/seo/supportPages.ts; src/lib/seo/JSON-LD/merchantPolicies.ts; src/lib/seo/JSON-LD/buildSupportJsonLd.ts; schema-dts 2.1.0 / installert arv,https://schema.org/MonetaryAmount,Schema.org-semantikk; ikke et særskilt Google-anbefalt felt for denne profilen. Nestet verdiobjekt uten uavhengig identitet eller innkommende referanser; stabil ID er ikke nødvendig.,false,TypeScript; inventar/feltledger; HTTP og ekstern kodevalidering dokumenteres separat,
shippingReturns.rate-base,MonetaryAmount.@type,emitted,src/app/(storefront)/frakt-og-retur/page.mdx; src/lib/seo/supportPages.ts; src/lib/seo/JSON-LD/merchantPolicies.ts; src/lib/seo/JSON-LD/buildSupportJsonLd.ts; schema-dts 2.1.0 / installert arv,https://schema.org/MonetaryAmount,"Schema.org-semantikk; ikke et særskilt Google-anbefalt felt for denne profilen. Verdi fra synlig policy eller verifisert felles identitets-/grafkontrakt. ""MonetaryAmount""",false,TypeScript; inventar/feltledger; HTTP og ekstern kodevalidering dokumenteres separat,
shippingReturns.rate-base,MonetaryAmount.additionalType,not_applicable,src/app/(storefront)/frakt-og-retur/page.mdx; src/lib/seo/supportPages.ts; src/lib/seo/JSON-LD/merchantPolicies.ts; src/lib/seo/JSON-LD/buildSupportJsonLd.ts; schema-dts 2.1.0 / installert arv,https://schema.org/MonetaryAmount,"Schema.org-semantikk; ikke et særskilt Google-anbefalt felt for denne profilen. Egenskapen beskriver ingen separat del av denne MonetaryAmount-entiteten eller valgt policyprofil. Eksisterende navn, beskrivelse, relasjoner og verdier dekker den dokumenterte rollen; ingen ekstra entiteter, handlinger, vurderinger eller redaksjonelle opplysninger tilføyes.",false,TypeScript; inventar/feltledger; HTTP og ekstern kodevalidering dokumenteres separat,
shippingReturns.rate-base,MonetaryAmount.alternateName,not_applicable,src/app/(storefront)/frakt-og-retur/page.mdx; src/lib/seo/supportPages.ts; src/lib/seo/JSON-LD/merchantPolicies.ts; src/lib/seo/JSON-LD/buildSupportJsonLd.ts; schema-dts 2.1.0 / installert arv,https://schema.org/MonetaryAmount,"Schema.org-semantikk; ikke et særskilt Google-anbefalt felt for denne profilen. Egenskapen beskriver ingen separat del av denne MonetaryAmount-entiteten eller valgt policyprofil. Eksisterende navn, beskrivelse, relasjoner og verdier dekker den dokumenterte rollen; ingen ekstra entiteter, handlinger, vurderinger eller redaksjonelle opplysninger tilføyes.",false,TypeScript; inventar/feltledger; HTTP og ekstern kodevalidering dokumenteres separat,
shippingReturns.rate-base,MonetaryAmount.currency,emitted,src/app/(storefront)/frakt-og-retur/page.mdx; src/lib/seo/supportPages.ts; src/lib/seo/JSON-LD/merchantPolicies.ts; src/lib/seo/JSON-LD/buildSupportJsonLd.ts; schema-dts 2.1.0 / installert arv,https://developers.google.com/search/docs/appearance/structured-data/shipping-policy,"Verdi fra synlig policy eller verifisert felles identitets-/grafkontrakt. ""NOK""",true,TypeScript; inventar/feltledger; HTTP og ekstern kodevalidering dokumenteres separat,
shippingReturns.rate-base,MonetaryAmount.description,not_applicable,src/app/(storefront)/frakt-og-retur/page.mdx; src/lib/seo/supportPages.ts; src/lib/seo/JSON-LD/merchantPolicies.ts; src/lib/seo/JSON-LD/buildSupportJsonLd.ts; schema-dts 2.1.0 / installert arv,https://schema.org/MonetaryAmount,"Schema.org-semantikk; ikke et særskilt Google-anbefalt felt for denne profilen. Egenskapen beskriver ingen separat del av denne MonetaryAmount-entiteten eller valgt policyprofil. Eksisterende navn, beskrivelse, relasjoner og verdier dekker den dokumenterte rollen; ingen ekstra entiteter, handlinger, vurderinger eller redaksjonelle opplysninger tilføyes.",false,TypeScript; inventar/feltledger; HTTP og ekstern kodevalidering dokumenteres separat,
shippingReturns.rate-base,MonetaryAmount.disambiguatingDescription,not_applicable,src/app/(storefront)/frakt-og-retur/page.mdx; src/lib/seo/supportPages.ts; src/lib/seo/JSON-LD/merchantPolicies.ts; src/lib/seo/JSON-LD/buildSupportJsonLd.ts; schema-dts 2.1.0 / installert arv,https://schema.org/MonetaryAmount,"Schema.org-semantikk; ikke et særskilt Google-anbefalt felt for denne profilen. Egenskapen beskriver ingen separat del av denne MonetaryAmount-entiteten eller valgt policyprofil. Eksisterende navn, beskrivelse, relasjoner og verdier dekker den dokumenterte rollen; ingen ekstra entiteter, handlinger, vurderinger eller redaksjonelle opplysninger tilføyes.",false,TypeScript; inventar/feltledger; HTTP og ekstern kodevalidering dokumenteres separat,
shippingReturns.rate-base,MonetaryAmount.identifier,not_applicable,src/app/(storefront)/frakt-og-retur/page.mdx; src/lib/seo/supportPages.ts; src/lib/seo/JSON-LD/merchantPolicies.ts; src/lib/seo/JSON-LD/buildSupportJsonLd.ts; schema-dts 2.1.0 / installert arv,https://schema.org/MonetaryAmount,"Schema.org-semantikk; ikke et særskilt Google-anbefalt felt for denne profilen. Egenskapen beskriver ingen separat del av denne MonetaryAmount-entiteten eller valgt policyprofil. Eksisterende navn, beskrivelse, relasjoner og verdier dekker den dokumenterte rollen; ingen ekstra entiteter, handlinger, vurderinger eller redaksjonelle opplysninger tilføyes.",false,TypeScript; inventar/feltledger; HTTP og ekstern kodevalidering dokumenteres separat,
shippingReturns.rate-base,MonetaryAmount.image,not_applicable,src/app/(storefront)/frakt-og-retur/page.mdx; src/lib/seo/supportPages.ts; src/lib/seo/JSON-LD/merchantPolicies.ts; src/lib/seo/JSON-LD/buildSupportJsonLd.ts; schema-dts 2.1.0 / installert arv,https://schema.org/MonetaryAmount,"Schema.org-semantikk; ikke et særskilt Google-anbefalt felt for denne profilen. Egenskapen beskriver ingen separat del av denne MonetaryAmount-entiteten eller valgt policyprofil. Eksisterende navn, beskrivelse, relasjoner og verdier dekker den dokumenterte rollen; ingen ekstra entiteter, handlinger, vurderinger eller redaksjonelle opplysninger tilføyes.",false,TypeScript; inventar/feltledger; HTTP og ekstern kodevalidering dokumenteres separat,
shippingReturns.rate-base,MonetaryAmount.mainEntityOfPage,not_applicable,src/app/(storefront)/frakt-og-retur/page.mdx; src/lib/seo/supportPages.ts; src/lib/seo/JSON-LD/merchantPolicies.ts; src/lib/seo/JSON-LD/buildSupportJsonLd.ts; schema-dts 2.1.0 / installert arv,https://schema.org/MonetaryAmount,"Schema.org-semantikk; ikke et særskilt Google-anbefalt felt for denne profilen. Egenskapen beskriver ingen separat del av denne MonetaryAmount-entiteten eller valgt policyprofil. Eksisterende navn, beskrivelse, relasjoner og verdier dekker den dokumenterte rollen; ingen ekstra entiteter, handlinger, vurderinger eller redaksjonelle opplysninger tilføyes.",false,TypeScript; inventar/feltledger; HTTP og ekstern kodevalidering dokumenteres separat,
shippingReturns.rate-base,MonetaryAmount.maxValue,not_applicable,src/app/(storefront)/frakt-og-retur/page.mdx; src/lib/seo/supportPages.ts; src/lib/seo/JSON-LD/merchantPolicies.ts; src/lib/seo/JSON-LD/buildSupportJsonLd.ts; schema-dts 2.1.0 / installert arv,https://developers.google.com/search/docs/appearance/structured-data/shipping-policy,Eksakt fraktpris bruker value; gratisgrensen bruker minValue. Ingen alternativ prisrange eller øvre ordregrense er nødvendig.,false,TypeScript; inventar/feltledger; HTTP og ekstern kodevalidering dokumenteres separat,
shippingReturns.rate-base,MonetaryAmount.minValue,not_applicable,src/app/(storefront)/frakt-og-retur/page.mdx; src/lib/seo/supportPages.ts; src/lib/seo/JSON-LD/merchantPolicies.ts; src/lib/seo/JSON-LD/buildSupportJsonLd.ts; schema-dts 2.1.0 / installert arv,https://developers.google.com/search/docs/appearance/structured-data/shipping-policy,Eksakt fraktpris bruker value; gratisgrensen bruker minValue. Ingen alternativ prisrange eller øvre ordregrense er nødvendig.,false,TypeScript; inventar/feltledger; HTTP og ekstern kodevalidering dokumenteres separat,
shippingReturns.rate-base,MonetaryAmount.name,not_applicable,src/app/(storefront)/frakt-og-retur/page.mdx; src/lib/seo/supportPages.ts; src/lib/seo/JSON-LD/merchantPolicies.ts; src/lib/seo/JSON-LD/buildSupportJsonLd.ts; schema-dts 2.1.0 / installert arv,https://schema.org/MonetaryAmount,"Schema.org-semantikk; ikke et særskilt Google-anbefalt felt for denne profilen. Egenskapen beskriver ingen separat del av denne MonetaryAmount-entiteten eller valgt policyprofil. Eksisterende navn, beskrivelse, relasjoner og verdier dekker den dokumenterte rollen; ingen ekstra entiteter, handlinger, vurderinger eller redaksjonelle opplysninger tilføyes.",false,TypeScript; inventar/feltledger; HTTP og ekstern kodevalidering dokumenteres separat,
shippingReturns.rate-base,MonetaryAmount.owner,not_applicable,src/app/(storefront)/frakt-og-retur/page.mdx; src/lib/seo/supportPages.ts; src/lib/seo/JSON-LD/merchantPolicies.ts; src/lib/seo/JSON-LD/buildSupportJsonLd.ts; schema-dts 2.1.0 / installert arv,https://schema.org/MonetaryAmount,"Schema.org-semantikk; ikke et særskilt Google-anbefalt felt for denne profilen. Egenskapen beskriver ingen separat del av denne MonetaryAmount-entiteten eller valgt policyprofil. Eksisterende navn, beskrivelse, relasjoner og verdier dekker den dokumenterte rollen; ingen ekstra entiteter, handlinger, vurderinger eller redaksjonelle opplysninger tilføyes.",false,TypeScript; inventar/feltledger; HTTP og ekstern kodevalidering dokumenteres separat,
shippingReturns.rate-base,MonetaryAmount.potentialAction,not_applicable,src/app/(storefront)/frakt-og-retur/page.mdx; src/lib/seo/supportPages.ts; src/lib/seo/JSON-LD/merchantPolicies.ts; src/lib/seo/JSON-LD/buildSupportJsonLd.ts; schema-dts 2.1.0 / installert arv,https://schema.org/MonetaryAmount,"Schema.org-semantikk; ikke et særskilt Google-anbefalt felt for denne profilen. Egenskapen beskriver ingen separat del av denne MonetaryAmount-entiteten eller valgt policyprofil. Eksisterende navn, beskrivelse, relasjoner og verdier dekker den dokumenterte rollen; ingen ekstra entiteter, handlinger, vurderinger eller redaksjonelle opplysninger tilføyes.",false,TypeScript; inventar/feltledger; HTTP og ekstern kodevalidering dokumenteres separat,
shippingReturns.rate-base,MonetaryAmount.sameAs,not_applicable,src/app/(storefront)/frakt-og-retur/page.mdx; src/lib/seo/supportPages.ts; src/lib/seo/JSON-LD/merchantPolicies.ts; src/lib/seo/JSON-LD/buildSupportJsonLd.ts; schema-dts 2.1.0 / installert arv,https://schema.org/MonetaryAmount,"Schema.org-semantikk; ikke et særskilt Google-anbefalt felt for denne profilen. Egenskapen beskriver ingen separat del av denne MonetaryAmount-entiteten eller valgt policyprofil. Eksisterende navn, beskrivelse, relasjoner og verdier dekker den dokumenterte rollen; ingen ekstra entiteter, handlinger, vurderinger eller redaksjonelle opplysninger tilføyes.",false,TypeScript; inventar/feltledger; HTTP og ekstern kodevalidering dokumenteres separat,
shippingReturns.rate-base,MonetaryAmount.subjectOf,not_applicable,src/app/(storefront)/frakt-og-retur/page.mdx; src/lib/seo/supportPages.ts; src/lib/seo/JSON-LD/merchantPolicies.ts; src/lib/seo/JSON-LD/buildSupportJsonLd.ts; schema-dts 2.1.0 / installert arv,https://schema.org/MonetaryAmount,"Schema.org-semantikk; ikke et særskilt Google-anbefalt felt for denne profilen. Egenskapen beskriver ingen separat del av denne MonetaryAmount-entiteten eller valgt policyprofil. Eksisterende navn, beskrivelse, relasjoner og verdier dekker den dokumenterte rollen; ingen ekstra entiteter, handlinger, vurderinger eller redaksjonelle opplysninger tilføyes.",false,TypeScript; inventar/feltledger; HTTP og ekstern kodevalidering dokumenteres separat,
shippingReturns.rate-base,MonetaryAmount.url,not_applicable,src/app/(storefront)/frakt-og-retur/page.mdx; src/lib/seo/supportPages.ts; src/lib/seo/JSON-LD/merchantPolicies.ts; src/lib/seo/JSON-LD/buildSupportJsonLd.ts; schema-dts 2.1.0 / installert arv,https://schema.org/MonetaryAmount,"Schema.org-semantikk; ikke et særskilt Google-anbefalt felt for denne profilen. Egenskapen beskriver ingen separat del av denne MonetaryAmount-entiteten eller valgt policyprofil. Eksisterende navn, beskrivelse, relasjoner og verdier dekker den dokumenterte rollen; ingen ekstra entiteter, handlinger, vurderinger eller redaksjonelle opplysninger tilføyes.",false,TypeScript; inventar/feltledger; HTTP og ekstern kodevalidering dokumenteres separat,
shippingReturns.rate-base,MonetaryAmount.validFrom,not_applicable,src/app/(storefront)/frakt-og-retur/page.mdx; src/lib/seo/supportPages.ts; src/lib/seo/JSON-LD/merchantPolicies.ts; src/lib/seo/JSON-LD/buildSupportJsonLd.ts; schema-dts 2.1.0 / installert arv,https://schema.org/MonetaryAmount,Schema.org-semantikk; ikke et særskilt Google-anbefalt felt for denne profilen. Ordinær sats/grense har ingen dokumentert tidsavgrenset kampanje.,false,TypeScript; inventar/feltledger; HTTP og ekstern kodevalidering dokumenteres separat,
shippingReturns.rate-base,MonetaryAmount.validThrough,not_applicable,src/app/(storefront)/frakt-og-retur/page.mdx; src/lib/seo/supportPages.ts; src/lib/seo/JSON-LD/merchantPolicies.ts; src/lib/seo/JSON-LD/buildSupportJsonLd.ts; schema-dts 2.1.0 / installert arv,https://schema.org/MonetaryAmount,Schema.org-semantikk; ikke et særskilt Google-anbefalt felt for denne profilen. Ordinær sats/grense har ingen dokumentert tidsavgrenset kampanje.,false,TypeScript; inventar/feltledger; HTTP og ekstern kodevalidering dokumenteres separat,
shippingReturns.rate-base,MonetaryAmount.value,emitted,src/app/(storefront)/frakt-og-retur/page.mdx; src/lib/seo/supportPages.ts; src/lib/seo/JSON-LD/merchantPolicies.ts; src/lib/seo/JSON-LD/buildSupportJsonLd.ts; schema-dts 2.1.0 / installert arv,https://developers.google.com/search/docs/appearance/structured-data/shipping-policy,Verdi fra synlig policy eller verifisert felles identitets-/grafkontrakt. 99,true,TypeScript; inventar/feltledger; HTTP og ekstern kodevalidering dokumenteres separat,
shippingReturns.rate-free,MonetaryAmount.@id,not_applicable,src/app/(storefront)/frakt-og-retur/page.mdx; src/lib/seo/supportPages.ts; src/lib/seo/JSON-LD/merchantPolicies.ts; src/lib/seo/JSON-LD/buildSupportJsonLd.ts; schema-dts 2.1.0 / installert arv,https://schema.org/MonetaryAmount,Schema.org-semantikk; ikke et særskilt Google-anbefalt felt for denne profilen. Nestet verdiobjekt uten uavhengig identitet eller innkommende referanser; stabil ID er ikke nødvendig.,false,TypeScript; inventar/feltledger; HTTP og ekstern kodevalidering dokumenteres separat,
shippingReturns.rate-free,MonetaryAmount.@type,emitted,src/app/(storefront)/frakt-og-retur/page.mdx; src/lib/seo/supportPages.ts; src/lib/seo/JSON-LD/merchantPolicies.ts; src/lib/seo/JSON-LD/buildSupportJsonLd.ts; schema-dts 2.1.0 / installert arv,https://schema.org/MonetaryAmount,"Schema.org-semantikk; ikke et særskilt Google-anbefalt felt for denne profilen. Verdi fra synlig policy eller verifisert felles identitets-/grafkontrakt. ""MonetaryAmount""",false,TypeScript; inventar/feltledger; HTTP og ekstern kodevalidering dokumenteres separat,
shippingReturns.rate-free,MonetaryAmount.additionalType,not_applicable,src/app/(storefront)/frakt-og-retur/page.mdx; src/lib/seo/supportPages.ts; src/lib/seo/JSON-LD/merchantPolicies.ts; src/lib/seo/JSON-LD/buildSupportJsonLd.ts; schema-dts 2.1.0 / installert arv,https://schema.org/MonetaryAmount,"Schema.org-semantikk; ikke et særskilt Google-anbefalt felt for denne profilen. Egenskapen beskriver ingen separat del av denne MonetaryAmount-entiteten eller valgt policyprofil. Eksisterende navn, beskrivelse, relasjoner og verdier dekker den dokumenterte rollen; ingen ekstra entiteter, handlinger, vurderinger eller redaksjonelle opplysninger tilføyes.",false,TypeScript; inventar/feltledger; HTTP og ekstern kodevalidering dokumenteres separat,
shippingReturns.rate-free,MonetaryAmount.alternateName,not_applicable,src/app/(storefront)/frakt-og-retur/page.mdx; src/lib/seo/supportPages.ts; src/lib/seo/JSON-LD/merchantPolicies.ts; src/lib/seo/JSON-LD/buildSupportJsonLd.ts; schema-dts 2.1.0 / installert arv,https://schema.org/MonetaryAmount,"Schema.org-semantikk; ikke et særskilt Google-anbefalt felt for denne profilen. Egenskapen beskriver ingen separat del av denne MonetaryAmount-entiteten eller valgt policyprofil. Eksisterende navn, beskrivelse, relasjoner og verdier dekker den dokumenterte rollen; ingen ekstra entiteter, handlinger, vurderinger eller redaksjonelle opplysninger tilføyes.",false,TypeScript; inventar/feltledger; HTTP og ekstern kodevalidering dokumenteres separat,
shippingReturns.rate-free,MonetaryAmount.currency,emitted,src/app/(storefront)/frakt-og-retur/page.mdx; src/lib/seo/supportPages.ts; src/lib/seo/JSON-LD/merchantPolicies.ts; src/lib/seo/JSON-LD/buildSupportJsonLd.ts; schema-dts 2.1.0 / installert arv,https://developers.google.com/search/docs/appearance/structured-data/shipping-policy,"Verdi fra synlig policy eller verifisert felles identitets-/grafkontrakt. ""NOK""",true,TypeScript; inventar/feltledger; HTTP og ekstern kodevalidering dokumenteres separat,
shippingReturns.rate-free,MonetaryAmount.description,not_applicable,src/app/(storefront)/frakt-og-retur/page.mdx; src/lib/seo/supportPages.ts; src/lib/seo/JSON-LD/merchantPolicies.ts; src/lib/seo/JSON-LD/buildSupportJsonLd.ts; schema-dts 2.1.0 / installert arv,https://schema.org/MonetaryAmount,"Schema.org-semantikk; ikke et særskilt Google-anbefalt felt for denne profilen. Egenskapen beskriver ingen separat del av denne MonetaryAmount-entiteten eller valgt policyprofil. Eksisterende navn, beskrivelse, relasjoner og verdier dekker den dokumenterte rollen; ingen ekstra entiteter, handlinger, vurderinger eller redaksjonelle opplysninger tilføyes.",false,TypeScript; inventar/feltledger; HTTP og ekstern kodevalidering dokumenteres separat,
shippingReturns.rate-free,MonetaryAmount.disambiguatingDescription,not_applicable,src/app/(storefront)/frakt-og-retur/page.mdx; src/lib/seo/supportPages.ts; src/lib/seo/JSON-LD/merchantPolicies.ts; src/lib/seo/JSON-LD/buildSupportJsonLd.ts; schema-dts 2.1.0 / installert arv,https://schema.org/MonetaryAmount,"Schema.org-semantikk; ikke et særskilt Google-anbefalt felt for denne profilen. Egenskapen beskriver ingen separat del av denne MonetaryAmount-entiteten eller valgt policyprofil. Eksisterende navn, beskrivelse, relasjoner og verdier dekker den dokumenterte rollen; ingen ekstra entiteter, handlinger, vurderinger eller redaksjonelle opplysninger tilføyes.",false,TypeScript; inventar/feltledger; HTTP og ekstern kodevalidering dokumenteres separat,
shippingReturns.rate-free,MonetaryAmount.identifier,not_applicable,src/app/(storefront)/frakt-og-retur/page.mdx; src/lib/seo/supportPages.ts; src/lib/seo/JSON-LD/merchantPolicies.ts; src/lib/seo/JSON-LD/buildSupportJsonLd.ts; schema-dts 2.1.0 / installert arv,https://schema.org/MonetaryAmount,"Schema.org-semantikk; ikke et særskilt Google-anbefalt felt for denne profilen. Egenskapen beskriver ingen separat del av denne MonetaryAmount-entiteten eller valgt policyprofil. Eksisterende navn, beskrivelse, relasjoner og verdier dekker den dokumenterte rollen; ingen ekstra entiteter, handlinger, vurderinger eller redaksjonelle opplysninger tilføyes.",false,TypeScript; inventar/feltledger; HTTP og ekstern kodevalidering dokumenteres separat,
shippingReturns.rate-free,MonetaryAmount.image,not_applicable,src/app/(storefront)/frakt-og-retur/page.mdx; src/lib/seo/supportPages.ts; src/lib/seo/JSON-LD/merchantPolicies.ts; src/lib/seo/JSON-LD/buildSupportJsonLd.ts; schema-dts 2.1.0 / installert arv,https://schema.org/MonetaryAmount,"Schema.org-semantikk; ikke et særskilt Google-anbefalt felt for denne profilen. Egenskapen beskriver ingen separat del av denne MonetaryAmount-entiteten eller valgt policyprofil. Eksisterende navn, beskrivelse, relasjoner og verdier dekker den dokumenterte rollen; ingen ekstra entiteter, handlinger, vurderinger eller redaksjonelle opplysninger tilføyes.",false,TypeScript; inventar/feltledger; HTTP og ekstern kodevalidering dokumenteres separat,
shippingReturns.rate-free,MonetaryAmount.mainEntityOfPage,not_applicable,src/app/(storefront)/frakt-og-retur/page.mdx; src/lib/seo/supportPages.ts; src/lib/seo/JSON-LD/merchantPolicies.ts; src/lib/seo/JSON-LD/buildSupportJsonLd.ts; schema-dts 2.1.0 / installert arv,https://schema.org/MonetaryAmount,"Schema.org-semantikk; ikke et særskilt Google-anbefalt felt for denne profilen. Egenskapen beskriver ingen separat del av denne MonetaryAmount-entiteten eller valgt policyprofil. Eksisterende navn, beskrivelse, relasjoner og verdier dekker den dokumenterte rollen; ingen ekstra entiteter, handlinger, vurderinger eller redaksjonelle opplysninger tilføyes.",false,TypeScript; inventar/feltledger; HTTP og ekstern kodevalidering dokumenteres separat,
shippingReturns.rate-free,MonetaryAmount.maxValue,not_applicable,src/app/(storefront)/frakt-og-retur/page.mdx; src/lib/seo/supportPages.ts; src/lib/seo/JSON-LD/merchantPolicies.ts; src/lib/seo/JSON-LD/buildSupportJsonLd.ts; schema-dts 2.1.0 / installert arv,https://developers.google.com/search/docs/appearance/structured-data/shipping-policy,Eksakt fraktpris bruker value; gratisgrensen bruker minValue. Ingen alternativ prisrange eller øvre ordregrense er nødvendig.,false,TypeScript; inventar/feltledger; HTTP og ekstern kodevalidering dokumenteres separat,
shippingReturns.rate-free,MonetaryAmount.minValue,not_applicable,src/app/(storefront)/frakt-og-retur/page.mdx; src/lib/seo/supportPages.ts; src/lib/seo/JSON-LD/merchantPolicies.ts; src/lib/seo/JSON-LD/buildSupportJsonLd.ts; schema-dts 2.1.0 / installert arv,https://developers.google.com/search/docs/appearance/structured-data/shipping-policy,Eksakt fraktpris bruker value; gratisgrensen bruker minValue. Ingen alternativ prisrange eller øvre ordregrense er nødvendig.,false,TypeScript; inventar/feltledger; HTTP og ekstern kodevalidering dokumenteres separat,
shippingReturns.rate-free,MonetaryAmount.name,not_applicable,src/app/(storefront)/frakt-og-retur/page.mdx; src/lib/seo/supportPages.ts; src/lib/seo/JSON-LD/merchantPolicies.ts; src/lib/seo/JSON-LD/buildSupportJsonLd.ts; schema-dts 2.1.0 / installert arv,https://schema.org/MonetaryAmount,"Schema.org-semantikk; ikke et særskilt Google-anbefalt felt for denne profilen. Egenskapen beskriver ingen separat del av denne MonetaryAmount-entiteten eller valgt policyprofil. Eksisterende navn, beskrivelse, relasjoner og verdier dekker den dokumenterte rollen; ingen ekstra entiteter, handlinger, vurderinger eller redaksjonelle opplysninger tilføyes.",false,TypeScript; inventar/feltledger; HTTP og ekstern kodevalidering dokumenteres separat,
shippingReturns.rate-free,MonetaryAmount.owner,not_applicable,src/app/(storefront)/frakt-og-retur/page.mdx; src/lib/seo/supportPages.ts; src/lib/seo/JSON-LD/merchantPolicies.ts; src/lib/seo/JSON-LD/buildSupportJsonLd.ts; schema-dts 2.1.0 / installert arv,https://schema.org/MonetaryAmount,"Schema.org-semantikk; ikke et særskilt Google-anbefalt felt for denne profilen. Egenskapen beskriver ingen separat del av denne MonetaryAmount-entiteten eller valgt policyprofil. Eksisterende navn, beskrivelse, relasjoner og verdier dekker den dokumenterte rollen; ingen ekstra entiteter, handlinger, vurderinger eller redaksjonelle opplysninger tilføyes.",false,TypeScript; inventar/feltledger; HTTP og ekstern kodevalidering dokumenteres separat,
shippingReturns.rate-free,MonetaryAmount.potentialAction,not_applicable,src/app/(storefront)/frakt-og-retur/page.mdx; src/lib/seo/supportPages.ts; src/lib/seo/JSON-LD/merchantPolicies.ts; src/lib/seo/JSON-LD/buildSupportJsonLd.ts; schema-dts 2.1.0 / installert arv,https://schema.org/MonetaryAmount,"Schema.org-semantikk; ikke et særskilt Google-anbefalt felt for denne profilen. Egenskapen beskriver ingen separat del av denne MonetaryAmount-entiteten eller valgt policyprofil. Eksisterende navn, beskrivelse, relasjoner og verdier dekker den dokumenterte rollen; ingen ekstra entiteter, handlinger, vurderinger eller redaksjonelle opplysninger tilføyes.",false,TypeScript; inventar/feltledger; HTTP og ekstern kodevalidering dokumenteres separat,
shippingReturns.rate-free,MonetaryAmount.sameAs,not_applicable,src/app/(storefront)/frakt-og-retur/page.mdx; src/lib/seo/supportPages.ts; src/lib/seo/JSON-LD/merchantPolicies.ts; src/lib/seo/JSON-LD/buildSupportJsonLd.ts; schema-dts 2.1.0 / installert arv,https://schema.org/MonetaryAmount,"Schema.org-semantikk; ikke et særskilt Google-anbefalt felt for denne profilen. Egenskapen beskriver ingen separat del av denne MonetaryAmount-entiteten eller valgt policyprofil. Eksisterende navn, beskrivelse, relasjoner og verdier dekker den dokumenterte rollen; ingen ekstra entiteter, handlinger, vurderinger eller redaksjonelle opplysninger tilføyes.",false,TypeScript; inventar/feltledger; HTTP og ekstern kodevalidering dokumenteres separat,
shippingReturns.rate-free,MonetaryAmount.subjectOf,not_applicable,src/app/(storefront)/frakt-og-retur/page.mdx; src/lib/seo/supportPages.ts; src/lib/seo/JSON-LD/merchantPolicies.ts; src/lib/seo/JSON-LD/buildSupportJsonLd.ts; schema-dts 2.1.0 / installert arv,https://schema.org/MonetaryAmount,"Schema.org-semantikk; ikke et særskilt Google-anbefalt felt for denne profilen. Egenskapen beskriver ingen separat del av denne MonetaryAmount-entiteten eller valgt policyprofil. Eksisterende navn, beskrivelse, relasjoner og verdier dekker den dokumenterte rollen; ingen ekstra entiteter, handlinger, vurderinger eller redaksjonelle opplysninger tilføyes.",false,TypeScript; inventar/feltledger; HTTP og ekstern kodevalidering dokumenteres separat,
shippingReturns.rate-free,MonetaryAmount.url,not_applicable,src/app/(storefront)/frakt-og-retur/page.mdx; src/lib/seo/supportPages.ts; src/lib/seo/JSON-LD/merchantPolicies.ts; src/lib/seo/JSON-LD/buildSupportJsonLd.ts; schema-dts 2.1.0 / installert arv,https://schema.org/MonetaryAmount,"Schema.org-semantikk; ikke et særskilt Google-anbefalt felt for denne profilen. Egenskapen beskriver ingen separat del av denne MonetaryAmount-entiteten eller valgt policyprofil. Eksisterende navn, beskrivelse, relasjoner og verdier dekker den dokumenterte rollen; ingen ekstra entiteter, handlinger, vurderinger eller redaksjonelle opplysninger tilføyes.",false,TypeScript; inventar/feltledger; HTTP og ekstern kodevalidering dokumenteres separat,
shippingReturns.rate-free,MonetaryAmount.validFrom,not_applicable,src/app/(storefront)/frakt-og-retur/page.mdx; src/lib/seo/supportPages.ts; src/lib/seo/JSON-LD/merchantPolicies.ts; src/lib/seo/JSON-LD/buildSupportJsonLd.ts; schema-dts 2.1.0 / installert arv,https://schema.org/MonetaryAmount,Schema.org-semantikk; ikke et særskilt Google-anbefalt felt for denne profilen. Ordinær sats/grense har ingen dokumentert tidsavgrenset kampanje.,false,TypeScript; inventar/feltledger; HTTP og ekstern kodevalidering dokumenteres separat,
shippingReturns.rate-free,MonetaryAmount.validThrough,not_applicable,src/app/(storefront)/frakt-og-retur/page.mdx; src/lib/seo/supportPages.ts; src/lib/seo/JSON-LD/merchantPolicies.ts; src/lib/seo/JSON-LD/buildSupportJsonLd.ts; schema-dts 2.1.0 / installert arv,https://schema.org/MonetaryAmount,Schema.org-semantikk; ikke et særskilt Google-anbefalt felt for denne profilen. Ordinær sats/grense har ingen dokumentert tidsavgrenset kampanje.,false,TypeScript; inventar/feltledger; HTTP og ekstern kodevalidering dokumenteres separat,
shippingReturns.rate-free,MonetaryAmount.value,emitted,src/app/(storefront)/frakt-og-retur/page.mdx; src/lib/seo/supportPages.ts; src/lib/seo/JSON-LD/merchantPolicies.ts; src/lib/seo/JSON-LD/buildSupportJsonLd.ts; schema-dts 2.1.0 / installert arv,https://developers.google.com/search/docs/appearance/structured-data/shipping-policy,Verdi fra synlig policy eller verifisert felles identitets-/grafkontrakt. 0,true,TypeScript; inventar/feltledger; HTTP og ekstern kodevalidering dokumenteres separat,
shippingReturns.order-free,MonetaryAmount.@id,not_applicable,src/app/(storefront)/frakt-og-retur/page.mdx; src/lib/seo/supportPages.ts; src/lib/seo/JSON-LD/merchantPolicies.ts; src/lib/seo/JSON-LD/buildSupportJsonLd.ts; schema-dts 2.1.0 / installert arv,https://schema.org/MonetaryAmount,Schema.org-semantikk; ikke et særskilt Google-anbefalt felt for denne profilen. Nestet verdiobjekt uten uavhengig identitet eller innkommende referanser; stabil ID er ikke nødvendig.,false,TypeScript; inventar/feltledger; HTTP og ekstern kodevalidering dokumenteres separat,
shippingReturns.order-free,MonetaryAmount.@type,emitted,src/app/(storefront)/frakt-og-retur/page.mdx; src/lib/seo/supportPages.ts; src/lib/seo/JSON-LD/merchantPolicies.ts; src/lib/seo/JSON-LD/buildSupportJsonLd.ts; schema-dts 2.1.0 / installert arv,https://schema.org/MonetaryAmount,"Schema.org-semantikk; ikke et særskilt Google-anbefalt felt for denne profilen. Verdi fra synlig policy eller verifisert felles identitets-/grafkontrakt. ""MonetaryAmount""",false,TypeScript; inventar/feltledger; HTTP og ekstern kodevalidering dokumenteres separat,
shippingReturns.order-free,MonetaryAmount.additionalType,not_applicable,src/app/(storefront)/frakt-og-retur/page.mdx; src/lib/seo/supportPages.ts; src/lib/seo/JSON-LD/merchantPolicies.ts; src/lib/seo/JSON-LD/buildSupportJsonLd.ts; schema-dts 2.1.0 / installert arv,https://schema.org/MonetaryAmount,"Schema.org-semantikk; ikke et særskilt Google-anbefalt felt for denne profilen. Egenskapen beskriver ingen separat del av denne MonetaryAmount-entiteten eller valgt policyprofil. Eksisterende navn, beskrivelse, relasjoner og verdier dekker den dokumenterte rollen; ingen ekstra entiteter, handlinger, vurderinger eller redaksjonelle opplysninger tilføyes.",false,TypeScript; inventar/feltledger; HTTP og ekstern kodevalidering dokumenteres separat,
shippingReturns.order-free,MonetaryAmount.alternateName,not_applicable,src/app/(storefront)/frakt-og-retur/page.mdx; src/lib/seo/supportPages.ts; src/lib/seo/JSON-LD/merchantPolicies.ts; src/lib/seo/JSON-LD/buildSupportJsonLd.ts; schema-dts 2.1.0 / installert arv,https://schema.org/MonetaryAmount,"Schema.org-semantikk; ikke et særskilt Google-anbefalt felt for denne profilen. Egenskapen beskriver ingen separat del av denne MonetaryAmount-entiteten eller valgt policyprofil. Eksisterende navn, beskrivelse, relasjoner og verdier dekker den dokumenterte rollen; ingen ekstra entiteter, handlinger, vurderinger eller redaksjonelle opplysninger tilføyes.",false,TypeScript; inventar/feltledger; HTTP og ekstern kodevalidering dokumenteres separat,
shippingReturns.order-free,MonetaryAmount.currency,emitted,src/app/(storefront)/frakt-og-retur/page.mdx; src/lib/seo/supportPages.ts; src/lib/seo/JSON-LD/merchantPolicies.ts; src/lib/seo/JSON-LD/buildSupportJsonLd.ts; schema-dts 2.1.0 / installert arv,https://developers.google.com/search/docs/appearance/structured-data/shipping-policy,"Verdi fra synlig policy eller verifisert felles identitets-/grafkontrakt. ""NOK""",true,TypeScript; inventar/feltledger; HTTP og ekstern kodevalidering dokumenteres separat,
shippingReturns.order-free,MonetaryAmount.description,not_applicable,src/app/(storefront)/frakt-og-retur/page.mdx; src/lib/seo/supportPages.ts; src/lib/seo/JSON-LD/merchantPolicies.ts; src/lib/seo/JSON-LD/buildSupportJsonLd.ts; schema-dts 2.1.0 / installert arv,https://schema.org/MonetaryAmount,"Schema.org-semantikk; ikke et særskilt Google-anbefalt felt for denne profilen. Egenskapen beskriver ingen separat del av denne MonetaryAmount-entiteten eller valgt policyprofil. Eksisterende navn, beskrivelse, relasjoner og verdier dekker den dokumenterte rollen; ingen ekstra entiteter, handlinger, vurderinger eller redaksjonelle opplysninger tilføyes.",false,TypeScript; inventar/feltledger; HTTP og ekstern kodevalidering dokumenteres separat,
shippingReturns.order-free,MonetaryAmount.disambiguatingDescription,not_applicable,src/app/(storefront)/frakt-og-retur/page.mdx; src/lib/seo/supportPages.ts; src/lib/seo/JSON-LD/merchantPolicies.ts; src/lib/seo/JSON-LD/buildSupportJsonLd.ts; schema-dts 2.1.0 / installert arv,https://schema.org/MonetaryAmount,"Schema.org-semantikk; ikke et særskilt Google-anbefalt felt for denne profilen. Egenskapen beskriver ingen separat del av denne MonetaryAmount-entiteten eller valgt policyprofil. Eksisterende navn, beskrivelse, relasjoner og verdier dekker den dokumenterte rollen; ingen ekstra entiteter, handlinger, vurderinger eller redaksjonelle opplysninger tilføyes.",false,TypeScript; inventar/feltledger; HTTP og ekstern kodevalidering dokumenteres separat,
shippingReturns.order-free,MonetaryAmount.identifier,not_applicable,src/app/(storefront)/frakt-og-retur/page.mdx; src/lib/seo/supportPages.ts; src/lib/seo/JSON-LD/merchantPolicies.ts; src/lib/seo/JSON-LD/buildSupportJsonLd.ts; schema-dts 2.1.0 / installert arv,https://schema.org/MonetaryAmount,"Schema.org-semantikk; ikke et særskilt Google-anbefalt felt for denne profilen. Egenskapen beskriver ingen separat del av denne MonetaryAmount-entiteten eller valgt policyprofil. Eksisterende navn, beskrivelse, relasjoner og verdier dekker den dokumenterte rollen; ingen ekstra entiteter, handlinger, vurderinger eller redaksjonelle opplysninger tilføyes.",false,TypeScript; inventar/feltledger; HTTP og ekstern kodevalidering dokumenteres separat,
shippingReturns.order-free,MonetaryAmount.image,not_applicable,src/app/(storefront)/frakt-og-retur/page.mdx; src/lib/seo/supportPages.ts; src/lib/seo/JSON-LD/merchantPolicies.ts; src/lib/seo/JSON-LD/buildSupportJsonLd.ts; schema-dts 2.1.0 / installert arv,https://schema.org/MonetaryAmount,"Schema.org-semantikk; ikke et særskilt Google-anbefalt felt for denne profilen. Egenskapen beskriver ingen separat del av denne MonetaryAmount-entiteten eller valgt policyprofil. Eksisterende navn, beskrivelse, relasjoner og verdier dekker den dokumenterte rollen; ingen ekstra entiteter, handlinger, vurderinger eller redaksjonelle opplysninger tilføyes.",false,TypeScript; inventar/feltledger; HTTP og ekstern kodevalidering dokumenteres separat,
shippingReturns.order-free,MonetaryAmount.mainEntityOfPage,not_applicable,src/app/(storefront)/frakt-og-retur/page.mdx; src/lib/seo/supportPages.ts; src/lib/seo/JSON-LD/merchantPolicies.ts; src/lib/seo/JSON-LD/buildSupportJsonLd.ts; schema-dts 2.1.0 / installert arv,https://schema.org/MonetaryAmount,"Schema.org-semantikk; ikke et særskilt Google-anbefalt felt for denne profilen. Egenskapen beskriver ingen separat del av denne MonetaryAmount-entiteten eller valgt policyprofil. Eksisterende navn, beskrivelse, relasjoner og verdier dekker den dokumenterte rollen; ingen ekstra entiteter, handlinger, vurderinger eller redaksjonelle opplysninger tilføyes.",false,TypeScript; inventar/feltledger; HTTP og ekstern kodevalidering dokumenteres separat,
shippingReturns.order-free,MonetaryAmount.maxValue,not_applicable,src/app/(storefront)/frakt-og-retur/page.mdx; src/lib/seo/supportPages.ts; src/lib/seo/JSON-LD/merchantPolicies.ts; src/lib/seo/JSON-LD/buildSupportJsonLd.ts; schema-dts 2.1.0 / installert arv,https://developers.google.com/search/docs/appearance/structured-data/shipping-policy,Eksakt fraktpris bruker value; gratisgrensen bruker minValue. Ingen alternativ prisrange eller øvre ordregrense er nødvendig.,false,TypeScript; inventar/feltledger; HTTP og ekstern kodevalidering dokumenteres separat,
shippingReturns.order-free,MonetaryAmount.minValue,emitted,src/app/(storefront)/frakt-og-retur/page.mdx; src/lib/seo/supportPages.ts; src/lib/seo/JSON-LD/merchantPolicies.ts; src/lib/seo/JSON-LD/buildSupportJsonLd.ts; schema-dts 2.1.0 / installert arv,https://developers.google.com/search/docs/appearance/structured-data/shipping-policy,Verdi fra synlig policy eller verifisert felles identitets-/grafkontrakt. 999,true,TypeScript; inventar/feltledger; HTTP og ekstern kodevalidering dokumenteres separat,
shippingReturns.order-free,MonetaryAmount.name,not_applicable,src/app/(storefront)/frakt-og-retur/page.mdx; src/lib/seo/supportPages.ts; src/lib/seo/JSON-LD/merchantPolicies.ts; src/lib/seo/JSON-LD/buildSupportJsonLd.ts; schema-dts 2.1.0 / installert arv,https://schema.org/MonetaryAmount,"Schema.org-semantikk; ikke et særskilt Google-anbefalt felt for denne profilen. Egenskapen beskriver ingen separat del av denne MonetaryAmount-entiteten eller valgt policyprofil. Eksisterende navn, beskrivelse, relasjoner og verdier dekker den dokumenterte rollen; ingen ekstra entiteter, handlinger, vurderinger eller redaksjonelle opplysninger tilføyes.",false,TypeScript; inventar/feltledger; HTTP og ekstern kodevalidering dokumenteres separat,
shippingReturns.order-free,MonetaryAmount.owner,not_applicable,src/app/(storefront)/frakt-og-retur/page.mdx; src/lib/seo/supportPages.ts; src/lib/seo/JSON-LD/merchantPolicies.ts; src/lib/seo/JSON-LD/buildSupportJsonLd.ts; schema-dts 2.1.0 / installert arv,https://schema.org/MonetaryAmount,"Schema.org-semantikk; ikke et særskilt Google-anbefalt felt for denne profilen. Egenskapen beskriver ingen separat del av denne MonetaryAmount-entiteten eller valgt policyprofil. Eksisterende navn, beskrivelse, relasjoner og verdier dekker den dokumenterte rollen; ingen ekstra entiteter, handlinger, vurderinger eller redaksjonelle opplysninger tilføyes.",false,TypeScript; inventar/feltledger; HTTP og ekstern kodevalidering dokumenteres separat,
shippingReturns.order-free,MonetaryAmount.potentialAction,not_applicable,src/app/(storefront)/frakt-og-retur/page.mdx; src/lib/seo/supportPages.ts; src/lib/seo/JSON-LD/merchantPolicies.ts; src/lib/seo/JSON-LD/buildSupportJsonLd.ts; schema-dts 2.1.0 / installert arv,https://schema.org/MonetaryAmount,"Schema.org-semantikk; ikke et særskilt Google-anbefalt felt for denne profilen. Egenskapen beskriver ingen separat del av denne MonetaryAmount-entiteten eller valgt policyprofil. Eksisterende navn, beskrivelse, relasjoner og verdier dekker den dokumenterte rollen; ingen ekstra entiteter, handlinger, vurderinger eller redaksjonelle opplysninger tilføyes.",false,TypeScript; inventar/feltledger; HTTP og ekstern kodevalidering dokumenteres separat,
shippingReturns.order-free,MonetaryAmount.sameAs,not_applicable,src/app/(storefront)/frakt-og-retur/page.mdx; src/lib/seo/supportPages.ts; src/lib/seo/JSON-LD/merchantPolicies.ts; src/lib/seo/JSON-LD/buildSupportJsonLd.ts; schema-dts 2.1.0 / installert arv,https://schema.org/MonetaryAmount,"Schema.org-semantikk; ikke et særskilt Google-anbefalt felt for denne profilen. Egenskapen beskriver ingen separat del av denne MonetaryAmount-entiteten eller valgt policyprofil. Eksisterende navn, beskrivelse, relasjoner og verdier dekker den dokumenterte rollen; ingen ekstra entiteter, handlinger, vurderinger eller redaksjonelle opplysninger tilføyes.",false,TypeScript; inventar/feltledger; HTTP og ekstern kodevalidering dokumenteres separat,
shippingReturns.order-free,MonetaryAmount.subjectOf,not_applicable,src/app/(storefront)/frakt-og-retur/page.mdx; src/lib/seo/supportPages.ts; src/lib/seo/JSON-LD/merchantPolicies.ts; src/lib/seo/JSON-LD/buildSupportJsonLd.ts; schema-dts 2.1.0 / installert arv,https://schema.org/MonetaryAmount,"Schema.org-semantikk; ikke et særskilt Google-anbefalt felt for denne profilen. Egenskapen beskriver ingen separat del av denne MonetaryAmount-entiteten eller valgt policyprofil. Eksisterende navn, beskrivelse, relasjoner og verdier dekker den dokumenterte rollen; ingen ekstra entiteter, handlinger, vurderinger eller redaksjonelle opplysninger tilføyes.",false,TypeScript; inventar/feltledger; HTTP og ekstern kodevalidering dokumenteres separat,
shippingReturns.order-free,MonetaryAmount.url,not_applicable,src/app/(storefront)/frakt-og-retur/page.mdx; src/lib/seo/supportPages.ts; src/lib/seo/JSON-LD/merchantPolicies.ts; src/lib/seo/JSON-LD/buildSupportJsonLd.ts; schema-dts 2.1.0 / installert arv,https://schema.org/MonetaryAmount,"Schema.org-semantikk; ikke et særskilt Google-anbefalt felt for denne profilen. Egenskapen beskriver ingen separat del av denne MonetaryAmount-entiteten eller valgt policyprofil. Eksisterende navn, beskrivelse, relasjoner og verdier dekker den dokumenterte rollen; ingen ekstra entiteter, handlinger, vurderinger eller redaksjonelle opplysninger tilføyes.",false,TypeScript; inventar/feltledger; HTTP og ekstern kodevalidering dokumenteres separat,
shippingReturns.order-free,MonetaryAmount.validFrom,not_applicable,src/app/(storefront)/frakt-og-retur/page.mdx; src/lib/seo/supportPages.ts; src/lib/seo/JSON-LD/merchantPolicies.ts; src/lib/seo/JSON-LD/buildSupportJsonLd.ts; schema-dts 2.1.0 / installert arv,https://schema.org/MonetaryAmount,Schema.org-semantikk; ikke et særskilt Google-anbefalt felt for denne profilen. Ordinær sats/grense har ingen dokumentert tidsavgrenset kampanje.,false,TypeScript; inventar/feltledger; HTTP og ekstern kodevalidering dokumenteres separat,
shippingReturns.order-free,MonetaryAmount.validThrough,not_applicable,src/app/(storefront)/frakt-og-retur/page.mdx; src/lib/seo/supportPages.ts; src/lib/seo/JSON-LD/merchantPolicies.ts; src/lib/seo/JSON-LD/buildSupportJsonLd.ts; schema-dts 2.1.0 / installert arv,https://schema.org/MonetaryAmount,Schema.org-semantikk; ikke et særskilt Google-anbefalt felt for denne profilen. Ordinær sats/grense har ingen dokumentert tidsavgrenset kampanje.,false,TypeScript; inventar/feltledger; HTTP og ekstern kodevalidering dokumenteres separat,
shippingReturns.order-free,MonetaryAmount.value,not_applicable,src/app/(storefront)/frakt-og-retur/page.mdx; src/lib/seo/supportPages.ts; src/lib/seo/JSON-LD/merchantPolicies.ts; src/lib/seo/JSON-LD/buildSupportJsonLd.ts; schema-dts 2.1.0 / installert arv,https://developers.google.com/search/docs/appearance/structured-data/shipping-policy,Eksakt fraktpris bruker value; gratisgrensen bruker minValue. Ingen alternativ prisrange eller øvre ordregrense er nødvendig.,false,TypeScript; inventar/feltledger; HTTP og ekstern kodevalidering dokumenteres separat,
root.identity,OnlineStore.hasMerchantReturnPolicy,emitted,src/app/(storefront)/frakt-og-retur/page.mdx; src/lib/seo/supportPages.ts; src/lib/seo/JSON-LD/merchantPolicies.ts; src/lib/seo/JSON-LD/buildSupportJsonLd.ts; src/lib/seo/JSON-LD/buildSiteJsonLd.ts,https://developers.google.com/search/docs/appearance/structured-data/return-policy,"Én nestet MerchantReturnPolicy med stabil ID /frakt-og-retur#return-policy i eksisterende OnlineStore, ikke en ny organisasjon.",false,TypeScript/unit/HTTP/Schema Markup Validator,Kontroller eventuell Merchant Center/Search Console-overstyring ved publisering
root.identity,OnlineStore.hasShippingService,emitted,src/app/(storefront)/frakt-og-retur/page.mdx; src/lib/seo/supportPages.ts; src/lib/seo/JSON-LD/merchantPolicies.ts; src/lib/seo/JSON-LD/buildSupportJsonLd.ts; src/lib/seo/JSON-LD/buildSiteJsonLd.ts,https://developers.google.com/search/docs/appearance/structured-data/shipping-policy,"Én nestet ShippingService med stabil ID /frakt-og-retur#shipping-service i eksisterende OnlineStore, ikke en ny organisasjon.",false,TypeScript/unit/HTTP/Schema Markup Validator,Kontroller eventuell Merchant Center/Search Console-overstyring ved publisering
shippingReturns.graph-contract,@context / @graph,emitted,src/app/(storefront)/frakt-og-retur/page.mdx; src/lib/seo/supportPages.ts; src/lib/seo/JSON-LD/merchantPolicies.ts; src/lib/seo/JSON-LD/buildSupportJsonLd.ts; src/app/sitemap.ts,https://schema.org/; https://developers.google.com/search/docs/appearance/structured-data/breadcrumb,https://schema.org-konvolutt med WebPage og BreadcrumbList fra serverlayout.,,HTTP/browser/sitemap,
shippingReturns.graph-contract,ListItem.@type / position / name / item,emitted,src/app/(storefront)/frakt-og-retur/page.mdx; src/lib/seo/supportPages.ts; src/lib/seo/JSON-LD/merchantPolicies.ts; src/lib/seo/JSON-LD/buildSupportJsonLd.ts; src/app/sitemap.ts,https://schema.org/; https://developers.google.com/search/docs/appearance/structured-data/breadcrumb,"Samme to brødsmuler som synlig UI; Forsiden → Frakt og retur, med absolutte rene URL-er.",,HTTP/browser/sitemap,
shippingReturns.sitemap,lastModified,emitted,src/app/(storefront)/frakt-og-retur/page.mdx; src/lib/seo/supportPages.ts; src/lib/seo/JSON-LD/merchantPolicies.ts; src/lib/seo/JSON-LD/buildSupportJsonLd.ts; src/app/sitemap.ts,https://schema.org/; https://developers.google.com/search/docs/appearance/structured-data/breadcrumb,2026-10-05 fra synlig time[dateTime]; ikke bygg- eller publiseringsdato.,,HTTP/browser/sitemap,
google.shipping,NO subnational addressRegion / postalCode consumer support,unsupported,https://developers.google.com/search/docs/appearance/structured-data/shipping-policy,https://developers.google.com/search/docs/appearance/structured-data/shipping-policy,Norge er ikke i dokumentert støtteliste for subnasjonale region-/postnummervilkår; ingen slike regler er innført.,false,Offisiell dokumentasjon,Ingen for denne landdekkende policyen
