type,field,inheritedFrom,status,reason,consumer,source
"Article","@type","ArticleLeaf","implementert","Bygges fra det validerte registeret eller fast, dokumentert nettstedsidentitet.","JSON-LD struktur/identitet.","https://www.w3.org/TR/json-ld11/"
"Article","articleBody","ArticleBase","ikke relevant","Utelatt: ingen rolle i denne avgrensede artikkel-, navigasjons- eller identitetsmodellen; ikke et krav om full Schema.org-utfylling.","Schema.org-semantikk. Ikke dokumentert her som et Google Article-/Breadcrumb rich-result-felt; ingen visningsgaranti.","https://schema.org/articleBody"
"Article","articleSection","ArticleBase","implementert","Bygges fra det validerte registeret eller fast, dokumentert nettstedsidentitet.","Schema.org-semantikk. Ikke dokumentert her som et Google Article-/Breadcrumb rich-result-felt; ingen visningsgaranti.","https://schema.org/articleSection"
"Article","backstory","ArticleBase","ikke relevant","Utelatt: ingen rolle i denne avgrensede artikkel-, navigasjons- eller identitetsmodellen; ikke et krav om full Schema.org-utfylling.","Schema.org-semantikk. Ikke dokumentert her som et Google Article-/Breadcrumb rich-result-felt; ingen visningsgaranti.","https://schema.org/backstory"
"Article","pageEnd","ArticleBase","ikke relevant","Utelatt: ingen rolle i denne avgrensede artikkel-, navigasjons- eller identitetsmodellen; ikke et krav om full Schema.org-utfylling.","Schema.org-semantikk. Ikke dokumentert her som et Google Article-/Breadcrumb rich-result-felt; ingen visningsgaranti.","https://schema.org/pageEnd"
"Article","pageStart","ArticleBase","ikke relevant","Utelatt: ingen rolle i denne avgrensede artikkel-, navigasjons- eller identitetsmodellen; ikke et krav om full Schema.org-utfylling.","Schema.org-semantikk. Ikke dokumentert her som et Google Article-/Breadcrumb rich-result-felt; ingen visningsgaranti.","https://schema.org/pageStart"
"Article","pagination","ArticleBase","ikke relevant","Utelatt: ingen rolle i denne avgrensede artikkel-, navigasjons- eller identitetsmodellen; ikke et krav om full Schema.org-utfylling.","Schema.org-semantikk. Ikke dokumentert her som et Google Article-/Breadcrumb rich-result-felt; ingen visningsgaranti.","https://schema.org/pagination"
"Article","speakable","ArticleBase","ikke støttet av aktuell konsument","Googles speakable-funksjon gjelder et avgrenset engelsk nyhets-/assistenttilfelle, ikke norske redaksjonelle nettbutikkguider.","Schema.org-semantikk. Ikke dokumentert her som et Google Article-/Breadcrumb rich-result-felt; ingen visningsgaranti.","https://schema.org/speakable"
"Article","wordCount","ArticleBase","ikke relevant","Utelatt: ingen rolle i denne avgrensede artikkel-, navigasjons- eller identitetsmodellen; ikke et krav om full Schema.org-utfylling.","Schema.org-semantikk. Ikke dokumentert her som et Google Article-/Breadcrumb rich-result-felt; ingen visningsgaranti.","https://schema.org/wordCount"
"Article","about","CreativeWorkBase","ikke relevant","Utelatt: ingen rolle i denne avgrensede artikkel-, navigasjons- eller identitetsmodellen; ikke et krav om full Schema.org-utfylling.","Schema.org-semantikk. Ikke dokumentert her som et Google Article-/Breadcrumb rich-result-felt; ingen visningsgaranti.","https://schema.org/about"
"Article","abstract","CreativeWorkBase","ikke relevant","Utelatt: ingen rolle i denne avgrensede artikkel-, navigasjons- eller identitetsmodellen; ikke et krav om full Schema.org-utfylling.","Schema.org-semantikk. Ikke dokumentert her som et Google Article-/Breadcrumb rich-result-felt; ingen visningsgaranti.","https://schema.org/abstract"
"Article","accessibilityAPI","CreativeWorkBase","ikke relevant","Utelatt: ingen rolle i denne avgrensede artikkel-, navigasjons- eller identitetsmodellen; ikke et krav om full Schema.org-utfylling.","Schema.org-semantikk. Ikke dokumentert her som et Google Article-/Breadcrumb rich-result-felt; ingen visningsgaranti.","https://schema.org/accessibilityAPI"
"Article","accessibilityControl","CreativeWorkBase","ikke relevant","Utelatt: ingen rolle i denne avgrensede artikkel-, navigasjons- eller identitetsmodellen; ikke et krav om full Schema.org-utfylling.","Schema.org-semantikk. Ikke dokumentert her som et Google Article-/Breadcrumb rich-result-felt; ingen visningsgaranti.","https://schema.org/accessibilityControl"
"Article","accessibilityFeature","CreativeWorkBase","ikke relevant","Utelatt: ingen rolle i denne avgrensede artikkel-, navigasjons- eller identitetsmodellen; ikke et krav om full Schema.org-utfylling.","Schema.org-semantikk. Ikke dokumentert her som et Google Article-/Breadcrumb rich-result-felt; ingen visningsgaranti.","https://schema.org/accessibilityFeature"
"Article","accessibilityHazard","CreativeWorkBase","ikke relevant","Utelatt: ingen rolle i denne avgrensede artikkel-, navigasjons- eller identitetsmodellen; ikke et krav om full Schema.org-utfylling.","Schema.org-semantikk. Ikke dokumentert her som et Google Article-/Breadcrumb rich-result-felt; ingen visningsgaranti.","https://schema.org/accessibilityHazard"
"Article","accessibilitySummary","CreativeWorkBase","ikke relevant","Utelatt: ingen rolle i denne avgrensede artikkel-, navigasjons- eller identitetsmodellen; ikke et krav om full Schema.org-utfylling.","Schema.org-semantikk. Ikke dokumentert her som et Google Article-/Breadcrumb rich-result-felt; ingen visningsgaranti.","https://schema.org/accessibilitySummary"
"Article","accessMode","CreativeWorkBase","ikke relevant","Utelatt: ingen rolle i denne avgrensede artikkel-, navigasjons- eller identitetsmodellen; ikke et krav om full Schema.org-utfylling.","Schema.org-semantikk. Ikke dokumentert her som et Google Article-/Breadcrumb rich-result-felt; ingen visningsgaranti.","https://schema.org/accessMode"
"Article","accessModeSufficient","CreativeWorkBase","ikke relevant","Utelatt: ingen rolle i denne avgrensede artikkel-, navigasjons- eller identitetsmodellen; ikke et krav om full Schema.org-utfylling.","Schema.org-semantikk. Ikke dokumentert her som et Google Article-/Breadcrumb rich-result-felt; ingen visningsgaranti.","https://schema.org/accessModeSufficient"
"Article","accountablePerson","CreativeWorkBase","manglende dokumentasjon","Ikke publisert uten dokumentert verdi/rettighet/identitet; valgfritt felt.","Schema.org-semantikk. Ikke dokumentert her som et Google Article-/Breadcrumb rich-result-felt; ingen visningsgaranti.","https://schema.org/accountablePerson"
"Article","acquireLicensePage","CreativeWorkBase","manglende dokumentasjon","Ikke publisert uten dokumentert verdi/rettighet/identitet; valgfritt felt.","Schema.org-semantikk. Ikke dokumentert her som et Google Article-/Breadcrumb rich-result-felt; ingen visningsgaranti.","https://schema.org/acquireLicensePage"
"Article","aggregateRating","CreativeWorkBase","ikke relevant","Utelatt: ingen rolle i denne avgrensede artikkel-, navigasjons- eller identitetsmodellen; ikke et krav om full Schema.org-utfylling.","Schema.org-semantikk. Ikke dokumentert her som et Google Article-/Breadcrumb rich-result-felt; ingen visningsgaranti.","https://schema.org/aggregateRating"
"Article","alternativeHeadline","CreativeWorkBase","ikke relevant","Utelatt: ingen rolle i denne avgrensede artikkel-, navigasjons- eller identitetsmodellen; ikke et krav om full Schema.org-utfylling.","Schema.org-semantikk. Ikke dokumentert her som et Google Article-/Breadcrumb rich-result-felt; ingen visningsgaranti.","https://schema.org/alternativeHeadline"
"Article","archivedAt","CreativeWorkBase","ikke relevant","Utelatt: ingen rolle i denne avgrensede artikkel-, navigasjons- eller identitetsmodellen; ikke et krav om full Schema.org-utfylling.","Schema.org-semantikk. Ikke dokumentert her som et Google Article-/Breadcrumb rich-result-felt; ingen visningsgaranti.","https://schema.org/archivedAt"
"Article","assesses","CreativeWorkBase","ikke relevant","Utelatt: ingen rolle i denne avgrensede artikkel-, navigasjons- eller identitetsmodellen; ikke et krav om full Schema.org-utfylling.","Schema.org-semantikk. Ikke dokumentert her som et Google Article-/Breadcrumb rich-result-felt; ingen visningsgaranti.","https://schema.org/assesses"
"Article","associatedMedia","CreativeWorkBase","ikke relevant","Utelatt: ingen rolle i denne avgrensede artikkel-, navigasjons- eller identitetsmodellen; ikke et krav om full Schema.org-utfylling.","Schema.org-semantikk. Ikke dokumentert her som et Google Article-/Breadcrumb rich-result-felt; ingen visningsgaranti.","https://schema.org/associatedMedia"
"Article","audience","CreativeWorkBase","ikke relevant","Utelatt: ingen rolle i denne avgrensede artikkel-, navigasjons- eller identitetsmodellen; ikke et krav om full Schema.org-utfylling.","Schema.org-semantikk. Ikke dokumentert her som et Google Article-/Breadcrumb rich-result-felt; ingen visningsgaranti.","https://schema.org/audience"
"Article","audio","CreativeWorkBase","ikke relevant","Utelatt: ingen rolle i denne avgrensede artikkel-, navigasjons- eller identitetsmodellen; ikke et krav om full Schema.org-utfylling.","Schema.org-semantikk. Ikke dokumentert her som et Google Article-/Breadcrumb rich-result-felt; ingen visningsgaranti.","https://schema.org/audio"
"Article","author","CreativeWorkBase","implementert","Bygges fra det validerte registeret eller fast, dokumentert nettstedsidentitet.","Dokumentert av Google for den aktuelle funksjonen; ListItem-felter gjelder BreadcrumbList, ikke en generell artikkelkarusell.","https://schema.org/author"
"Article","award","CreativeWorkBase","manglende dokumentasjon","Ikke publisert uten dokumentert verdi/rettighet/identitet; valgfritt felt.","Schema.org-semantikk. Ikke dokumentert her som et Google Article-/Breadcrumb rich-result-felt; ingen visningsgaranti.","https://schema.org/award"
"Article","awards","CreativeWorkBase","manglende dokumentasjon","Ikke publisert uten dokumentert verdi/rettighet/identitet; valgfritt felt.","Schema.org-semantikk. Ikke dokumentert her som et Google Article-/Breadcrumb rich-result-felt; ingen visningsgaranti.","https://schema.org/awards"
"Article","character","CreativeWorkBase","ikke relevant","Utelatt: ingen rolle i denne avgrensede artikkel-, navigasjons- eller identitetsmodellen; ikke et krav om full Schema.org-utfylling.","Schema.org-semantikk. Ikke dokumentert her som et Google Article-/Breadcrumb rich-result-felt; ingen visningsgaranti.","https://schema.org/character"
"Article","citation","CreativeWorkBase","implementert","Eksisterende kilder, samme antall. Ingen citation for glamping-i-norge (ingen dokumentert kildeliste).","Schema.org-semantikk. Ikke dokumentert her som et Google Article-/Breadcrumb rich-result-felt; ingen visningsgaranti.","https://schema.org/citation"
"Article","comment","CreativeWorkBase","ikke relevant","Utelatt: ingen rolle i denne avgrensede artikkel-, navigasjons- eller identitetsmodellen; ikke et krav om full Schema.org-utfylling.","Schema.org-semantikk. Ikke dokumentert her som et Google Article-/Breadcrumb rich-result-felt; ingen visningsgaranti.","https://schema.org/comment"
"Article","commentCount","CreativeWorkBase","ikke relevant","Utelatt: ingen rolle i denne avgrensede artikkel-, navigasjons- eller identitetsmodellen; ikke et krav om full Schema.org-utfylling.","Schema.org-semantikk. Ikke dokumentert her som et Google Article-/Breadcrumb rich-result-felt; ingen visningsgaranti.","https://schema.org/commentCount"
"Article","conditionsOfAccess","CreativeWorkBase","ikke relevant","Utelatt: ingen rolle i denne avgrensede artikkel-, navigasjons- eller identitetsmodellen; ikke et krav om full Schema.org-utfylling.","Schema.org-semantikk. Ikke dokumentert her som et Google Article-/Breadcrumb rich-result-felt; ingen visningsgaranti.","https://schema.org/conditionsOfAccess"
"Article","contentLocation","CreativeWorkBase","ikke relevant","Utelatt: ingen rolle i denne avgrensede artikkel-, navigasjons- eller identitetsmodellen; ikke et krav om full Schema.org-utfylling.","Schema.org-semantikk. Ikke dokumentert her som et Google Article-/Breadcrumb rich-result-felt; ingen visningsgaranti.","https://schema.org/contentLocation"
"Article","contentRating","CreativeWorkBase","ikke relevant","Utelatt: ingen rolle i denne avgrensede artikkel-, navigasjons- eller identitetsmodellen; ikke et krav om full Schema.org-utfylling.","Schema.org-semantikk. Ikke dokumentert her som et Google Article-/Breadcrumb rich-result-felt; ingen visningsgaranti.","https://schema.org/contentRating"
"Article","contentReferenceTime","CreativeWorkBase","ikke relevant","Utelatt: ingen rolle i denne avgrensede artikkel-, navigasjons- eller identitetsmodellen; ikke et krav om full Schema.org-utfylling.","Schema.org-semantikk. Ikke dokumentert her som et Google Article-/Breadcrumb rich-result-felt; ingen visningsgaranti.","https://schema.org/contentReferenceTime"
"Article","contributor","CreativeWorkBase","ikke relevant","Utelatt: ingen rolle i denne avgrensede artikkel-, navigasjons- eller identitetsmodellen; ikke et krav om full Schema.org-utfylling.","Schema.org-semantikk. Ikke dokumentert her som et Google Article-/Breadcrumb rich-result-felt; ingen visningsgaranti.","https://schema.org/contributor"
"Article","copyrightHolder","CreativeWorkBase","manglende dokumentasjon","Ikke publisert uten dokumentert verdi/rettighet/identitet; valgfritt felt.","Schema.org-semantikk. Ikke dokumentert her som et Google Article-/Breadcrumb rich-result-felt; ingen visningsgaranti.","https://schema.org/copyrightHolder"
"Article","copyrightNotice","CreativeWorkBase","manglende dokumentasjon","Ikke publisert uten dokumentert verdi/rettighet/identitet; valgfritt felt.","Schema.org-semantikk. Ikke dokumentert her som et Google Article-/Breadcrumb rich-result-felt; ingen visningsgaranti.","https://schema.org/copyrightNotice"
"Article","copyrightYear","CreativeWorkBase","manglende dokumentasjon","Ikke publisert uten dokumentert verdi/rettighet/identitet; valgfritt felt.","Schema.org-semantikk. Ikke dokumentert her som et Google Article-/Breadcrumb rich-result-felt; ingen visningsgaranti.","https://schema.org/copyrightYear"
"Article","correction","CreativeWorkBase","ikke relevant","Utelatt: ingen rolle i denne avgrensede artikkel-, navigasjons- eller identitetsmodellen; ikke et krav om full Schema.org-utfylling.","Schema.org-semantikk. Ikke dokumentert her som et Google Article-/Breadcrumb rich-result-felt; ingen visningsgaranti.","https://schema.org/correction"
"Article","countryOfOrigin","CreativeWorkBase","ikke relevant","Utelatt: ingen rolle i denne avgrensede artikkel-, navigasjons- eller identitetsmodellen; ikke et krav om full Schema.org-utfylling.","Schema.org-semantikk. Ikke dokumentert her som et Google Article-/Breadcrumb rich-result-felt; ingen visningsgaranti.","https://schema.org/countryOfOrigin"
"Article","creativeWorkStatus","CreativeWorkBase","ikke relevant","Utelatt: ingen rolle i denne avgrensede artikkel-, navigasjons- eller identitetsmodellen; ikke et krav om full Schema.org-utfylling.","Schema.org-semantikk. Ikke dokumentert her som et Google Article-/Breadcrumb rich-result-felt; ingen visningsgaranti.","https://schema.org/creativeWorkStatus"
"Article","creator","CreativeWorkBase","manglende dokumentasjon","Ikke publisert uten dokumentert verdi/rettighet/identitet; valgfritt felt.","Schema.org-semantikk. Ikke dokumentert her som et Google Article-/Breadcrumb rich-result-felt; ingen visningsgaranti.","https://schema.org/creator"
"Article","creditText","CreativeWorkBase","manglende dokumentasjon","Ikke publisert uten dokumentert verdi/rettighet/identitet; valgfritt felt.","Schema.org-semantikk. Ikke dokumentert her som et Google Article-/Breadcrumb rich-result-felt; ingen visningsgaranti.","https://schema.org/creditText"
"Article","dateCreated","CreativeWorkBase","manglende dokumentasjon","Ikke publisert uten dokumentert verdi/rettighet/identitet; valgfritt felt.","Schema.org-semantikk. Ikke dokumentert her som et Google Article-/Breadcrumb rich-result-felt; ingen visningsgaranti.","https://schema.org/dateCreated"
"Article","dateModified","CreativeWorkBase","implementert","Betinget: sju dokumenterte datoer beholdes ordrett. Tre udaterte artikler utelater feltet. Dato uten tid beholder presisjonen.","Dokumentert av Google for den aktuelle funksjonen; ListItem-felter gjelder BreadcrumbList, ikke en generell artikkelkarusell.","https://schema.org/dateModified"
"Article","datePublished","CreativeWorkBase","implementert","Betinget: sju dokumenterte datoer beholdes ordrett. Tre udaterte artikler utelater feltet. Dato uten tid beholder presisjonen.","Dokumentert av Google for den aktuelle funksjonen; ListItem-felter gjelder BreadcrumbList, ikke en generell artikkelkarusell.","https://schema.org/datePublished"
"Article","digitalSourceType","CreativeWorkBase","ikke relevant","Utelatt: ingen rolle i denne avgrensede artikkel-, navigasjons- eller identitetsmodellen; ikke et krav om full Schema.org-utfylling.","Schema.org-semantikk. Ikke dokumentert her som et Google Article-/Breadcrumb rich-result-felt; ingen visningsgaranti.","https://schema.org/digitalSourceType"
"Article","discussionUrl","CreativeWorkBase","manglende dokumentasjon","Ikke publisert uten dokumentert verdi/rettighet/identitet; valgfritt felt.","Schema.org-semantikk. Ikke dokumentert her som et Google Article-/Breadcrumb rich-result-felt; ingen visningsgaranti.","https://schema.org/discussionUrl"
"Article","displayLocation","CreativeWorkBase","ikke relevant","Utelatt: ingen rolle i denne avgrensede artikkel-, navigasjons- eller identitetsmodellen; ikke et krav om full Schema.org-utfylling.","Schema.org-semantikk. Ikke dokumentert her som et Google Article-/Breadcrumb rich-result-felt; ingen visningsgaranti.","https://schema.org/displayLocation"
"Article","editEIDR","CreativeWorkBase","ikke relevant","Utelatt: ingen rolle i denne avgrensede artikkel-, navigasjons- eller identitetsmodellen; ikke et krav om full Schema.org-utfylling.","Schema.org-semantikk. Ikke dokumentert her som et Google Article-/Breadcrumb rich-result-felt; ingen visningsgaranti.","https://schema.org/editEIDR"
"Article","editor","CreativeWorkBase","manglende dokumentasjon","Ikke publisert uten dokumentert verdi/rettighet/identitet; valgfritt felt.","Schema.org-semantikk. Ikke dokumentert her som et Google Article-/Breadcrumb rich-result-felt; ingen visningsgaranti.","https://schema.org/editor"
"Article","educationalAlignment","CreativeWorkBase","ikke relevant","Utelatt: ingen rolle i denne avgrensede artikkel-, navigasjons- eller identitetsmodellen; ikke et krav om full Schema.org-utfylling.","Schema.org-semantikk. Ikke dokumentert her som et Google Article-/Breadcrumb rich-result-felt; ingen visningsgaranti.","https://schema.org/educationalAlignment"
"Article","educationalLevel","CreativeWorkBase","ikke relevant","Utelatt: ingen rolle i denne avgrensede artikkel-, navigasjons- eller identitetsmodellen; ikke et krav om full Schema.org-utfylling.","Schema.org-semantikk. Ikke dokumentert her som et Google Article-/Breadcrumb rich-result-felt; ingen visningsgaranti.","https://schema.org/educationalLevel"
"Article","educationalUse","CreativeWorkBase","ikke relevant","Utelatt: ingen rolle i denne avgrensede artikkel-, navigasjons- eller identitetsmodellen; ikke et krav om full Schema.org-utfylling.","Schema.org-semantikk. Ikke dokumentert her som et Google Article-/Breadcrumb rich-result-felt; ingen visningsgaranti.","https://schema.org/educationalUse"
"Article","encoding","CreativeWorkBase","ikke relevant","Utelatt: ingen rolle i denne avgrensede artikkel-, navigasjons- eller identitetsmodellen; ikke et krav om full Schema.org-utfylling.","Schema.org-semantikk. Ikke dokumentert her som et Google Article-/Breadcrumb rich-result-felt; ingen visningsgaranti.","https://schema.org/encoding"
"Article","encodingFormat","CreativeWorkBase","ikke relevant","Utelatt: ingen rolle i denne avgrensede artikkel-, navigasjons- eller identitetsmodellen; ikke et krav om full Schema.org-utfylling.","Schema.org-semantikk. Ikke dokumentert her som et Google Article-/Breadcrumb rich-result-felt; ingen visningsgaranti.","https://schema.org/encodingFormat"
"Article","encodings","CreativeWorkBase","ikke relevant","Utelatt: ingen rolle i denne avgrensede artikkel-, navigasjons- eller identitetsmodellen; ikke et krav om full Schema.org-utfylling.","Schema.org-semantikk. Ikke dokumentert her som et Google Article-/Breadcrumb rich-result-felt; ingen visningsgaranti.","https://schema.org/encodings"
"Article","exampleOfWork","CreativeWorkBase","ikke relevant","Utelatt: ingen rolle i denne avgrensede artikkel-, navigasjons- eller identitetsmodellen; ikke et krav om full Schema.org-utfylling.","Schema.org-semantikk. Ikke dokumentert her som et Google Article-/Breadcrumb rich-result-felt; ingen visningsgaranti.","https://schema.org/exampleOfWork"
"Article","expires","CreativeWorkBase","ikke relevant","Utelatt: ingen rolle i denne avgrensede artikkel-, navigasjons- eller identitetsmodellen; ikke et krav om full Schema.org-utfylling.","Schema.org-semantikk. Ikke dokumentert her som et Google Article-/Breadcrumb rich-result-felt; ingen visningsgaranti.","https://schema.org/expires"
"Article","fileFormat","CreativeWorkBase","ikke relevant","Utelatt: ingen rolle i denne avgrensede artikkel-, navigasjons- eller identitetsmodellen; ikke et krav om full Schema.org-utfylling.","Schema.org-semantikk. Ikke dokumentert her som et Google Article-/Breadcrumb rich-result-felt; ingen visningsgaranti.","https://schema.org/fileFormat"
"Article","funder","CreativeWorkBase","manglende dokumentasjon","Ikke publisert uten dokumentert verdi/rettighet/identitet; valgfritt felt.","Schema.org-semantikk. Ikke dokumentert her som et Google Article-/Breadcrumb rich-result-felt; ingen visningsgaranti.","https://schema.org/funder"
"Article","funding","CreativeWorkBase","manglende dokumentasjon","Ikke publisert uten dokumentert verdi/rettighet/identitet; valgfritt felt.","Schema.org-semantikk. Ikke dokumentert her som et Google Article-/Breadcrumb rich-result-felt; ingen visningsgaranti.","https://schema.org/funding"
"Article","genre","CreativeWorkBase","ikke relevant","Utelatt: ingen rolle i denne avgrensede artikkel-, navigasjons- eller identitetsmodellen; ikke et krav om full Schema.org-utfylling.","Schema.org-semantikk. Ikke dokumentert her som et Google Article-/Breadcrumb rich-result-felt; ingen visningsgaranti.","https://schema.org/genre"
"Article","hasPart","CreativeWorkBase","ikke relevant","Utelatt: ingen rolle i denne avgrensede artikkel-, navigasjons- eller identitetsmodellen; ikke et krav om full Schema.org-utfylling.","Schema.org-semantikk. Ikke dokumentert her som et Google Article-/Breadcrumb rich-result-felt; ingen visningsgaranti.","https://schema.org/hasPart"
"Article","headline","CreativeWorkBase","implementert","Bygges fra det validerte registeret eller fast, dokumentert nettstedsidentitet.","Dokumentert av Google for den aktuelle funksjonen; ListItem-felter gjelder BreadcrumbList, ikke en generell artikkelkarusell.","https://schema.org/headline"
"Article","inLanguage","CreativeWorkBase","implementert","Bygges fra det validerte registeret eller fast, dokumentert nettstedsidentitet.","Schema.org-semantikk. Ikke dokumentert her som et Google Article-/Breadcrumb rich-result-felt; ingen visningsgaranti.","https://schema.org/inLanguage"
"Article","interactionStatistic","CreativeWorkBase","ikke relevant","Utelatt: ingen rolle i denne avgrensede artikkel-, navigasjons- eller identitetsmodellen; ikke et krav om full Schema.org-utfylling.","Schema.org-semantikk. Ikke dokumentert her som et Google Article-/Breadcrumb rich-result-felt; ingen visningsgaranti.","https://schema.org/interactionStatistic"
"Article","interactivityType","CreativeWorkBase","ikke relevant","Utelatt: ingen rolle i denne avgrensede artikkel-, navigasjons- eller identitetsmodellen; ikke et krav om full Schema.org-utfylling.","Schema.org-semantikk. Ikke dokumentert her som et Google Article-/Breadcrumb rich-result-felt; ingen visningsgaranti.","https://schema.org/interactivityType"
"Article","interpretedAsClaim","CreativeWorkBase","ikke relevant","Utelatt: ingen rolle i denne avgrensede artikkel-, navigasjons- eller identitetsmodellen; ikke et krav om full Schema.org-utfylling.","Schema.org-semantikk. Ikke dokumentert her som et Google Article-/Breadcrumb rich-result-felt; ingen visningsgaranti.","https://schema.org/interpretedAsClaim"
"Article","isAccessibleForFree","CreativeWorkBase","implementert","Bygges fra det validerte registeret eller fast, dokumentert nettstedsidentitet.","Schema.org-semantikk. Ikke dokumentert her som et Google Article-/Breadcrumb rich-result-felt; ingen visningsgaranti.","https://schema.org/isAccessibleForFree"
"Article","isBasedOn","CreativeWorkBase","manglende dokumentasjon","Ikke publisert uten dokumentert verdi/rettighet/identitet; valgfritt felt.","Schema.org-semantikk. Ikke dokumentert her som et Google Article-/Breadcrumb rich-result-felt; ingen visningsgaranti.","https://schema.org/isBasedOn"
"Article","isBasedOnUrl","CreativeWorkBase","ikke relevant","Utelatt: ingen rolle i denne avgrensede artikkel-, navigasjons- eller identitetsmodellen; ikke et krav om full Schema.org-utfylling.","Schema.org-semantikk. Ikke dokumentert her som et Google Article-/Breadcrumb rich-result-felt; ingen visningsgaranti.","https://schema.org/isBasedOnUrl"
"Article","isFamilyFriendly","CreativeWorkBase","ikke relevant","Utelatt: ingen rolle i denne avgrensede artikkel-, navigasjons- eller identitetsmodellen; ikke et krav om full Schema.org-utfylling.","Schema.org-semantikk. Ikke dokumentert her som et Google Article-/Breadcrumb rich-result-felt; ingen visningsgaranti.","https://schema.org/isFamilyFriendly"
"Article","isPartOf","CreativeWorkBase","implementert","Bygges fra det validerte registeret eller fast, dokumentert nettstedsidentitet.","Schema.org-semantikk. Ikke dokumentert her som et Google Article-/Breadcrumb rich-result-felt; ingen visningsgaranti.","https://schema.org/isPartOf"
"Article","keywords","CreativeWorkBase","implementert","Bygges fra det validerte registeret eller fast, dokumentert nettstedsidentitet.","Schema.org-semantikk. Ikke dokumentert her som et Google Article-/Breadcrumb rich-result-felt; ingen visningsgaranti.","https://schema.org/keywords"
"Article","learningResourceType","CreativeWorkBase","ikke relevant","Utelatt: ingen rolle i denne avgrensede artikkel-, navigasjons- eller identitetsmodellen; ikke et krav om full Schema.org-utfylling.","Schema.org-semantikk. Ikke dokumentert her som et Google Article-/Breadcrumb rich-result-felt; ingen visningsgaranti.","https://schema.org/learningResourceType"
"Article","license","CreativeWorkBase","manglende dokumentasjon","Ikke publisert uten dokumentert verdi/rettighet/identitet; valgfritt felt.","Schema.org-semantikk. Ikke dokumentert her som et Google Article-/Breadcrumb rich-result-felt; ingen visningsgaranti.","https://schema.org/license"
"Article","locationCreated","CreativeWorkBase","manglende dokumentasjon","Ikke publisert uten dokumentert verdi/rettighet/identitet; valgfritt felt.","Schema.org-semantikk. Ikke dokumentert her som et Google Article-/Breadcrumb rich-result-felt; ingen visningsgaranti.","https://schema.org/locationCreated"
"Article","mainEntity","CreativeWorkBase","ikke relevant","Utelatt: ingen rolle i denne avgrensede artikkel-, navigasjons- eller identitetsmodellen; ikke et krav om full Schema.org-utfylling.","Schema.org-semantikk. Ikke dokumentert her som et Google Article-/Breadcrumb rich-result-felt; ingen visningsgaranti.","https://schema.org/mainEntity"
"Article","maintainer","CreativeWorkBase","manglende dokumentasjon","Ikke publisert uten dokumentert verdi/rettighet/identitet; valgfritt felt.","Schema.org-semantikk. Ikke dokumentert her som et Google Article-/Breadcrumb rich-result-felt; ingen visningsgaranti.","https://schema.org/maintainer"
"Article","material","CreativeWorkBase","ikke relevant","Utelatt: ingen rolle i denne avgrensede artikkel-, navigasjons- eller identitetsmodellen; ikke et krav om full Schema.org-utfylling.","Schema.org-semantikk. Ikke dokumentert her som et Google Article-/Breadcrumb rich-result-felt; ingen visningsgaranti.","https://schema.org/material"
"Article","materialExtent","CreativeWorkBase","ikke relevant","Utelatt: ingen rolle i denne avgrensede artikkel-, navigasjons- eller identitetsmodellen; ikke et krav om full Schema.org-utfylling.","Schema.org-semantikk. Ikke dokumentert her som et Google Article-/Breadcrumb rich-result-felt; ingen visningsgaranti.","https://schema.org/materialExtent"
"Article","mentions","CreativeWorkBase","ikke relevant","Utelatt: ingen rolle i denne avgrensede artikkel-, navigasjons- eller identitetsmodellen; ikke et krav om full Schema.org-utfylling.","Schema.org-semantikk. Ikke dokumentert her som et Google Article-/Breadcrumb rich-result-felt; ingen visningsgaranti.","https://schema.org/mentions"
"Article","offers","CreativeWorkBase","ikke relevant","Utelatt: ingen rolle i denne avgrensede artikkel-, navigasjons- eller identitetsmodellen; ikke et krav om full Schema.org-utfylling.","Schema.org-semantikk. Ikke dokumentert her som et Google Article-/Breadcrumb rich-result-felt; ingen visningsgaranti.","https://schema.org/offers"
"Article","pattern","CreativeWorkBase","ikke relevant","Utelatt: ingen rolle i denne avgrensede artikkel-, navigasjons- eller identitetsmodellen; ikke et krav om full Schema.org-utfylling.","Schema.org-semantikk. Ikke dokumentert her som et Google Article-/Breadcrumb rich-result-felt; ingen visningsgaranti.","https://schema.org/pattern"
"Article","position","CreativeWorkBase","ikke relevant","Utelatt: ingen rolle i denne avgrensede artikkel-, navigasjons- eller identitetsmodellen; ikke et krav om full Schema.org-utfylling.","Schema.org-semantikk. Ikke dokumentert her som et Google Article-/Breadcrumb rich-result-felt; ingen visningsgaranti.","https://schema.org/position"
"Article","producer","CreativeWorkBase","ikke relevant","Utelatt: ingen rolle i denne avgrensede artikkel-, navigasjons- eller identitetsmodellen; ikke et krav om full Schema.org-utfylling.","Schema.org-semantikk. Ikke dokumentert her som et Google Article-/Breadcrumb rich-result-felt; ingen visningsgaranti.","https://schema.org/producer"
"Article","provider","CreativeWorkBase","ikke relevant","Utelatt: ingen rolle i denne avgrensede artikkel-, navigasjons- eller identitetsmodellen; ikke et krav om full Schema.org-utfylling.","Schema.org-semantikk. Ikke dokumentert her som et Google Article-/Breadcrumb rich-result-felt; ingen visningsgaranti.","https://schema.org/provider"
"Article","publication","CreativeWorkBase","ikke relevant","Utelatt: ingen rolle i denne avgrensede artikkel-, navigasjons- eller identitetsmodellen; ikke et krav om full Schema.org-utfylling.","Schema.org-semantikk. Ikke dokumentert her som et Google Article-/Breadcrumb rich-result-felt; ingen visningsgaranti.","https://schema.org/publication"
"Article","publisher","CreativeWorkBase","implementert","Bygges fra det validerte registeret eller fast, dokumentert nettstedsidentitet.","Schema.org-semantikk. Ikke dokumentert her som et Google Article-/Breadcrumb rich-result-felt; ingen visningsgaranti.","https://schema.org/publisher"
"Article","publisherImprint","CreativeWorkBase","ikke relevant","Utelatt: ingen rolle i denne avgrensede artikkel-, navigasjons- eller identitetsmodellen; ikke et krav om full Schema.org-utfylling.","Schema.org-semantikk. Ikke dokumentert her som et Google Article-/Breadcrumb rich-result-felt; ingen visningsgaranti.","https://schema.org/publisherImprint"
"Article","publishingPrinciples","CreativeWorkBase","manglende dokumentasjon","Ikke publisert uten dokumentert verdi/rettighet/identitet; valgfritt felt.","Schema.org-semantikk. Ikke dokumentert her som et Google Article-/Breadcrumb rich-result-felt; ingen visningsgaranti.","https://schema.org/publishingPrinciples"
"Article","recordedAt","CreativeWorkBase","ikke relevant","Utelatt: ingen rolle i denne avgrensede artikkel-, navigasjons- eller identitetsmodellen; ikke et krav om full Schema.org-utfylling.","Schema.org-semantikk. Ikke dokumentert her som et Google Article-/Breadcrumb rich-result-felt; ingen visningsgaranti.","https://schema.org/recordedAt"
"Article","releasedEvent","CreativeWorkBase","ikke relevant","Utelatt: ingen rolle i denne avgrensede artikkel-, navigasjons- eller identitetsmodellen; ikke et krav om full Schema.org-utfylling.","Schema.org-semantikk. Ikke dokumentert her som et Google Article-/Breadcrumb rich-result-felt; ingen visningsgaranti.","https://schema.org/releasedEvent"
"Article","review","CreativeWorkBase","manglende dokumentasjon","Ikke publisert uten dokumentert verdi/rettighet/identitet; valgfritt felt.","Schema.org-semantikk. Ikke dokumentert her som et Google Article-/Breadcrumb rich-result-felt; ingen visningsgaranti.","https://schema.org/review"
"Article","reviews","CreativeWorkBase","ikke relevant","Utelatt: ingen rolle i denne avgrensede artikkel-, navigasjons- eller identitetsmodellen; ikke et krav om full Schema.org-utfylling.","Schema.org-semantikk. Ikke dokumentert her som et Google Article-/Breadcrumb rich-result-felt; ingen visningsgaranti.","https://schema.org/reviews"
"Article","schemaVersion","CreativeWorkBase","ikke relevant","Utelatt: ingen rolle i denne avgrensede artikkel-, navigasjons- eller identitetsmodellen; ikke et krav om full Schema.org-utfylling.","Schema.org-semantikk. Ikke dokumentert her som et Google Article-/Breadcrumb rich-result-felt; ingen visningsgaranti.","https://schema.org/schemaVersion"
"Article","sdDatePublished","CreativeWorkBase","ikke relevant","Utelatt: ingen rolle i denne avgrensede artikkel-, navigasjons- eller identitetsmodellen; ikke et krav om full Schema.org-utfylling.","Schema.org-semantikk. Ikke dokumentert her som et Google Article-/Breadcrumb rich-result-felt; ingen visningsgaranti.","https://schema.org/sdDatePublished"
"Article","sdLicense","CreativeWorkBase","ikke relevant","Utelatt: ingen rolle i denne avgrensede artikkel-, navigasjons- eller identitetsmodellen; ikke et krav om full Schema.org-utfylling.","Schema.org-semantikk. Ikke dokumentert her som et Google Article-/Breadcrumb rich-result-felt; ingen visningsgaranti.","https://schema.org/sdLicense"
"Article","sdPublisher","CreativeWorkBase","ikke relevant","Utelatt: ingen rolle i denne avgrensede artikkel-, navigasjons- eller identitetsmodellen; ikke et krav om full Schema.org-utfylling.","Schema.org-semantikk. Ikke dokumentert her som et Google Article-/Breadcrumb rich-result-felt; ingen visningsgaranti.","https://schema.org/sdPublisher"
"Article","size","CreativeWorkBase","ikke relevant","Utelatt: ingen rolle i denne avgrensede artikkel-, navigasjons- eller identitetsmodellen; ikke et krav om full Schema.org-utfylling.","Schema.org-semantikk. Ikke dokumentert her som et Google Article-/Breadcrumb rich-result-felt; ingen visningsgaranti.","https://schema.org/size"
"Article","sourceOrganization","CreativeWorkBase","ikke relevant","Utelatt: ingen rolle i denne avgrensede artikkel-, navigasjons- eller identitetsmodellen; ikke et krav om full Schema.org-utfylling.","Schema.org-semantikk. Ikke dokumentert her som et Google Article-/Breadcrumb rich-result-felt; ingen visningsgaranti.","https://schema.org/sourceOrganization"
"Article","spatial","CreativeWorkBase","ikke relevant","Utelatt: ingen rolle i denne avgrensede artikkel-, navigasjons- eller identitetsmodellen; ikke et krav om full Schema.org-utfylling.","Schema.org-semantikk. Ikke dokumentert her som et Google Article-/Breadcrumb rich-result-felt; ingen visningsgaranti.","https://schema.org/spatial"
"Article","spatialCoverage","CreativeWorkBase","ikke relevant","Utelatt: ingen rolle i denne avgrensede artikkel-, navigasjons- eller identitetsmodellen; ikke et krav om full Schema.org-utfylling.","Schema.org-semantikk. Ikke dokumentert her som et Google Article-/Breadcrumb rich-result-felt; ingen visningsgaranti.","https://schema.org/spatialCoverage"
"Article","sponsor","CreativeWorkBase","manglende dokumentasjon","Ikke publisert uten dokumentert verdi/rettighet/identitet; valgfritt felt.","Schema.org-semantikk. Ikke dokumentert her som et Google Article-/Breadcrumb rich-result-felt; ingen visningsgaranti.","https://schema.org/sponsor"
"Article","teaches","CreativeWorkBase","ikke relevant","Utelatt: ingen rolle i denne avgrensede artikkel-, navigasjons- eller identitetsmodellen; ikke et krav om full Schema.org-utfylling.","Schema.org-semantikk. Ikke dokumentert her som et Google Article-/Breadcrumb rich-result-felt; ingen visningsgaranti.","https://schema.org/teaches"
"Article","temporal","CreativeWorkBase","ikke relevant","Utelatt: ingen rolle i denne avgrensede artikkel-, navigasjons- eller identitetsmodellen; ikke et krav om full Schema.org-utfylling.","Schema.org-semantikk. Ikke dokumentert her som et Google Article-/Breadcrumb rich-result-felt; ingen visningsgaranti.","https://schema.org/temporal"
"Article","temporalCoverage","CreativeWorkBase","manglende dokumentasjon","Ikke publisert uten dokumentert verdi/rettighet/identitet; valgfritt felt.","Schema.org-semantikk. Ikke dokumentert her som et Google Article-/Breadcrumb rich-result-felt; ingen visningsgaranti.","https://schema.org/temporalCoverage"
"Article","text","CreativeWorkBase","ikke relevant","Utelatt: ingen rolle i denne avgrensede artikkel-, navigasjons- eller identitetsmodellen; ikke et krav om full Schema.org-utfylling.","Schema.org-semantikk. Ikke dokumentert her som et Google Article-/Breadcrumb rich-result-felt; ingen visningsgaranti.","https://schema.org/text"
"Article","thumbnail","CreativeWorkBase","ikke relevant","Utelatt: ingen rolle i denne avgrensede artikkel-, navigasjons- eller identitetsmodellen; ikke et krav om full Schema.org-utfylling.","Schema.org-semantikk. Ikke dokumentert her som et Google Article-/Breadcrumb rich-result-felt; ingen visningsgaranti.","https://schema.org/thumbnail"
"Article","thumbnailUrl","CreativeWorkBase","ikke relevant","Utelatt: ingen rolle i denne avgrensede artikkel-, navigasjons- eller identitetsmodellen; ikke et krav om full Schema.org-utfylling.","Schema.org-semantikk. Ikke dokumentert her som et Google Article-/Breadcrumb rich-result-felt; ingen visningsgaranti.","https://schema.org/thumbnailUrl"
"Article","timeRequired","CreativeWorkBase","ikke relevant","Utelatt: ingen rolle i denne avgrensede artikkel-, navigasjons- eller identitetsmodellen; ikke et krav om full Schema.org-utfylling.","Schema.org-semantikk. Ikke dokumentert her som et Google Article-/Breadcrumb rich-result-felt; ingen visningsgaranti.","https://schema.org/timeRequired"
"Article","translationOfWork","CreativeWorkBase","ikke relevant","Utelatt: ingen rolle i denne avgrensede artikkel-, navigasjons- eller identitetsmodellen; ikke et krav om full Schema.org-utfylling.","Schema.org-semantikk. Ikke dokumentert her som et Google Article-/Breadcrumb rich-result-felt; ingen visningsgaranti.","https://schema.org/translationOfWork"
"Article","translator","CreativeWorkBase","manglende dokumentasjon","Ikke publisert uten dokumentert verdi/rettighet/identitet; valgfritt felt.","Schema.org-semantikk. Ikke dokumentert her som et Google Article-/Breadcrumb rich-result-felt; ingen visningsgaranti.","https://schema.org/translator"
"Article","typicalAgeRange","CreativeWorkBase","ikke relevant","Utelatt: ingen rolle i denne avgrensede artikkel-, navigasjons- eller identitetsmodellen; ikke et krav om full Schema.org-utfylling.","Schema.org-semantikk. Ikke dokumentert her som et Google Article-/Breadcrumb rich-result-felt; ingen visningsgaranti.","https://schema.org/typicalAgeRange"
"Article","usageInfo","CreativeWorkBase","ikke relevant","Utelatt: ingen rolle i denne avgrensede artikkel-, navigasjons- eller identitetsmodellen; ikke et krav om full Schema.org-utfylling.","Schema.org-semantikk. Ikke dokumentert her som et Google Article-/Breadcrumb rich-result-felt; ingen visningsgaranti.","https://schema.org/usageInfo"
"Article","version","CreativeWorkBase","manglende dokumentasjon","Ikke publisert uten dokumentert verdi/rettighet/identitet; valgfritt felt.","Schema.org-semantikk. Ikke dokumentert her som et Google Article-/Breadcrumb rich-result-felt; ingen visningsgaranti.","https://schema.org/version"
"Article","video","CreativeWorkBase","ikke relevant","Utelatt: ingen rolle i denne avgrensede artikkel-, navigasjons- eller identitetsmodellen; ikke et krav om full Schema.org-utfylling.","Schema.org-semantikk. Ikke dokumentert her som et Google Article-/Breadcrumb rich-result-felt; ingen visningsgaranti.","https://schema.org/video"
"Article","workExample","CreativeWorkBase","ikke relevant","Utelatt: ingen rolle i denne avgrensede artikkel-, navigasjons- eller identitetsmodellen; ikke et krav om full Schema.org-utfylling.","Schema.org-semantikk. Ikke dokumentert her som et Google Article-/Breadcrumb rich-result-felt; ingen visningsgaranti.","https://schema.org/workExample"
"Article","workTranslation","CreativeWorkBase","ikke relevant","Utelatt: ingen rolle i denne avgrensede artikkel-, navigasjons- eller identitetsmodellen; ikke et krav om full Schema.org-utfylling.","Schema.org-semantikk. Ikke dokumentert her som et Google Article-/Breadcrumb rich-result-felt; ingen visningsgaranti.","https://schema.org/workTranslation"
"Article","additionalType","ThingBase","ikke relevant","Utelatt: ingen rolle i denne avgrensede artikkel-, navigasjons- eller identitetsmodellen; ikke et krav om full Schema.org-utfylling.","Schema.org-semantikk. Ikke dokumentert her som et Google Article-/Breadcrumb rich-result-felt; ingen visningsgaranti.","https://schema.org/additionalType"
"Article","alternateName","ThingBase","ikke relevant","Utelatt: ingen rolle i denne avgrensede artikkel-, navigasjons- eller identitetsmodellen; ikke et krav om full Schema.org-utfylling.","Schema.org-semantikk. Ikke dokumentert her som et Google Article-/Breadcrumb rich-result-felt; ingen visningsgaranti.","https://schema.org/alternateName"
"Article","description","ThingBase","implementert","Bygges fra det validerte registeret eller fast, dokumentert nettstedsidentitet.","Schema.org-semantikk. Ikke dokumentert her som et Google Article-/Breadcrumb rich-result-felt; ingen visningsgaranti.","https://schema.org/description"
"Article","disambiguatingDescription","ThingBase","ikke relevant","Utelatt: ingen rolle i denne avgrensede artikkel-, navigasjons- eller identitetsmodellen; ikke et krav om full Schema.org-utfylling.","Schema.org-semantikk. Ikke dokumentert her som et Google Article-/Breadcrumb rich-result-felt; ingen visningsgaranti.","https://schema.org/disambiguatingDescription"
"Article","identifier","ThingBase","manglende dokumentasjon","Ikke publisert uten dokumentert verdi/rettighet/identitet; valgfritt felt.","Schema.org-semantikk. Ikke dokumentert her som et Google Article-/Breadcrumb rich-result-felt; ingen visningsgaranti.","https://schema.org/identifier"
"Article","image","ThingBase","implementert","Bygges fra det validerte registeret eller fast, dokumentert nettstedsidentitet.","Dokumentert av Google for den aktuelle funksjonen; ListItem-felter gjelder BreadcrumbList, ikke en generell artikkelkarusell.","https://schema.org/image"
"Article","mainEntityOfPage","ThingBase","implementert","Bygges fra det validerte registeret eller fast, dokumentert nettstedsidentitet.","Schema.org-semantikk. Ikke dokumentert her som et Google Article-/Breadcrumb rich-result-felt; ingen visningsgaranti.","https://schema.org/mainEntityOfPage"
"Article","name","ThingBase","ikke relevant","Utelatt: ingen rolle i denne avgrensede artikkel-, navigasjons- eller identitetsmodellen; ikke et krav om full Schema.org-utfylling.","Schema.org-semantikk. Ikke dokumentert her som et Google Article-/Breadcrumb rich-result-felt; ingen visningsgaranti.","https://schema.org/name"
"Article","owner","ThingBase","ikke relevant","Utelatt: ingen rolle i denne avgrensede artikkel-, navigasjons- eller identitetsmodellen; ikke et krav om full Schema.org-utfylling.","Schema.org-semantikk. Ikke dokumentert her som et Google Article-/Breadcrumb rich-result-felt; ingen visningsgaranti.","https://schema.org/owner"
"Article","potentialAction","ThingBase","ikke relevant","Utelatt: ingen rolle i denne avgrensede artikkel-, navigasjons- eller identitetsmodellen; ikke et krav om full Schema.org-utfylling.","Schema.org-semantikk. Ikke dokumentert her som et Google Article-/Breadcrumb rich-result-felt; ingen visningsgaranti.","https://schema.org/potentialAction"
"Article","sameAs","ThingBase","manglende dokumentasjon","Ikke publisert uten dokumentert verdi/rettighet/identitet; valgfritt felt.","Schema.org-semantikk. Ikke dokumentert her som et Google Article-/Breadcrumb rich-result-felt; ingen visningsgaranti.","https://schema.org/sameAs"
"Article","subjectOf","ThingBase","ikke relevant","Utelatt: ingen rolle i denne avgrensede artikkel-, navigasjons- eller identitetsmodellen; ikke et krav om full Schema.org-utfylling.","Schema.org-semantikk. Ikke dokumentert her som et Google Article-/Breadcrumb rich-result-felt; ingen visningsgaranti.","https://schema.org/subjectOf"
"Article","url","ThingBase","implementert","Bygges fra det validerte registeret eller fast, dokumentert nettstedsidentitet.","Schema.org-semantikk. Ikke dokumentert her som et Google Article-/Breadcrumb rich-result-felt; ingen visningsgaranti.","https://schema.org/url"
"Article","@id","IdReference","implementert","Bygges fra det validerte registeret eller fast, dokumentert nettstedsidentitet.","JSON-LD struktur/identitet.","https://www.w3.org/TR/json-ld11/"
"WebPage","@type","WebPageLeaf","implementert","Bygges fra det validerte registeret eller fast, dokumentert nettstedsidentitet.","JSON-LD struktur/identitet.","https://www.w3.org/TR/json-ld11/"
"WebPage","breadcrumb","WebPageBase","implementert","Bygges fra det validerte registeret eller fast, dokumentert nettstedsidentitet.","Schema.org-semantikk. Ikke dokumentert her som et Google Article-/Breadcrumb rich-result-felt; ingen visningsgaranti.","https://schema.org/breadcrumb"
"WebPage","lastReviewed","WebPageBase","ikke relevant","Utelatt: ingen rolle i denne avgrensede artikkel-, navigasjons- eller identitetsmodellen; ikke et krav om full Schema.org-utfylling.","Schema.org-semantikk. Ikke dokumentert her som et Google Article-/Breadcrumb rich-result-felt; ingen visningsgaranti.","https://schema.org/lastReviewed"
"WebPage","mainContentOfPage","WebPageBase","ikke relevant","Utelatt: ingen rolle i denne avgrensede artikkel-, navigasjons- eller identitetsmodellen; ikke et krav om full Schema.org-utfylling.","Schema.org-semantikk. Ikke dokumentert her som et Google Article-/Breadcrumb rich-result-felt; ingen visningsgaranti.","https://schema.org/mainContentOfPage"
"WebPage","primaryImageOfPage","WebPageBase","implementert","Bygges fra det validerte registeret eller fast, dokumentert nettstedsidentitet.","Schema.org-semantikk. Ikke dokumentert her som et Google Article-/Breadcrumb rich-result-felt; ingen visningsgaranti.","https://schema.org/primaryImageOfPage"
"WebPage","relatedLink","WebPageBase","ikke relevant","Utelatt: ingen rolle i denne avgrensede artikkel-, navigasjons- eller identitetsmodellen; ikke et krav om full Schema.org-utfylling.","Schema.org-semantikk. Ikke dokumentert her som et Google Article-/Breadcrumb rich-result-felt; ingen visningsgaranti.","https://schema.org/relatedLink"
"WebPage","reviewedBy","WebPageBase","manglende dokumentasjon","Ikke publisert uten dokumentert verdi/rettighet/identitet; valgfritt felt.","Schema.org-semantikk. Ikke dokumentert her som et Google Article-/Breadcrumb rich-result-felt; ingen visningsgaranti.","https://schema.org/reviewedBy"
"WebPage","significantLink","WebPageBase","ikke relevant","Utelatt: ingen rolle i denne avgrensede artikkel-, navigasjons- eller identitetsmodellen; ikke et krav om full Schema.org-utfylling.","Schema.org-semantikk. Ikke dokumentert her som et Google Article-/Breadcrumb rich-result-felt; ingen visningsgaranti.","https://schema.org/significantLink"
"WebPage","significantLinks","WebPageBase","ikke relevant","Utelatt: ingen rolle i denne avgrensede artikkel-, navigasjons- eller identitetsmodellen; ikke et krav om full Schema.org-utfylling.","Schema.org-semantikk. Ikke dokumentert her som et Google Article-/Breadcrumb rich-result-felt; ingen visningsgaranti.","https://schema.org/significantLinks"
"WebPage","speakable","WebPageBase","ikke relevant","Utelatt: ingen rolle i denne avgrensede artikkel-, navigasjons- eller identitetsmodellen; ikke et krav om full Schema.org-utfylling.","Schema.org-semantikk. Ikke dokumentert her som et Google Article-/Breadcrumb rich-result-felt; ingen visningsgaranti.","https://schema.org/speakable"
"WebPage","specialty","WebPageBase","ikke relevant","Utelatt: ingen rolle i denne avgrensede artikkel-, navigasjons- eller identitetsmodellen; ikke et krav om full Schema.org-utfylling.","Schema.org-semantikk. Ikke dokumentert her som et Google Article-/Breadcrumb rich-result-felt; ingen visningsgaranti.","https://schema.org/specialty"
"WebPage","about","CreativeWorkBase","ikke relevant","Utelatt: ingen rolle i denne avgrensede artikkel-, navigasjons- eller identitetsmodellen; ikke et krav om full Schema.org-utfylling.","Schema.org-semantikk. Ikke dokumentert her som et Google Article-/Breadcrumb rich-result-felt; ingen visningsgaranti.","https://schema.org/about"
"WebPage","abstract","CreativeWorkBase","ikke relevant","Utelatt: ingen rolle i denne avgrensede artikkel-, navigasjons- eller identitetsmodellen; ikke et krav om full Schema.org-utfylling.","Schema.org-semantikk. Ikke dokumentert her som et Google Article-/Breadcrumb rich-result-felt; ingen visningsgaranti.","https://schema.org/abstract"
"WebPage","accessibilityAPI","CreativeWorkBase","ikke relevant","Utelatt: ingen rolle i denne avgrensede artikkel-, navigasjons- eller identitetsmodellen; ikke et krav om full Schema.org-utfylling.","Schema.org-semantikk. Ikke dokumentert her som et Google Article-/Breadcrumb rich-result-felt; ingen visningsgaranti.","https://schema.org/accessibilityAPI"
"WebPage","accessibilityControl","CreativeWorkBase","ikke relevant","Utelatt: ingen rolle i denne avgrensede artikkel-, navigasjons- eller identitetsmodellen; ikke et krav om full Schema.org-utfylling.","Schema.org-semantikk. Ikke dokumentert her som et Google Article-/Breadcrumb rich-result-felt; ingen visningsgaranti.","https://schema.org/accessibilityControl"
"WebPage","accessibilityFeature","CreativeWorkBase","ikke relevant","Utelatt: ingen rolle i denne avgrensede artikkel-, navigasjons- eller identitetsmodellen; ikke et krav om full Schema.org-utfylling.","Schema.org-semantikk. Ikke dokumentert her som et Google Article-/Breadcrumb rich-result-felt; ingen visningsgaranti.","https://schema.org/accessibilityFeature"
"WebPage","accessibilityHazard","CreativeWorkBase","ikke relevant","Utelatt: ingen rolle i denne avgrensede artikkel-, navigasjons- eller identitetsmodellen; ikke et krav om full Schema.org-utfylling.","Schema.org-semantikk. Ikke dokumentert her som et Google Article-/Breadcrumb rich-result-felt; ingen visningsgaranti.","https://schema.org/accessibilityHazard"
"WebPage","accessibilitySummary","CreativeWorkBase","ikke relevant","Utelatt: ingen rolle i denne avgrensede artikkel-, navigasjons- eller identitetsmodellen; ikke et krav om full Schema.org-utfylling.","Schema.org-semantikk. Ikke dokumentert her som et Google Article-/Breadcrumb rich-result-felt; ingen visningsgaranti.","https://schema.org/accessibilitySummary"
"WebPage","accessMode","CreativeWorkBase","ikke relevant","Utelatt: ingen rolle i denne avgrensede artikkel-, navigasjons- eller identitetsmodellen; ikke et krav om full Schema.org-utfylling.","Schema.org-semantikk. Ikke dokumentert her som et Google Article-/Breadcrumb rich-result-felt; ingen visningsgaranti.","https://schema.org/accessMode"
"WebPage","accessModeSufficient","CreativeWorkBase","ikke relevant","Utelatt: ingen rolle i denne avgrensede artikkel-, navigasjons- eller identitetsmodellen; ikke et krav om full Schema.org-utfylling.","Schema.org-semantikk. Ikke dokumentert her som et Google Article-/Breadcrumb rich-result-felt; ingen visningsgaranti.","https://schema.org/accessModeSufficient"
"WebPage","accountablePerson","CreativeWorkBase","manglende dokumentasjon","Ikke publisert uten dokumentert verdi/rettighet/identitet; valgfritt felt.","Schema.org-semantikk. Ikke dokumentert her som et Google Article-/Breadcrumb rich-result-felt; ingen visningsgaranti.","https://schema.org/accountablePerson"
"WebPage","acquireLicensePage","CreativeWorkBase","manglende dokumentasjon","Ikke publisert uten dokumentert verdi/rettighet/identitet; valgfritt felt.","Schema.org-semantikk. Ikke dokumentert her som et Google Article-/Breadcrumb rich-result-felt; ingen visningsgaranti.","https://schema.org/acquireLicensePage"
"WebPage","aggregateRating","CreativeWorkBase","ikke relevant","Utelatt: ingen rolle i denne avgrensede artikkel-, navigasjons- eller identitetsmodellen; ikke et krav om full Schema.org-utfylling.","Schema.org-semantikk. Ikke dokumentert her som et Google Article-/Breadcrumb rich-result-felt; ingen visningsgaranti.","https://schema.org/aggregateRating"
"WebPage","alternativeHeadline","CreativeWorkBase","ikke relevant","Utelatt: ingen rolle i denne avgrensede artikkel-, navigasjons- eller identitetsmodellen; ikke et krav om full Schema.org-utfylling.","Schema.org-semantikk. Ikke dokumentert her som et Google Article-/Breadcrumb rich-result-felt; ingen visningsgaranti.","https://schema.org/alternativeHeadline"
"WebPage","archivedAt","CreativeWorkBase","ikke relevant","Utelatt: ingen rolle i denne avgrensede artikkel-, navigasjons- eller identitetsmodellen; ikke et krav om full Schema.org-utfylling.","Schema.org-semantikk. Ikke dokumentert her som et Google Article-/Breadcrumb rich-result-felt; ingen visningsgaranti.","https://schema.org/archivedAt"
"WebPage","assesses","CreativeWorkBase","ikke relevant","Utelatt: ingen rolle i denne avgrensede artikkel-, navigasjons- eller identitetsmodellen; ikke et krav om full Schema.org-utfylling.","Schema.org-semantikk. Ikke dokumentert her som et Google Article-/Breadcrumb rich-result-felt; ingen visningsgaranti.","https://schema.org/assesses"
"WebPage","associatedMedia","CreativeWorkBase","ikke relevant","Utelatt: ingen rolle i denne avgrensede artikkel-, navigasjons- eller identitetsmodellen; ikke et krav om full Schema.org-utfylling.","Schema.org-semantikk. Ikke dokumentert her som et Google Article-/Breadcrumb rich-result-felt; ingen visningsgaranti.","https://schema.org/associatedMedia"
"WebPage","audience","CreativeWorkBase","ikke relevant","Utelatt: ingen rolle i denne avgrensede artikkel-, navigasjons- eller identitetsmodellen; ikke et krav om full Schema.org-utfylling.","Schema.org-semantikk. Ikke dokumentert her som et Google Article-/Breadcrumb rich-result-felt; ingen visningsgaranti.","https://schema.org/audience"
"WebPage","audio","CreativeWorkBase","ikke relevant","Utelatt: ingen rolle i denne avgrensede artikkel-, navigasjons- eller identitetsmodellen; ikke et krav om full Schema.org-utfylling.","Schema.org-semantikk. Ikke dokumentert her som et Google Article-/Breadcrumb rich-result-felt; ingen visningsgaranti.","https://schema.org/audio"
"WebPage","author","CreativeWorkBase","ikke relevant","Utelatt: ingen rolle i denne avgrensede artikkel-, navigasjons- eller identitetsmodellen; ikke et krav om full Schema.org-utfylling.","Schema.org-semantikk. Ikke dokumentert her som et Google Article-/Breadcrumb rich-result-felt; ingen visningsgaranti.","https://schema.org/author"
"WebPage","award","CreativeWorkBase","manglende dokumentasjon","Ikke publisert uten dokumentert verdi/rettighet/identitet; valgfritt felt.","Schema.org-semantikk. Ikke dokumentert her som et Google Article-/Breadcrumb rich-result-felt; ingen visningsgaranti.","https://schema.org/award"
"WebPage","awards","CreativeWorkBase","manglende dokumentasjon","Ikke publisert uten dokumentert verdi/rettighet/identitet; valgfritt felt.","Schema.org-semantikk. Ikke dokumentert her som et Google Article-/Breadcrumb rich-result-felt; ingen visningsgaranti.","https://schema.org/awards"
"WebPage","character","CreativeWorkBase","ikke relevant","Utelatt: ingen rolle i denne avgrensede artikkel-, navigasjons- eller identitetsmodellen; ikke et krav om full Schema.org-utfylling.","Schema.org-semantikk. Ikke dokumentert her som et Google Article-/Breadcrumb rich-result-felt; ingen visningsgaranti.","https://schema.org/character"
"WebPage","citation","CreativeWorkBase","ikke relevant","Utelatt: ingen rolle i denne avgrensede artikkel-, navigasjons- eller identitetsmodellen; ikke et krav om full Schema.org-utfylling.","Schema.org-semantikk. Ikke dokumentert her som et Google Article-/Breadcrumb rich-result-felt; ingen visningsgaranti.","https://schema.org/citation"
"WebPage","comment","CreativeWorkBase","ikke relevant","Utelatt: ingen rolle i denne avgrensede artikkel-, navigasjons- eller identitetsmodellen; ikke et krav om full Schema.org-utfylling.","Schema.org-semantikk. Ikke dokumentert her som et Google Article-/Breadcrumb rich-result-felt; ingen visningsgaranti.","https://schema.org/comment"
"WebPage","commentCount","CreativeWorkBase","ikke relevant","Utelatt: ingen rolle i denne avgrensede artikkel-, navigasjons- eller identitetsmodellen; ikke et krav om full Schema.org-utfylling.","Schema.org-semantikk. Ikke dokumentert her som et Google Article-/Breadcrumb rich-result-felt; ingen visningsgaranti.","https://schema.org/commentCount"
"WebPage","conditionsOfAccess","CreativeWorkBase","ikke relevant","Utelatt: ingen rolle i denne avgrensede artikkel-, navigasjons- eller identitetsmodellen; ikke et krav om full Schema.org-utfylling.","Schema.org-semantikk. Ikke dokumentert her som et Google Article-/Breadcrumb rich-result-felt; ingen visningsgaranti.","https://schema.org/conditionsOfAccess"
"WebPage","contentLocation","CreativeWorkBase","ikke relevant","Utelatt: ingen rolle i denne avgrensede artikkel-, navigasjons- eller identitetsmodellen; ikke et krav om full Schema.org-utfylling.","Schema.org-semantikk. Ikke dokumentert her som et Google Article-/Breadcrumb rich-result-felt; ingen visningsgaranti.","https://schema.org/contentLocation"
"WebPage","contentRating","CreativeWorkBase","ikke relevant","Utelatt: ingen rolle i denne avgrensede artikkel-, navigasjons- eller identitetsmodellen; ikke et krav om full Schema.org-utfylling.","Schema.org-semantikk. Ikke dokumentert her som et Google Article-/Breadcrumb rich-result-felt; ingen visningsgaranti.","https://schema.org/contentRating"
"WebPage","contentReferenceTime","CreativeWorkBase","ikke relevant","Utelatt: ingen rolle i denne avgrensede artikkel-, navigasjons- eller identitetsmodellen; ikke et krav om full Schema.org-utfylling.","Schema.org-semantikk. Ikke dokumentert her som et Google Article-/Breadcrumb rich-result-felt; ingen visningsgaranti.","https://schema.org/contentReferenceTime"
"WebPage","contributor","CreativeWorkBase","ikke relevant","Utelatt: ingen rolle i denne avgrensede artikkel-, navigasjons- eller identitetsmodellen; ikke et krav om full Schema.org-utfylling.","Schema.org-semantikk. Ikke dokumentert her som et Google Article-/Breadcrumb rich-result-felt; ingen visningsgaranti.","https://schema.org/contributor"
"WebPage","copyrightHolder","CreativeWorkBase","manglende dokumentasjon","Ikke publisert uten dokumentert verdi/rettighet/identitet; valgfritt felt.","Schema.org-semantikk. Ikke dokumentert her som et Google Article-/Breadcrumb rich-result-felt; ingen visningsgaranti.","https://schema.org/copyrightHolder"
"WebPage","copyrightNotice","CreativeWorkBase","manglende dokumentasjon","Ikke publisert uten dokumentert verdi/rettighet/identitet; valgfritt felt.","Schema.org-semantikk. Ikke dokumentert her som et Google Article-/Breadcrumb rich-result-felt; ingen visningsgaranti.","https://schema.org/copyrightNotice"
"WebPage","copyrightYear","CreativeWorkBase","manglende dokumentasjon","Ikke publisert uten dokumentert verdi/rettighet/identitet; valgfritt felt.","Schema.org-semantikk. Ikke dokumentert her som et Google Article-/Breadcrumb rich-result-felt; ingen visningsgaranti.","https://schema.org/copyrightYear"
"WebPage","correction","CreativeWorkBase","ikke relevant","Utelatt: ingen rolle i denne avgrensede artikkel-, navigasjons- eller identitetsmodellen; ikke et krav om full Schema.org-utfylling.","Schema.org-semantikk. Ikke dokumentert her som et Google Article-/Breadcrumb rich-result-felt; ingen visningsgaranti.","https://schema.org/correction"
"WebPage","countryOfOrigin","CreativeWorkBase","ikke relevant","Utelatt: ingen rolle i denne avgrensede artikkel-, navigasjons- eller identitetsmodellen; ikke et krav om full Schema.org-utfylling.","Schema.org-semantikk. Ikke dokumentert her som et Google Article-/Breadcrumb rich-result-felt; ingen visningsgaranti.","https://schema.org/countryOfOrigin"
"WebPage","creativeWorkStatus","CreativeWorkBase","ikke relevant","Utelatt: ingen rolle i denne avgrensede artikkel-, navigasjons- eller identitetsmodellen; ikke et krav om full Schema.org-utfylling.","Schema.org-semantikk. Ikke dokumentert her som et Google Article-/Breadcrumb rich-result-felt; ingen visningsgaranti.","https://schema.org/creativeWorkStatus"
"WebPage","creator","CreativeWorkBase","manglende dokumentasjon","Ikke publisert uten dokumentert verdi/rettighet/identitet; valgfritt felt.","Schema.org-semantikk. Ikke dokumentert her som et Google Article-/Breadcrumb rich-result-felt; ingen visningsgaranti.","https://schema.org/creator"
"WebPage","creditText","CreativeWorkBase","manglende dokumentasjon","Ikke publisert uten dokumentert verdi/rettighet/identitet; valgfritt felt.","Schema.org-semantikk. Ikke dokumentert her som et Google Article-/Breadcrumb rich-result-felt; ingen visningsgaranti.","https://schema.org/creditText"
"WebPage","dateCreated","CreativeWorkBase","manglende dokumentasjon","Ikke publisert uten dokumentert verdi/rettighet/identitet; valgfritt felt.","Schema.org-semantikk. Ikke dokumentert her som et Google Article-/Breadcrumb rich-result-felt; ingen visningsgaranti.","https://schema.org/dateCreated"
"WebPage","dateModified","CreativeWorkBase","manglende dokumentasjon","Ikke publisert uten dokumentert verdi/rettighet/identitet; valgfritt felt.","Schema.org-semantikk. Ikke dokumentert her som et Google Article-/Breadcrumb rich-result-felt; ingen visningsgaranti.","https://schema.org/dateModified"
"WebPage","datePublished","CreativeWorkBase","manglende dokumentasjon","Ikke publisert uten dokumentert verdi/rettighet/identitet; valgfritt felt.","Schema.org-semantikk. Ikke dokumentert her som et Google Article-/Breadcrumb rich-result-felt; ingen visningsgaranti.","https://schema.org/datePublished"
"WebPage","digitalSourceType","CreativeWorkBase","ikke relevant","Utelatt: ingen rolle i denne avgrensede artikkel-, navigasjons- eller identitetsmodellen; ikke et krav om full Schema.org-utfylling.","Schema.org-semantikk. Ikke dokumentert her som et Google Article-/Breadcrumb rich-result-felt; ingen visningsgaranti.","https://schema.org/digitalSourceType"
"WebPage","discussionUrl","CreativeWorkBase","manglende dokumentasjon","Ikke publisert uten dokumentert verdi/rettighet/identitet; valgfritt felt.","Schema.org-semantikk. Ikke dokumentert her som et Google Article-/Breadcrumb rich-result-felt; ingen visningsgaranti.","https://schema.org/discussionUrl"
"WebPage","displayLocation","CreativeWorkBase","ikke relevant","Utelatt: ingen rolle i denne avgrensede artikkel-, navigasjons- eller identitetsmodellen; ikke et krav om full Schema.org-utfylling.","Schema.org-semantikk. Ikke dokumentert her som et Google Article-/Breadcrumb rich-result-felt; ingen visningsgaranti.","https://schema.org/displayLocation"
"WebPage","editEIDR","CreativeWorkBase","ikke relevant","Utelatt: ingen rolle i denne avgrensede artikkel-, navigasjons- eller identitetsmodellen; ikke et krav om full Schema.org-utfylling.","Schema.org-semantikk. Ikke dokumentert her som et Google Article-/Breadcrumb rich-result-felt; ingen visningsgaranti.","https://schema.org/editEIDR"
"WebPage","editor","CreativeWorkBase","manglende dokumentasjon","Ikke publisert uten dokumentert verdi/rettighet/identitet; valgfritt felt.","Schema.org-semantikk. Ikke dokumentert her som et Google Article-/Breadcrumb rich-result-felt; ingen visningsgaranti.","https://schema.org/editor"
"WebPage","educationalAlignment","CreativeWorkBase","ikke relevant","Utelatt: ingen rolle i denne avgrensede artikkel-, navigasjons- eller identitetsmodellen; ikke et krav om full Schema.org-utfylling.","Schema.org-semantikk. Ikke dokumentert her som et Google Article-/Breadcrumb rich-result-felt; ingen visningsgaranti.","https://schema.org/educationalAlignment"
"WebPage","educationalLevel","CreativeWorkBase","ikke relevant","Utelatt: ingen rolle i denne avgrensede artikkel-, navigasjons- eller identitetsmodellen; ikke et krav om full Schema.org-utfylling.","Schema.org-semantikk. Ikke dokumentert her som et Google Article-/Breadcrumb rich-result-felt; ingen visningsgaranti.","https://schema.org/educationalLevel"
"WebPage","educationalUse","CreativeWorkBase","ikke relevant","Utelatt: ingen rolle i denne avgrensede artikkel-, navigasjons- eller identitetsmodellen; ikke et krav om full Schema.org-utfylling.","Schema.org-semantikk. Ikke dokumentert her som et Google Article-/Breadcrumb rich-result-felt; ingen visningsgaranti.","https://schema.org/educationalUse"
"WebPage","encoding","CreativeWorkBase","ikke relevant","Utelatt: ingen rolle i denne avgrensede artikkel-, navigasjons- eller identitetsmodellen; ikke et krav om full Schema.org-utfylling.","Schema.org-semantikk. Ikke dokumentert her som et Google Article-/Breadcrumb rich-result-felt; ingen visningsgaranti.","https://schema.org/encoding"
"WebPage","encodingFormat","CreativeWorkBase","ikke relevant","Utelatt: ingen rolle i denne avgrensede artikkel-, navigasjons- eller identitetsmodellen; ikke et krav om full Schema.org-utfylling.","Schema.org-semantikk. Ikke dokumentert her som et Google Article-/Breadcrumb rich-result-felt; ingen visningsgaranti.","https://schema.org/encodingFormat"
"WebPage","encodings","CreativeWorkBase","ikke relevant","Utelatt: ingen rolle i denne avgrensede artikkel-, navigasjons- eller identitetsmodellen; ikke et krav om full Schema.org-utfylling.","Schema.org-semantikk. Ikke dokumentert her som et Google Article-/Breadcrumb rich-result-felt; ingen visningsgaranti.","https://schema.org/encodings"
"WebPage","exampleOfWork","CreativeWorkBase","ikke relevant","Utelatt: ingen rolle i denne avgrensede artikkel-, navigasjons- eller identitetsmodellen; ikke et krav om full Schema.org-utfylling.","Schema.org-semantikk. Ikke dokumentert her som et Google Article-/Breadcrumb rich-result-felt; ingen visningsgaranti.","https://schema.org/exampleOfWork"
"WebPage","expires","CreativeWorkBase","ikke relevant","Utelatt: ingen rolle i denne avgrensede artikkel-, navigasjons- eller identitetsmodellen; ikke et krav om full Schema.org-utfylling.","Schema.org-semantikk. Ikke dokumentert her som et Google Article-/Breadcrumb rich-result-felt; ingen visningsgaranti.","https://schema.org/expires"
"WebPage","fileFormat","CreativeWorkBase","ikke relevant","Utelatt: ingen rolle i denne avgrensede artikkel-, navigasjons- eller identitetsmodellen; ikke et krav om full Schema.org-utfylling.","Schema.org-semantikk. Ikke dokumentert her som et Google Article-/Breadcrumb rich-result-felt; ingen visningsgaranti.","https://schema.org/fileFormat"
"WebPage","funder","CreativeWorkBase","manglende dokumentasjon","Ikke publisert uten dokumentert verdi/rettighet/identitet; valgfritt felt.","Schema.org-semantikk. Ikke dokumentert her som et Google Article-/Breadcrumb rich-result-felt; ingen visningsgaranti.","https://schema.org/funder"
"WebPage","funding","CreativeWorkBase","manglende dokumentasjon","Ikke publisert uten dokumentert verdi/rettighet/identitet; valgfritt felt.","Schema.org-semantikk. Ikke dokumentert her som et Google Article-/Breadcrumb rich-result-felt; ingen visningsgaranti.","https://schema.org/funding"
"WebPage","genre","CreativeWorkBase","ikke relevant","Utelatt: ingen rolle i denne avgrensede artikkel-, navigasjons- eller identitetsmodellen; ikke et krav om full Schema.org-utfylling.","Schema.org-semantikk. Ikke dokumentert her som et Google Article-/Breadcrumb rich-result-felt; ingen visningsgaranti.","https://schema.org/genre"
"WebPage","hasPart","CreativeWorkBase","ikke relevant","Utelatt: ingen rolle i denne avgrensede artikkel-, navigasjons- eller identitetsmodellen; ikke et krav om full Schema.org-utfylling.","Schema.org-semantikk. Ikke dokumentert her som et Google Article-/Breadcrumb rich-result-felt; ingen visningsgaranti.","https://schema.org/hasPart"
"WebPage","headline","CreativeWorkBase","ikke relevant","Utelatt: ingen rolle i denne avgrensede artikkel-, navigasjons- eller identitetsmodellen; ikke et krav om full Schema.org-utfylling.","Schema.org-semantikk. Ikke dokumentert her som et Google Article-/Breadcrumb rich-result-felt; ingen visningsgaranti.","https://schema.org/headline"
"WebPage","inLanguage","CreativeWorkBase","implementert","Bygges fra det validerte registeret eller fast, dokumentert nettstedsidentitet.","Schema.org-semantikk. Ikke dokumentert her som et Google Article-/Breadcrumb rich-result-felt; ingen visningsgaranti.","https://schema.org/inLanguage"
"WebPage","interactionStatistic","CreativeWorkBase","ikke relevant","Utelatt: ingen rolle i denne avgrensede artikkel-, navigasjons- eller identitetsmodellen; ikke et krav om full Schema.org-utfylling.","Schema.org-semantikk. Ikke dokumentert her som et Google Article-/Breadcrumb rich-result-felt; ingen visningsgaranti.","https://schema.org/interactionStatistic"
"WebPage","interactivityType","CreativeWorkBase","ikke relevant","Utelatt: ingen rolle i denne avgrensede artikkel-, navigasjons- eller identitetsmodellen; ikke et krav om full Schema.org-utfylling.","Schema.org-semantikk. Ikke dokumentert her som et Google Article-/Breadcrumb rich-result-felt; ingen visningsgaranti.","https://schema.org/interactivityType"
"WebPage","interpretedAsClaim","CreativeWorkBase","ikke relevant","Utelatt: ingen rolle i denne avgrensede artikkel-, navigasjons- eller identitetsmodellen; ikke et krav om full Schema.org-utfylling.","Schema.org-semantikk. Ikke dokumentert her som et Google Article-/Breadcrumb rich-result-felt; ingen visningsgaranti.","https://schema.org/interpretedAsClaim"
"WebPage","isAccessibleForFree","CreativeWorkBase","ikke relevant","Utelatt: ingen rolle i denne avgrensede artikkel-, navigasjons- eller identitetsmodellen; ikke et krav om full Schema.org-utfylling.","Schema.org-semantikk. Ikke dokumentert her som et Google Article-/Breadcrumb rich-result-felt; ingen visningsgaranti.","https://schema.org/isAccessibleForFree"
"WebPage","isBasedOn","CreativeWorkBase","manglende dokumentasjon","Ikke publisert uten dokumentert verdi/rettighet/identitet; valgfritt felt.","Schema.org-semantikk. Ikke dokumentert her som et Google Article-/Breadcrumb rich-result-felt; ingen visningsgaranti.","https://schema.org/isBasedOn"
"WebPage","isBasedOnUrl","CreativeWorkBase","ikke relevant","Utelatt: ingen rolle i denne avgrensede artikkel-, navigasjons- eller identitetsmodellen; ikke et krav om full Schema.org-utfylling.","Schema.org-semantikk. Ikke dokumentert her som et Google Article-/Breadcrumb rich-result-felt; ingen visningsgaranti.","https://schema.org/isBasedOnUrl"
"WebPage","isFamilyFriendly","CreativeWorkBase","ikke relevant","Utelatt: ingen rolle i denne avgrensede artikkel-, navigasjons- eller identitetsmodellen; ikke et krav om full Schema.org-utfylling.","Schema.org-semantikk. Ikke dokumentert her som et Google Article-/Breadcrumb rich-result-felt; ingen visningsgaranti.","https://schema.org/isFamilyFriendly"
"WebPage","isPartOf","CreativeWorkBase","implementert","Bygges fra det validerte registeret eller fast, dokumentert nettstedsidentitet.","Schema.org-semantikk. Ikke dokumentert her som et Google Article-/Breadcrumb rich-result-felt; ingen visningsgaranti.","https://schema.org/isPartOf"
"WebPage","keywords","CreativeWorkBase","ikke relevant","Utelatt: ingen rolle i denne avgrensede artikkel-, navigasjons- eller identitetsmodellen; ikke et krav om full Schema.org-utfylling.","Schema.org-semantikk. Ikke dokumentert her som et Google Article-/Breadcrumb rich-result-felt; ingen visningsgaranti.","https://schema.org/keywords"
"WebPage","learningResourceType","CreativeWorkBase","ikke relevant","Utelatt: ingen rolle i denne avgrensede artikkel-, navigasjons- eller identitetsmodellen; ikke et krav om full Schema.org-utfylling.","Schema.org-semantikk. Ikke dokumentert her som et Google Article-/Breadcrumb rich-result-felt; ingen visningsgaranti.","https://schema.org/learningResourceType"
"WebPage","license","CreativeWorkBase","manglende dokumentasjon","Ikke publisert uten dokumentert verdi/rettighet/identitet; valgfritt felt.","Schema.org-semantikk. Ikke dokumentert her som et Google Article-/Breadcrumb rich-result-felt; ingen visningsgaranti.","https://schema.org/license"
"WebPage","locationCreated","CreativeWorkBase","manglende dokumentasjon","Ikke publisert uten dokumentert verdi/rettighet/identitet; valgfritt felt.","Schema.org-semantikk. Ikke dokumentert her som et Google Article-/Breadcrumb rich-result-felt; ingen visningsgaranti.","https://schema.org/locationCreated"
"WebPage","mainEntity","CreativeWorkBase","implementert","Bygges fra det validerte registeret eller fast, dokumentert nettstedsidentitet.","Schema.org-semantikk. Ikke dokumentert her som et Google Article-/Breadcrumb rich-result-felt; ingen visningsgaranti.","https://schema.org/mainEntity"
"WebPage","maintainer","CreativeWorkBase","manglende dokumentasjon","Ikke publisert uten dokumentert verdi/rettighet/identitet; valgfritt felt.","Schema.org-semantikk. Ikke dokumentert her som et Google Article-/Breadcrumb rich-result-felt; ingen visningsgaranti.","https://schema.org/maintainer"
"WebPage","material","CreativeWorkBase","ikke relevant","Utelatt: ingen rolle i denne avgrensede artikkel-, navigasjons- eller identitetsmodellen; ikke et krav om full Schema.org-utfylling.","Schema.org-semantikk. Ikke dokumentert her som et Google Article-/Breadcrumb rich-result-felt; ingen visningsgaranti.","https://schema.org/material"
"WebPage","materialExtent","CreativeWorkBase","ikke relevant","Utelatt: ingen rolle i denne avgrensede artikkel-, navigasjons- eller identitetsmodellen; ikke et krav om full Schema.org-utfylling.","Schema.org-semantikk. Ikke dokumentert her som et Google Article-/Breadcrumb rich-result-felt; ingen visningsgaranti.","https://schema.org/materialExtent"
"WebPage","mentions","CreativeWorkBase","ikke relevant","Utelatt: ingen rolle i denne avgrensede artikkel-, navigasjons- eller identitetsmodellen; ikke et krav om full Schema.org-utfylling.","Schema.org-semantikk. Ikke dokumentert her som et Google Article-/Breadcrumb rich-result-felt; ingen visningsgaranti.","https://schema.org/mentions"
"WebPage","offers","CreativeWorkBase","ikke relevant","Utelatt: ingen rolle i denne avgrensede artikkel-, navigasjons- eller identitetsmodellen; ikke et krav om full Schema.org-utfylling.","Schema.org-semantikk. Ikke dokumentert her som et Google Article-/Breadcrumb rich-result-felt; ingen visningsgaranti.","https://schema.org/offers"
"WebPage","pattern","CreativeWorkBase","ikke relevant","Utelatt: ingen rolle i denne avgrensede artikkel-, navigasjons- eller identitetsmodellen; ikke et krav om full Schema.org-utfylling.","Schema.org-semantikk. Ikke dokumentert her som et Google Article-/Breadcrumb rich-result-felt; ingen visningsgaranti.","https://schema.org/pattern"
"WebPage","position","CreativeWorkBase","ikke relevant","Utelatt: ingen rolle i denne avgrensede artikkel-, navigasjons- eller identitetsmodellen; ikke et krav om full Schema.org-utfylling.","Schema.org-semantikk. Ikke dokumentert her som et Google Article-/Breadcrumb rich-result-felt; ingen visningsgaranti.","https://schema.org/position"
"WebPage","producer","CreativeWorkBase","ikke relevant","Utelatt: ingen rolle i denne avgrensede artikkel-, navigasjons- eller identitetsmodellen; ikke et krav om full Schema.org-utfylling.","Schema.org-semantikk. Ikke dokumentert her som et Google Article-/Breadcrumb rich-result-felt; ingen visningsgaranti.","https://schema.org/producer"
"WebPage","provider","CreativeWorkBase","ikke relevant","Utelatt: ingen rolle i denne avgrensede artikkel-, navigasjons- eller identitetsmodellen; ikke et krav om full Schema.org-utfylling.","Schema.org-semantikk. Ikke dokumentert her som et Google Article-/Breadcrumb rich-result-felt; ingen visningsgaranti.","https://schema.org/provider"
"WebPage","publication","CreativeWorkBase","ikke relevant","Utelatt: ingen rolle i denne avgrensede artikkel-, navigasjons- eller identitetsmodellen; ikke et krav om full Schema.org-utfylling.","Schema.org-semantikk. Ikke dokumentert her som et Google Article-/Breadcrumb rich-result-felt; ingen visningsgaranti.","https://schema.org/publication"
"WebPage","publisher","CreativeWorkBase","ikke relevant","Utelatt: ingen rolle i denne avgrensede artikkel-, navigasjons- eller identitetsmodellen; ikke et krav om full Schema.org-utfylling.","Schema.org-semantikk. Ikke dokumentert her som et Google Article-/Breadcrumb rich-result-felt; ingen visningsgaranti.","https://schema.org/publisher"
"WebPage","publisherImprint","CreativeWorkBase","ikke relevant","Utelatt: ingen rolle i denne avgrensede artikkel-, navigasjons- eller identitetsmodellen; ikke et krav om full Schema.org-utfylling.","Schema.org-semantikk. Ikke dokumentert her som et Google Article-/Breadcrumb rich-result-felt; ingen visningsgaranti.","https://schema.org/publisherImprint"
"WebPage","publishingPrinciples","CreativeWorkBase","manglende dokumentasjon","Ikke publisert uten dokumentert verdi/rettighet/identitet; valgfritt felt.","Schema.org-semantikk. Ikke dokumentert her som et Google Article-/Breadcrumb rich-result-felt; ingen visningsgaranti.","https://schema.org/publishingPrinciples"
"WebPage","recordedAt","CreativeWorkBase","ikke relevant","Utelatt: ingen rolle i denne avgrensede artikkel-, navigasjons- eller identitetsmodellen; ikke et krav om full Schema.org-utfylling.","Schema.org-semantikk. Ikke dokumentert her som et Google Article-/Breadcrumb rich-result-felt; ingen visningsgaranti.","https://schema.org/recordedAt"
"WebPage","releasedEvent","CreativeWorkBase","ikke relevant","Utelatt: ingen rolle i denne avgrensede artikkel-, navigasjons- eller identitetsmodellen; ikke et krav om full Schema.org-utfylling.","Schema.org-semantikk. Ikke dokumentert her som et Google Article-/Breadcrumb rich-result-felt; ingen visningsgaranti.","https://schema.org/releasedEvent"
"WebPage","review","CreativeWorkBase","manglende dokumentasjon","Ikke publisert uten dokumentert verdi/rettighet/identitet; valgfritt felt.","Schema.org-semantikk. Ikke dokumentert her som et Google Article-/Breadcrumb rich-result-felt; ingen visningsgaranti.","https://schema.org/review"
"WebPage","reviews","CreativeWorkBase","ikke relevant","Utelatt: ingen rolle i denne avgrensede artikkel-, navigasjons- eller identitetsmodellen; ikke et krav om full Schema.org-utfylling.","Schema.org-semantikk. Ikke dokumentert her som et Google Article-/Breadcrumb rich-result-felt; ingen visningsgaranti.","https://schema.org/reviews"
"WebPage","schemaVersion","CreativeWorkBase","ikke relevant","Utelatt: ingen rolle i denne avgrensede artikkel-, navigasjons- eller identitetsmodellen; ikke et krav om full Schema.org-utfylling.","Schema.org-semantikk. Ikke dokumentert her som et Google Article-/Breadcrumb rich-result-felt; ingen visningsgaranti.","https://schema.org/schemaVersion"
"WebPage","sdDatePublished","CreativeWorkBase","ikke relevant","Utelatt: ingen rolle i denne avgrensede artikkel-, navigasjons- eller identitetsmodellen; ikke et krav om full Schema.org-utfylling.","Schema.org-semantikk. Ikke dokumentert her som et Google Article-/Breadcrumb rich-result-felt; ingen visningsgaranti.","https://schema.org/sdDatePublished"
"WebPage","sdLicense","CreativeWorkBase","ikke relevant","Utelatt: ingen rolle i denne avgrensede artikkel-, navigasjons- eller identitetsmodellen; ikke et krav om full Schema.org-utfylling.","Schema.org-semantikk. Ikke dokumentert her som et Google Article-/Breadcrumb rich-result-felt; ingen visningsgaranti.","https://schema.org/sdLicense"
"WebPage","sdPublisher","CreativeWorkBase","ikke relevant","Utelatt: ingen rolle i denne avgrensede artikkel-, navigasjons- eller identitetsmodellen; ikke et krav om full Schema.org-utfylling.","Schema.org-semantikk. Ikke dokumentert her som et Google Article-/Breadcrumb rich-result-felt; ingen visningsgaranti.","https://schema.org/sdPublisher"
"WebPage","size","CreativeWorkBase","ikke relevant","Utelatt: ingen rolle i denne avgrensede artikkel-, navigasjons- eller identitetsmodellen; ikke et krav om full Schema.org-utfylling.","Schema.org-semantikk. Ikke dokumentert her som et Google Article-/Breadcrumb rich-result-felt; ingen visningsgaranti.","https://schema.org/size"
"WebPage","sourceOrganization","CreativeWorkBase","ikke relevant","Utelatt: ingen rolle i denne avgrensede artikkel-, navigasjons- eller identitetsmodellen; ikke et krav om full Schema.org-utfylling.","Schema.org-semantikk. Ikke dokumentert her som et Google Article-/Breadcrumb rich-result-felt; ingen visningsgaranti.","https://schema.org/sourceOrganization"
"WebPage","spatial","CreativeWorkBase","ikke relevant","Utelatt: ingen rolle i denne avgrensede artikkel-, navigasjons- eller identitetsmodellen; ikke et krav om full Schema.org-utfylling.","Schema.org-semantikk. Ikke dokumentert her som et Google Article-/Breadcrumb rich-result-felt; ingen visningsgaranti.","https://schema.org/spatial"
"WebPage","spatialCoverage","CreativeWorkBase","ikke relevant","Utelatt: ingen rolle i denne avgrensede artikkel-, navigasjons- eller identitetsmodellen; ikke et krav om full Schema.org-utfylling.","Schema.org-semantikk. Ikke dokumentert her som et Google Article-/Breadcrumb rich-result-felt; ingen visningsgaranti.","https://schema.org/spatialCoverage"
"WebPage","sponsor","CreativeWorkBase","manglende dokumentasjon","Ikke publisert uten dokumentert verdi/rettighet/identitet; valgfritt felt.","Schema.org-semantikk. Ikke dokumentert her som et Google Article-/Breadcrumb rich-result-felt; ingen visningsgaranti.","https://schema.org/sponsor"
"WebPage","teaches","CreativeWorkBase","ikke relevant","Utelatt: ingen rolle i denne avgrensede artikkel-, navigasjons- eller identitetsmodellen; ikke et krav om full Schema.org-utfylling.","Schema.org-semantikk. Ikke dokumentert her som et Google Article-/Breadcrumb rich-result-felt; ingen visningsgaranti.","https://schema.org/teaches"
"WebPage","temporal","CreativeWorkBase","ikke relevant","Utelatt: ingen rolle i denne avgrensede artikkel-, navigasjons- eller identitetsmodellen; ikke et krav om full Schema.org-utfylling.","Schema.org-semantikk. Ikke dokumentert her som et Google Article-/Breadcrumb rich-result-felt; ingen visningsgaranti.","https://schema.org/temporal"
"WebPage","temporalCoverage","CreativeWorkBase","manglende dokumentasjon","Ikke publisert uten dokumentert verdi/rettighet/identitet; valgfritt felt.","Schema.org-semantikk. Ikke dokumentert her som et Google Article-/Breadcrumb rich-result-felt; ingen visningsgaranti.","https://schema.org/temporalCoverage"
"WebPage","text","CreativeWorkBase","ikke relevant","Utelatt: ingen rolle i denne avgrensede artikkel-, navigasjons- eller identitetsmodellen; ikke et krav om full Schema.org-utfylling.","Schema.org-semantikk. Ikke dokumentert her som et Google Article-/Breadcrumb rich-result-felt; ingen visningsgaranti.","https://schema.org/text"
"WebPage","thumbnail","CreativeWorkBase","ikke relevant","Utelatt: ingen rolle i denne avgrensede artikkel-, navigasjons- eller identitetsmodellen; ikke et krav om full Schema.org-utfylling.","Schema.org-semantikk. Ikke dokumentert her som et Google Article-/Breadcrumb rich-result-felt; ingen visningsgaranti.","https://schema.org/thumbnail"
"WebPage","thumbnailUrl","CreativeWorkBase","ikke relevant","Utelatt: ingen rolle i denne avgrensede artikkel-, navigasjons- eller identitetsmodellen; ikke et krav om full Schema.org-utfylling.","Schema.org-semantikk. Ikke dokumentert her som et Google Article-/Breadcrumb rich-result-felt; ingen visningsgaranti.","https://schema.org/thumbnailUrl"
"WebPage","timeRequired","CreativeWorkBase","ikke relevant","Utelatt: ingen rolle i denne avgrensede artikkel-, navigasjons- eller identitetsmodellen; ikke et krav om full Schema.org-utfylling.","Schema.org-semantikk. Ikke dokumentert her som et Google Article-/Breadcrumb rich-result-felt; ingen visningsgaranti.","https://schema.org/timeRequired"
"WebPage","translationOfWork","CreativeWorkBase","ikke relevant","Utelatt: ingen rolle i denne avgrensede artikkel-, navigasjons- eller identitetsmodellen; ikke et krav om full Schema.org-utfylling.","Schema.org-semantikk. Ikke dokumentert her som et Google Article-/Breadcrumb rich-result-felt; ingen visningsgaranti.","https://schema.org/translationOfWork"
"WebPage","translator","CreativeWorkBase","manglende dokumentasjon","Ikke publisert uten dokumentert verdi/rettighet/identitet; valgfritt felt.","Schema.org-semantikk. Ikke dokumentert her som et Google Article-/Breadcrumb rich-result-felt; ingen visningsgaranti.","https://schema.org/translator"
"WebPage","typicalAgeRange","CreativeWorkBase","ikke relevant","Utelatt: ingen rolle i denne avgrensede artikkel-, navigasjons- eller identitetsmodellen; ikke et krav om full Schema.org-utfylling.","Schema.org-semantikk. Ikke dokumentert her som et Google Article-/Breadcrumb rich-result-felt; ingen visningsgaranti.","https://schema.org/typicalAgeRange"
"WebPage","usageInfo","CreativeWorkBase","ikke relevant","Utelatt: ingen rolle i denne avgrensede artikkel-, navigasjons- eller identitetsmodellen; ikke et krav om full Schema.org-utfylling.","Schema.org-semantikk. Ikke dokumentert her som et Google Article-/Breadcrumb rich-result-felt; ingen visningsgaranti.","https://schema.org/usageInfo"
"WebPage","version","CreativeWorkBase","manglende dokumentasjon","Ikke publisert uten dokumentert verdi/rettighet/identitet; valgfritt felt.","Schema.org-semantikk. Ikke dokumentert her som et Google Article-/Breadcrumb rich-result-felt; ingen visningsgaranti.","https://schema.org/version"
"WebPage","video","CreativeWorkBase","ikke relevant","Utelatt: ingen rolle i denne avgrensede artikkel-, navigasjons- eller identitetsmodellen; ikke et krav om full Schema.org-utfylling.","Schema.org-semantikk. Ikke dokumentert her som et Google Article-/Breadcrumb rich-result-felt; ingen visningsgaranti.","https://schema.org/video"
"WebPage","wordCount","CreativeWorkBase","ikke relevant","Utelatt: ingen rolle i denne avgrensede artikkel-, navigasjons- eller identitetsmodellen; ikke et krav om full Schema.org-utfylling.","Schema.org-semantikk. Ikke dokumentert her som et Google Article-/Breadcrumb rich-result-felt; ingen visningsgaranti.","https://schema.org/wordCount"
"WebPage","workExample","CreativeWorkBase","ikke relevant","Utelatt: ingen rolle i denne avgrensede artikkel-, navigasjons- eller identitetsmodellen; ikke et krav om full Schema.org-utfylling.","Schema.org-semantikk. Ikke dokumentert her som et Google Article-/Breadcrumb rich-result-felt; ingen visningsgaranti.","https://schema.org/workExample"
"WebPage","workTranslation","CreativeWorkBase","ikke relevant","Utelatt: ingen rolle i denne avgrensede artikkel-, navigasjons- eller identitetsmodellen; ikke et krav om full Schema.org-utfylling.","Schema.org-semantikk. Ikke dokumentert her som et Google Article-/Breadcrumb rich-result-felt; ingen visningsgaranti.","https://schema.org/workTranslation"
"WebPage","additionalType","ThingBase","ikke relevant","Utelatt: ingen rolle i denne avgrensede artikkel-, navigasjons- eller identitetsmodellen; ikke et krav om full Schema.org-utfylling.","Schema.org-semantikk. Ikke dokumentert her som et Google Article-/Breadcrumb rich-result-felt; ingen visningsgaranti.","https://schema.org/additionalType"
"WebPage","alternateName","ThingBase","ikke relevant","Utelatt: ingen rolle i denne avgrensede artikkel-, navigasjons- eller identitetsmodellen; ikke et krav om full Schema.org-utfylling.","Schema.org-semantikk. Ikke dokumentert her som et Google Article-/Breadcrumb rich-result-felt; ingen visningsgaranti.","https://schema.org/alternateName"
"WebPage","description","ThingBase","implementert","Bygges fra det validerte registeret eller fast, dokumentert nettstedsidentitet.","Schema.org-semantikk. Ikke dokumentert her som et Google Article-/Breadcrumb rich-result-felt; ingen visningsgaranti.","https://schema.org/description"
"WebPage","disambiguatingDescription","ThingBase","ikke relevant","Utelatt: ingen rolle i denne avgrensede artikkel-, navigasjons- eller identitetsmodellen; ikke et krav om full Schema.org-utfylling.","Schema.org-semantikk. Ikke dokumentert her som et Google Article-/Breadcrumb rich-result-felt; ingen visningsgaranti.","https://schema.org/disambiguatingDescription"
"WebPage","identifier","ThingBase","manglende dokumentasjon","Ikke publisert uten dokumentert verdi/rettighet/identitet; valgfritt felt.","Schema.org-semantikk. Ikke dokumentert her som et Google Article-/Breadcrumb rich-result-felt; ingen visningsgaranti.","https://schema.org/identifier"
"WebPage","image","ThingBase","ikke relevant","Utelatt: ingen rolle i denne avgrensede artikkel-, navigasjons- eller identitetsmodellen; ikke et krav om full Schema.org-utfylling.","Schema.org-semantikk. Ikke dokumentert her som et Google Article-/Breadcrumb rich-result-felt; ingen visningsgaranti.","https://schema.org/image"
"WebPage","mainEntityOfPage","ThingBase","ikke relevant","Utelatt: ingen rolle i denne avgrensede artikkel-, navigasjons- eller identitetsmodellen; ikke et krav om full Schema.org-utfylling.","Schema.org-semantikk. Ikke dokumentert her som et Google Article-/Breadcrumb rich-result-felt; ingen visningsgaranti.","https://schema.org/mainEntityOfPage"
"WebPage","name","ThingBase","implementert","Bygges fra det validerte registeret eller fast, dokumentert nettstedsidentitet.","Schema.org-semantikk. Ikke dokumentert her som et Google Article-/Breadcrumb rich-result-felt; ingen visningsgaranti.","https://schema.org/name"
"WebPage","owner","ThingBase","ikke relevant","Utelatt: ingen rolle i denne avgrensede artikkel-, navigasjons- eller identitetsmodellen; ikke et krav om full Schema.org-utfylling.","Schema.org-semantikk. Ikke dokumentert her som et Google Article-/Breadcrumb rich-result-felt; ingen visningsgaranti.","https://schema.org/owner"
"WebPage","potentialAction","ThingBase","ikke relevant","Utelatt: ingen rolle i denne avgrensede artikkel-, navigasjons- eller identitetsmodellen; ikke et krav om full Schema.org-utfylling.","Schema.org-semantikk. Ikke dokumentert her som et Google Article-/Breadcrumb rich-result-felt; ingen visningsgaranti.","https://schema.org/potentialAction"
"WebPage","sameAs","ThingBase","manglende dokumentasjon","Ikke publisert uten dokumentert verdi/rettighet/identitet; valgfritt felt.","Schema.org-semantikk. Ikke dokumentert her som et Google Article-/Breadcrumb rich-result-felt; ingen visningsgaranti.","https://schema.org/sameAs"
"WebPage","subjectOf","ThingBase","ikke relevant","Utelatt: ingen rolle i denne avgrensede artikkel-, navigasjons- eller identitetsmodellen; ikke et krav om full Schema.org-utfylling.","Schema.org-semantikk. Ikke dokumentert her som et Google Article-/Breadcrumb rich-result-felt; ingen visningsgaranti.","https://schema.org/subjectOf"
"WebPage","url","ThingBase","implementert","Bygges fra det validerte registeret eller fast, dokumentert nettstedsidentitet.","Schema.org-semantikk. Ikke dokumentert her som et Google Article-/Breadcrumb rich-result-felt; ingen visningsgaranti.","https://schema.org/url"
"WebPage","@id","IdReference","implementert","Bygges fra det validerte registeret eller fast, dokumentert nettstedsidentitet.","JSON-LD struktur/identitet.","https://www.w3.org/TR/json-ld11/"
"CollectionPage","@type","CollectionPageLeaf","implementert","Bygges fra det validerte registeret eller fast, dokumentert nettstedsidentitet.","JSON-LD struktur/identitet.","https://www.w3.org/TR/json-ld11/"
"CollectionPage","breadcrumb","WebPageBase","implementert","Bygges fra det validerte registeret eller fast, dokumentert nettstedsidentitet.","Schema.org-semantikk. Ikke dokumentert her som et Google Article-/Breadcrumb rich-result-felt; ingen visningsgaranti.","https://schema.org/breadcrumb"
"CollectionPage","lastReviewed","WebPageBase","ikke relevant","Utelatt: ingen rolle i denne avgrensede artikkel-, navigasjons- eller identitetsmodellen; ikke et krav om full Schema.org-utfylling.","Schema.org-semantikk. Ikke dokumentert her som et Google Article-/Breadcrumb rich-result-felt; ingen visningsgaranti.","https://schema.org/lastReviewed"
"CollectionPage","mainContentOfPage","WebPageBase","ikke relevant","Utelatt: ingen rolle i denne avgrensede artikkel-, navigasjons- eller identitetsmodellen; ikke et krav om full Schema.org-utfylling.","Schema.org-semantikk. Ikke dokumentert her som et Google Article-/Breadcrumb rich-result-felt; ingen visningsgaranti.","https://schema.org/mainContentOfPage"
"CollectionPage","primaryImageOfPage","WebPageBase","ikke relevant","Utelatt: ingen rolle i denne avgrensede artikkel-, navigasjons- eller identitetsmodellen; ikke et krav om full Schema.org-utfylling.","Schema.org-semantikk. Ikke dokumentert her som et Google Article-/Breadcrumb rich-result-felt; ingen visningsgaranti.","https://schema.org/primaryImageOfPage"
"CollectionPage","relatedLink","WebPageBase","ikke relevant","Utelatt: ingen rolle i denne avgrensede artikkel-, navigasjons- eller identitetsmodellen; ikke et krav om full Schema.org-utfylling.","Schema.org-semantikk. Ikke dokumentert her som et Google Article-/Breadcrumb rich-result-felt; ingen visningsgaranti.","https://schema.org/relatedLink"
"CollectionPage","reviewedBy","WebPageBase","manglende dokumentasjon","Ikke publisert uten dokumentert verdi/rettighet/identitet; valgfritt felt.","Schema.org-semantikk. Ikke dokumentert her som et Google Article-/Breadcrumb rich-result-felt; ingen visningsgaranti.","https://schema.org/reviewedBy"
"CollectionPage","significantLink","WebPageBase","ikke relevant","Utelatt: ingen rolle i denne avgrensede artikkel-, navigasjons- eller identitetsmodellen; ikke et krav om full Schema.org-utfylling.","Schema.org-semantikk. Ikke dokumentert her som et Google Article-/Breadcrumb rich-result-felt; ingen visningsgaranti.","https://schema.org/significantLink"
"CollectionPage","significantLinks","WebPageBase","ikke relevant","Utelatt: ingen rolle i denne avgrensede artikkel-, navigasjons- eller identitetsmodellen; ikke et krav om full Schema.org-utfylling.","Schema.org-semantikk. Ikke dokumentert her som et Google Article-/Breadcrumb rich-result-felt; ingen visningsgaranti.","https://schema.org/significantLinks"
"CollectionPage","speakable","WebPageBase","ikke relevant","Utelatt: ingen rolle i denne avgrensede artikkel-, navigasjons- eller identitetsmodellen; ikke et krav om full Schema.org-utfylling.","Schema.org-semantikk. Ikke dokumentert her som et Google Article-/Breadcrumb rich-result-felt; ingen visningsgaranti.","https://schema.org/speakable"
"CollectionPage","specialty","WebPageBase","ikke relevant","Utelatt: ingen rolle i denne avgrensede artikkel-, navigasjons- eller identitetsmodellen; ikke et krav om full Schema.org-utfylling.","Schema.org-semantikk. Ikke dokumentert her som et Google Article-/Breadcrumb rich-result-felt; ingen visningsgaranti.","https://schema.org/specialty"
"CollectionPage","about","CreativeWorkBase","ikke relevant","Utelatt: ingen rolle i denne avgrensede artikkel-, navigasjons- eller identitetsmodellen; ikke et krav om full Schema.org-utfylling.","Schema.org-semantikk. Ikke dokumentert her som et Google Article-/Breadcrumb rich-result-felt; ingen visningsgaranti.","https://schema.org/about"
"CollectionPage","abstract","CreativeWorkBase","ikke relevant","Utelatt: ingen rolle i denne avgrensede artikkel-, navigasjons- eller identitetsmodellen; ikke et krav om full Schema.org-utfylling.","Schema.org-semantikk. Ikke dokumentert her som et Google Article-/Breadcrumb rich-result-felt; ingen visningsgaranti.","https://schema.org/abstract"
"CollectionPage","accessibilityAPI","CreativeWorkBase","ikke relevant","Utelatt: ingen rolle i denne avgrensede artikkel-, navigasjons- eller identitetsmodellen; ikke et krav om full Schema.org-utfylling.","Schema.org-semantikk. Ikke dokumentert her som et Google Article-/Breadcrumb rich-result-felt; ingen visningsgaranti.","https://schema.org/accessibilityAPI"
"CollectionPage","accessibilityControl","CreativeWorkBase","ikke relevant","Utelatt: ingen rolle i denne avgrensede artikkel-, navigasjons- eller identitetsmodellen; ikke et krav om full Schema.org-utfylling.","Schema.org-semantikk. Ikke dokumentert her som et Google Article-/Breadcrumb rich-result-felt; ingen visningsgaranti.","https://schema.org/accessibilityControl"
"CollectionPage","accessibilityFeature","CreativeWorkBase","ikke relevant","Utelatt: ingen rolle i denne avgrensede artikkel-, navigasjons- eller identitetsmodellen; ikke et krav om full Schema.org-utfylling.","Schema.org-semantikk. Ikke dokumentert her som et Google Article-/Breadcrumb rich-result-felt; ingen visningsgaranti.","https://schema.org/accessibilityFeature"
"CollectionPage","accessibilityHazard","CreativeWorkBase","ikke relevant","Utelatt: ingen rolle i denne avgrensede artikkel-, navigasjons- eller identitetsmodellen; ikke et krav om full Schema.org-utfylling.","Schema.org-semantikk. Ikke dokumentert her som et Google Article-/Breadcrumb rich-result-felt; ingen visningsgaranti.","https://schema.org/accessibilityHazard"
"CollectionPage","accessibilitySummary","CreativeWorkBase","ikke relevant","Utelatt: ingen rolle i denne avgrensede artikkel-, navigasjons- eller identitetsmodellen; ikke et krav om full Schema.org-utfylling.","Schema.org-semantikk. Ikke dokumentert her som et Google Article-/Breadcrumb rich-result-felt; ingen visningsgaranti.","https://schema.org/accessibilitySummary"
"CollectionPage","accessMode","CreativeWorkBase","ikke relevant","Utelatt: ingen rolle i denne avgrensede artikkel-, navigasjons- eller identitetsmodellen; ikke et krav om full Schema.org-utfylling.","Schema.org-semantikk. Ikke dokumentert her som et Google Article-/Breadcrumb rich-result-felt; ingen visningsgaranti.","https://schema.org/accessMode"
"CollectionPage","accessModeSufficient","CreativeWorkBase","ikke relevant","Utelatt: ingen rolle i denne avgrensede artikkel-, navigasjons- eller identitetsmodellen; ikke et krav om full Schema.org-utfylling.","Schema.org-semantikk. Ikke dokumentert her som et Google Article-/Breadcrumb rich-result-felt; ingen visningsgaranti.","https://schema.org/accessModeSufficient"
"CollectionPage","accountablePerson","CreativeWorkBase","manglende dokumentasjon","Ikke publisert uten dokumentert verdi/rettighet/identitet; valgfritt felt.","Schema.org-semantikk. Ikke dokumentert her som et Google Article-/Breadcrumb rich-result-felt; ingen visningsgaranti.","https://schema.org/accountablePerson"
"CollectionPage","acquireLicensePage","CreativeWorkBase","manglende dokumentasjon","Ikke publisert uten dokumentert verdi/rettighet/identitet; valgfritt felt.","Schema.org-semantikk. Ikke dokumentert her som et Google Article-/Breadcrumb rich-result-felt; ingen visningsgaranti.","https://schema.org/acquireLicensePage"
"CollectionPage","aggregateRating","CreativeWorkBase","ikke relevant","Utelatt: ingen rolle i denne avgrensede artikkel-, navigasjons- eller identitetsmodellen; ikke et krav om full Schema.org-utfylling.","Schema.org-semantikk. Ikke dokumentert her som et Google Article-/Breadcrumb rich-result-felt; ingen visningsgaranti.","https://schema.org/aggregateRating"
"CollectionPage","alternativeHeadline","CreativeWorkBase","ikke relevant","Utelatt: ingen rolle i denne avgrensede artikkel-, navigasjons- eller identitetsmodellen; ikke et krav om full Schema.org-utfylling.","Schema.org-semantikk. Ikke dokumentert her som et Google Article-/Breadcrumb rich-result-felt; ingen visningsgaranti.","https://schema.org/alternativeHeadline"
"CollectionPage","archivedAt","CreativeWorkBase","ikke relevant","Utelatt: ingen rolle i denne avgrensede artikkel-, navigasjons- eller identitetsmodellen; ikke et krav om full Schema.org-utfylling.","Schema.org-semantikk. Ikke dokumentert her som et Google Article-/Breadcrumb rich-result-felt; ingen visningsgaranti.","https://schema.org/archivedAt"
"CollectionPage","assesses","CreativeWorkBase","ikke relevant","Utelatt: ingen rolle i denne avgrensede artikkel-, navigasjons- eller identitetsmodellen; ikke et krav om full Schema.org-utfylling.","Schema.org-semantikk. Ikke dokumentert her som et Google Article-/Breadcrumb rich-result-felt; ingen visningsgaranti.","https://schema.org/assesses"
"CollectionPage","associatedMedia","CreativeWorkBase","ikke relevant","Utelatt: ingen rolle i denne avgrensede artikkel-, navigasjons- eller identitetsmodellen; ikke et krav om full Schema.org-utfylling.","Schema.org-semantikk. Ikke dokumentert her som et Google Article-/Breadcrumb rich-result-felt; ingen visningsgaranti.","https://schema.org/associatedMedia"
"CollectionPage","audience","CreativeWorkBase","ikke relevant","Utelatt: ingen rolle i denne avgrensede artikkel-, navigasjons- eller identitetsmodellen; ikke et krav om full Schema.org-utfylling.","Schema.org-semantikk. Ikke dokumentert her som et Google Article-/Breadcrumb rich-result-felt; ingen visningsgaranti.","https://schema.org/audience"
"CollectionPage","audio","CreativeWorkBase","ikke relevant","Utelatt: ingen rolle i denne avgrensede artikkel-, navigasjons- eller identitetsmodellen; ikke et krav om full Schema.org-utfylling.","Schema.org-semantikk. Ikke dokumentert her som et Google Article-/Breadcrumb rich-result-felt; ingen visningsgaranti.","https://schema.org/audio"
"CollectionPage","author","CreativeWorkBase","ikke relevant","Utelatt: ingen rolle i denne avgrensede artikkel-, navigasjons- eller identitetsmodellen; ikke et krav om full Schema.org-utfylling.","Schema.org-semantikk. Ikke dokumentert her som et Google Article-/Breadcrumb rich-result-felt; ingen visningsgaranti.","https://schema.org/author"
"CollectionPage","award","CreativeWorkBase","manglende dokumentasjon","Ikke publisert uten dokumentert verdi/rettighet/identitet; valgfritt felt.","Schema.org-semantikk. Ikke dokumentert her som et Google Article-/Breadcrumb rich-result-felt; ingen visningsgaranti.","https://schema.org/award"
"CollectionPage","awards","CreativeWorkBase","manglende dokumentasjon","Ikke publisert uten dokumentert verdi/rettighet/identitet; valgfritt felt.","Schema.org-semantikk. Ikke dokumentert her som et Google Article-/Breadcrumb rich-result-felt; ingen visningsgaranti.","https://schema.org/awards"
"CollectionPage","character","CreativeWorkBase","ikke relevant","Utelatt: ingen rolle i denne avgrensede artikkel-, navigasjons- eller identitetsmodellen; ikke et krav om full Schema.org-utfylling.","Schema.org-semantikk. Ikke dokumentert her som et Google Article-/Breadcrumb rich-result-felt; ingen visningsgaranti.","https://schema.org/character"
"CollectionPage","citation","CreativeWorkBase","ikke relevant","Utelatt: ingen rolle i denne avgrensede artikkel-, navigasjons- eller identitetsmodellen; ikke et krav om full Schema.org-utfylling.","Schema.org-semantikk. Ikke dokumentert her som et Google Article-/Breadcrumb rich-result-felt; ingen visningsgaranti.","https://schema.org/citation"
"CollectionPage","comment","CreativeWorkBase","ikke relevant","Utelatt: ingen rolle i denne avgrensede artikkel-, navigasjons- eller identitetsmodellen; ikke et krav om full Schema.org-utfylling.","Schema.org-semantikk. Ikke dokumentert her som et Google Article-/Breadcrumb rich-result-felt; ingen visningsgaranti.","https://schema.org/comment"
"CollectionPage","commentCount","CreativeWorkBase","ikke relevant","Utelatt: ingen rolle i denne avgrensede artikkel-, navigasjons- eller identitetsmodellen; ikke et krav om full Schema.org-utfylling.","Schema.org-semantikk. Ikke dokumentert her som et Google Article-/Breadcrumb rich-result-felt; ingen visningsgaranti.","https://schema.org/commentCount"
"CollectionPage","conditionsOfAccess","CreativeWorkBase","ikke relevant","Utelatt: ingen rolle i denne avgrensede artikkel-, navigasjons- eller identitetsmodellen; ikke et krav om full Schema.org-utfylling.","Schema.org-semantikk. Ikke dokumentert her som et Google Article-/Breadcrumb rich-result-felt; ingen visningsgaranti.","https://schema.org/conditionsOfAccess"
"CollectionPage","contentLocation","CreativeWorkBase","ikke relevant","Utelatt: ingen rolle i denne avgrensede artikkel-, navigasjons- eller identitetsmodellen; ikke et krav om full Schema.org-utfylling.","Schema.org-semantikk. Ikke dokumentert her som et Google Article-/Breadcrumb rich-result-felt; ingen visningsgaranti.","https://schema.org/contentLocation"
"CollectionPage","contentRating","CreativeWorkBase","ikke relevant","Utelatt: ingen rolle i denne avgrensede artikkel-, navigasjons- eller identitetsmodellen; ikke et krav om full Schema.org-utfylling.","Schema.org-semantikk. Ikke dokumentert her som et Google Article-/Breadcrumb rich-result-felt; ingen visningsgaranti.","https://schema.org/contentRating"
"CollectionPage","contentReferenceTime","CreativeWorkBase","ikke relevant","Utelatt: ingen rolle i denne avgrensede artikkel-, navigasjons- eller identitetsmodellen; ikke et krav om full Schema.org-utfylling.","Schema.org-semantikk. Ikke dokumentert her som et Google Article-/Breadcrumb rich-result-felt; ingen visningsgaranti.","https://schema.org/contentReferenceTime"
"CollectionPage","contributor","CreativeWorkBase","ikke relevant","Utelatt: ingen rolle i denne avgrensede artikkel-, navigasjons- eller identitetsmodellen; ikke et krav om full Schema.org-utfylling.","Schema.org-semantikk. Ikke dokumentert her som et Google Article-/Breadcrumb rich-result-felt; ingen visningsgaranti.","https://schema.org/contributor"
"CollectionPage","copyrightHolder","CreativeWorkBase","manglende dokumentasjon","Ikke publisert uten dokumentert verdi/rettighet/identitet; valgfritt felt.","Schema.org-semantikk. Ikke dokumentert her som et Google Article-/Breadcrumb rich-result-felt; ingen visningsgaranti.","https://schema.org/copyrightHolder"
"CollectionPage","copyrightNotice","CreativeWorkBase","manglende dokumentasjon","Ikke publisert uten dokumentert verdi/rettighet/identitet; valgfritt felt.","Schema.org-semantikk. Ikke dokumentert her som et Google Article-/Breadcrumb rich-result-felt; ingen visningsgaranti.","https://schema.org/copyrightNotice"
"CollectionPage","copyrightYear","CreativeWorkBase","manglende dokumentasjon","Ikke publisert uten dokumentert verdi/rettighet/identitet; valgfritt felt.","Schema.org-semantikk. Ikke dokumentert her som et Google Article-/Breadcrumb rich-result-felt; ingen visningsgaranti.","https://schema.org/copyrightYear"
"CollectionPage","correction","CreativeWorkBase","ikke relevant","Utelatt: ingen rolle i denne avgrensede artikkel-, navigasjons- eller identitetsmodellen; ikke et krav om full Schema.org-utfylling.","Schema.org-semantikk. Ikke dokumentert her som et Google Article-/Breadcrumb rich-result-felt; ingen visningsgaranti.","https://schema.org/correction"
"CollectionPage","countryOfOrigin","CreativeWorkBase","ikke relevant","Utelatt: ingen rolle i denne avgrensede artikkel-, navigasjons- eller identitetsmodellen; ikke et krav om full Schema.org-utfylling.","Schema.org-semantikk. Ikke dokumentert her som et Google Article-/Breadcrumb rich-result-felt; ingen visningsgaranti.","https://schema.org/countryOfOrigin"
"CollectionPage","creativeWorkStatus","CreativeWorkBase","ikke relevant","Utelatt: ingen rolle i denne avgrensede artikkel-, navigasjons- eller identitetsmodellen; ikke et krav om full Schema.org-utfylling.","Schema.org-semantikk. Ikke dokumentert her som et Google Article-/Breadcrumb rich-result-felt; ingen visningsgaranti.","https://schema.org/creativeWorkStatus"
"CollectionPage","creator","CreativeWorkBase","manglende dokumentasjon","Ikke publisert uten dokumentert verdi/rettighet/identitet; valgfritt felt.","Schema.org-semantikk. Ikke dokumentert her som et Google Article-/Breadcrumb rich-result-felt; ingen visningsgaranti.","https://schema.org/creator"
"CollectionPage","creditText","CreativeWorkBase","manglende dokumentasjon","Ikke publisert uten dokumentert verdi/rettighet/identitet; valgfritt felt.","Schema.org-semantikk. Ikke dokumentert her som et Google Article-/Breadcrumb rich-result-felt; ingen visningsgaranti.","https://schema.org/creditText"
"CollectionPage","dateCreated","CreativeWorkBase","manglende dokumentasjon","Ikke publisert uten dokumentert verdi/rettighet/identitet; valgfritt felt.","Schema.org-semantikk. Ikke dokumentert her som et Google Article-/Breadcrumb rich-result-felt; ingen visningsgaranti.","https://schema.org/dateCreated"
"CollectionPage","dateModified","CreativeWorkBase","manglende dokumentasjon","Ikke publisert uten dokumentert verdi/rettighet/identitet; valgfritt felt.","Schema.org-semantikk. Ikke dokumentert her som et Google Article-/Breadcrumb rich-result-felt; ingen visningsgaranti.","https://schema.org/dateModified"
"CollectionPage","datePublished","CreativeWorkBase","manglende dokumentasjon","Ikke publisert uten dokumentert verdi/rettighet/identitet; valgfritt felt.","Schema.org-semantikk. Ikke dokumentert her som et Google Article-/Breadcrumb rich-result-felt; ingen visningsgaranti.","https://schema.org/datePublished"
"CollectionPage","digitalSourceType","CreativeWorkBase","ikke relevant","Utelatt: ingen rolle i denne avgrensede artikkel-, navigasjons- eller identitetsmodellen; ikke et krav om full Schema.org-utfylling.","Schema.org-semantikk. Ikke dokumentert her som et Google Article-/Breadcrumb rich-result-felt; ingen visningsgaranti.","https://schema.org/digitalSourceType"
"CollectionPage","discussionUrl","CreativeWorkBase","manglende dokumentasjon","Ikke publisert uten dokumentert verdi/rettighet/identitet; valgfritt felt.","Schema.org-semantikk. Ikke dokumentert her som et Google Article-/Breadcrumb rich-result-felt; ingen visningsgaranti.","https://schema.org/discussionUrl"
"CollectionPage","displayLocation","CreativeWorkBase","ikke relevant","Utelatt: ingen rolle i denne avgrensede artikkel-, navigasjons- eller identitetsmodellen; ikke et krav om full Schema.org-utfylling.","Schema.org-semantikk. Ikke dokumentert her som et Google Article-/Breadcrumb rich-result-felt; ingen visningsgaranti.","https://schema.org/displayLocation"
"CollectionPage","editEIDR","CreativeWorkBase","ikke relevant","Utelatt: ingen rolle i denne avgrensede artikkel-, navigasjons- eller identitetsmodellen; ikke et krav om full Schema.org-utfylling.","Schema.org-semantikk. Ikke dokumentert her som et Google Article-/Breadcrumb rich-result-felt; ingen visningsgaranti.","https://schema.org/editEIDR"
"CollectionPage","editor","CreativeWorkBase","manglende dokumentasjon","Ikke publisert uten dokumentert verdi/rettighet/identitet; valgfritt felt.","Schema.org-semantikk. Ikke dokumentert her som et Google Article-/Breadcrumb rich-result-felt; ingen visningsgaranti.","https://schema.org/editor"
"CollectionPage","educationalAlignment","CreativeWorkBase","ikke relevant","Utelatt: ingen rolle i denne avgrensede artikkel-, navigasjons- eller identitetsmodellen; ikke et krav om full Schema.org-utfylling.","Schema.org-semantikk. Ikke dokumentert her som et Google Article-/Breadcrumb rich-result-felt; ingen visningsgaranti.","https://schema.org/educationalAlignment"
"CollectionPage","educationalLevel","CreativeWorkBase","ikke relevant","Utelatt: ingen rolle i denne avgrensede artikkel-, navigasjons- eller identitetsmodellen; ikke et krav om full Schema.org-utfylling.","Schema.org-semantikk. Ikke dokumentert her som et Google Article-/Breadcrumb rich-result-felt; ingen visningsgaranti.","https://schema.org/educationalLevel"
"CollectionPage","educationalUse","CreativeWorkBase","ikke relevant","Utelatt: ingen rolle i denne avgrensede artikkel-, navigasjons- eller identitetsmodellen; ikke et krav om full Schema.org-utfylling.","Schema.org-semantikk. Ikke dokumentert her som et Google Article-/Breadcrumb rich-result-felt; ingen visningsgaranti.","https://schema.org/educationalUse"
"CollectionPage","encoding","CreativeWorkBase","ikke relevant","Utelatt: ingen rolle i denne avgrensede artikkel-, navigasjons- eller identitetsmodellen; ikke et krav om full Schema.org-utfylling.","Schema.org-semantikk. Ikke dokumentert her som et Google Article-/Breadcrumb rich-result-felt; ingen visningsgaranti.","https://schema.org/encoding"
"CollectionPage","encodingFormat","CreativeWorkBase","ikke relevant","Utelatt: ingen rolle i denne avgrensede artikkel-, navigasjons- eller identitetsmodellen; ikke et krav om full Schema.org-utfylling.","Schema.org-semantikk. Ikke dokumentert her som et Google Article-/Breadcrumb rich-result-felt; ingen visningsgaranti.","https://schema.org/encodingFormat"
"CollectionPage","encodings","CreativeWorkBase","ikke relevant","Utelatt: ingen rolle i denne avgrensede artikkel-, navigasjons- eller identitetsmodellen; ikke et krav om full Schema.org-utfylling.","Schema.org-semantikk. Ikke dokumentert her som et Google Article-/Breadcrumb rich-result-felt; ingen visningsgaranti.","https://schema.org/encodings"
"CollectionPage","exampleOfWork","CreativeWorkBase","ikke relevant","Utelatt: ingen rolle i denne avgrensede artikkel-, navigasjons- eller identitetsmodellen; ikke et krav om full Schema.org-utfylling.","Schema.org-semantikk. Ikke dokumentert her som et Google Article-/Breadcrumb rich-result-felt; ingen visningsgaranti.","https://schema.org/exampleOfWork"
"CollectionPage","expires","CreativeWorkBase","ikke relevant","Utelatt: ingen rolle i denne avgrensede artikkel-, navigasjons- eller identitetsmodellen; ikke et krav om full Schema.org-utfylling.","Schema.org-semantikk. Ikke dokumentert her som et Google Article-/Breadcrumb rich-result-felt; ingen visningsgaranti.","https://schema.org/expires"
"CollectionPage","fileFormat","CreativeWorkBase","ikke relevant","Utelatt: ingen rolle i denne avgrensede artikkel-, navigasjons- eller identitetsmodellen; ikke et krav om full Schema.org-utfylling.","Schema.org-semantikk. Ikke dokumentert her som et Google Article-/Breadcrumb rich-result-felt; ingen visningsgaranti.","https://schema.org/fileFormat"
"CollectionPage","funder","CreativeWorkBase","manglende dokumentasjon","Ikke publisert uten dokumentert verdi/rettighet/identitet; valgfritt felt.","Schema.org-semantikk. Ikke dokumentert her som et Google Article-/Breadcrumb rich-result-felt; ingen visningsgaranti.","https://schema.org/funder"
"CollectionPage","funding","CreativeWorkBase","manglende dokumentasjon","Ikke publisert uten dokumentert verdi/rettighet/identitet; valgfritt felt.","Schema.org-semantikk. Ikke dokumentert her som et Google Article-/Breadcrumb rich-result-felt; ingen visningsgaranti.","https://schema.org/funding"
"CollectionPage","genre","CreativeWorkBase","ikke relevant","Utelatt: ingen rolle i denne avgrensede artikkel-, navigasjons- eller identitetsmodellen; ikke et krav om full Schema.org-utfylling.","Schema.org-semantikk. Ikke dokumentert her som et Google Article-/Breadcrumb rich-result-felt; ingen visningsgaranti.","https://schema.org/genre"
"CollectionPage","hasPart","CreativeWorkBase","ikke relevant","Utelatt: ingen rolle i denne avgrensede artikkel-, navigasjons- eller identitetsmodellen; ikke et krav om full Schema.org-utfylling.","Schema.org-semantikk. Ikke dokumentert her som et Google Article-/Breadcrumb rich-result-felt; ingen visningsgaranti.","https://schema.org/hasPart"
"CollectionPage","headline","CreativeWorkBase","ikke relevant","Utelatt: ingen rolle i denne avgrensede artikkel-, navigasjons- eller identitetsmodellen; ikke et krav om full Schema.org-utfylling.","Schema.org-semantikk. Ikke dokumentert her som et Google Article-/Breadcrumb rich-result-felt; ingen visningsgaranti.","https://schema.org/headline"
"CollectionPage","inLanguage","CreativeWorkBase","implementert","Bygges fra det validerte registeret eller fast, dokumentert nettstedsidentitet.","Schema.org-semantikk. Ikke dokumentert her som et Google Article-/Breadcrumb rich-result-felt; ingen visningsgaranti.","https://schema.org/inLanguage"
"CollectionPage","interactionStatistic","CreativeWorkBase","ikke relevant","Utelatt: ingen rolle i denne avgrensede artikkel-, navigasjons- eller identitetsmodellen; ikke et krav om full Schema.org-utfylling.","Schema.org-semantikk. Ikke dokumentert her som et Google Article-/Breadcrumb rich-result-felt; ingen visningsgaranti.","https://schema.org/interactionStatistic"
"CollectionPage","interactivityType","CreativeWorkBase","ikke relevant","Utelatt: ingen rolle i denne avgrensede artikkel-, navigasjons- eller identitetsmodellen; ikke et krav om full Schema.org-utfylling.","Schema.org-semantikk. Ikke dokumentert her som et Google Article-/Breadcrumb rich-result-felt; ingen visningsgaranti.","https://schema.org/interactivityType"
"CollectionPage","interpretedAsClaim","CreativeWorkBase","ikke relevant","Utelatt: ingen rolle i denne avgrensede artikkel-, navigasjons- eller identitetsmodellen; ikke et krav om full Schema.org-utfylling.","Schema.org-semantikk. Ikke dokumentert her som et Google Article-/Breadcrumb rich-result-felt; ingen visningsgaranti.","https://schema.org/interpretedAsClaim"
"CollectionPage","isAccessibleForFree","CreativeWorkBase","ikke relevant","Utelatt: ingen rolle i denne avgrensede artikkel-, navigasjons- eller identitetsmodellen; ikke et krav om full Schema.org-utfylling.","Schema.org-semantikk. Ikke dokumentert her som et Google Article-/Breadcrumb rich-result-felt; ingen visningsgaranti.","https://schema.org/isAccessibleForFree"
"CollectionPage","isBasedOn","CreativeWorkBase","manglende dokumentasjon","Ikke publisert uten dokumentert verdi/rettighet/identitet; valgfritt felt.","Schema.org-semantikk. Ikke dokumentert her som et Google Article-/Breadcrumb rich-result-felt; ingen visningsgaranti.","https://schema.org/isBasedOn"
"CollectionPage","isBasedOnUrl","CreativeWorkBase","ikke relevant","Utelatt: ingen rolle i denne avgrensede artikkel-, navigasjons- eller identitetsmodellen; ikke et krav om full Schema.org-utfylling.","Schema.org-semantikk. Ikke dokumentert her som et Google Article-/Breadcrumb rich-result-felt; ingen visningsgaranti.","https://schema.org/isBasedOnUrl"
"CollectionPage","isFamilyFriendly","CreativeWorkBase","ikke relevant","Utelatt: ingen rolle i denne avgrensede artikkel-, navigasjons- eller identitetsmodellen; ikke et krav om full Schema.org-utfylling.","Schema.org-semantikk. Ikke dokumentert her som et Google Article-/Breadcrumb rich-result-felt; ingen visningsgaranti.","https://schema.org/isFamilyFriendly"
"CollectionPage","isPartOf","CreativeWorkBase","implementert","Bygges fra det validerte registeret eller fast, dokumentert nettstedsidentitet.","Schema.org-semantikk. Ikke dokumentert her som et Google Article-/Breadcrumb rich-result-felt; ingen visningsgaranti.","https://schema.org/isPartOf"
"CollectionPage","keywords","CreativeWorkBase","ikke relevant","Utelatt: ingen rolle i denne avgrensede artikkel-, navigasjons- eller identitetsmodellen; ikke et krav om full Schema.org-utfylling.","Schema.org-semantikk. Ikke dokumentert her som et Google Article-/Breadcrumb rich-result-felt; ingen visningsgaranti.","https://schema.org/keywords"
"CollectionPage","learningResourceType","CreativeWorkBase","ikke relevant","Utelatt: ingen rolle i denne avgrensede artikkel-, navigasjons- eller identitetsmodellen; ikke et krav om full Schema.org-utfylling.","Schema.org-semantikk. Ikke dokumentert her som et Google Article-/Breadcrumb rich-result-felt; ingen visningsgaranti.","https://schema.org/learningResourceType"
"CollectionPage","license","CreativeWorkBase","manglende dokumentasjon","Ikke publisert uten dokumentert verdi/rettighet/identitet; valgfritt felt.","Schema.org-semantikk. Ikke dokumentert her som et Google Article-/Breadcrumb rich-result-felt; ingen visningsgaranti.","https://schema.org/license"
"CollectionPage","locationCreated","CreativeWorkBase","manglende dokumentasjon","Ikke publisert uten dokumentert verdi/rettighet/identitet; valgfritt felt.","Schema.org-semantikk. Ikke dokumentert her som et Google Article-/Breadcrumb rich-result-felt; ingen visningsgaranti.","https://schema.org/locationCreated"
"CollectionPage","mainEntity","CreativeWorkBase","implementert","Bygges fra det validerte registeret eller fast, dokumentert nettstedsidentitet.","Schema.org-semantikk. Ikke dokumentert her som et Google Article-/Breadcrumb rich-result-felt; ingen visningsgaranti.","https://schema.org/mainEntity"
"CollectionPage","maintainer","CreativeWorkBase","manglende dokumentasjon","Ikke publisert uten dokumentert verdi/rettighet/identitet; valgfritt felt.","Schema.org-semantikk. Ikke dokumentert her som et Google Article-/Breadcrumb rich-result-felt; ingen visningsgaranti.","https://schema.org/maintainer"
"CollectionPage","material","CreativeWorkBase","ikke relevant","Utelatt: ingen rolle i denne avgrensede artikkel-, navigasjons- eller identitetsmodellen; ikke et krav om full Schema.org-utfylling.","Schema.org-semantikk. Ikke dokumentert her som et Google Article-/Breadcrumb rich-result-felt; ingen visningsgaranti.","https://schema.org/material"
"CollectionPage","materialExtent","CreativeWorkBase","ikke relevant","Utelatt: ingen rolle i denne avgrensede artikkel-, navigasjons- eller identitetsmodellen; ikke et krav om full Schema.org-utfylling.","Schema.org-semantikk. Ikke dokumentert her som et Google Article-/Breadcrumb rich-result-felt; ingen visningsgaranti.","https://schema.org/materialExtent"
"CollectionPage","mentions","CreativeWorkBase","ikke relevant","Utelatt: ingen rolle i denne avgrensede artikkel-, navigasjons- eller identitetsmodellen; ikke et krav om full Schema.org-utfylling.","Schema.org-semantikk. Ikke dokumentert her som et Google Article-/Breadcrumb rich-result-felt; ingen visningsgaranti.","https://schema.org/mentions"
"CollectionPage","offers","CreativeWorkBase","ikke relevant","Utelatt: ingen rolle i denne avgrensede artikkel-, navigasjons- eller identitetsmodellen; ikke et krav om full Schema.org-utfylling.","Schema.org-semantikk. Ikke dokumentert her som et Google Article-/Breadcrumb rich-result-felt; ingen visningsgaranti.","https://schema.org/offers"
"CollectionPage","pattern","CreativeWorkBase","ikke relevant","Utelatt: ingen rolle i denne avgrensede artikkel-, navigasjons- eller identitetsmodellen; ikke et krav om full Schema.org-utfylling.","Schema.org-semantikk. Ikke dokumentert her som et Google Article-/Breadcrumb rich-result-felt; ingen visningsgaranti.","https://schema.org/pattern"
"CollectionPage","position","CreativeWorkBase","ikke relevant","Utelatt: ingen rolle i denne avgrensede artikkel-, navigasjons- eller identitetsmodellen; ikke et krav om full Schema.org-utfylling.","Schema.org-semantikk. Ikke dokumentert her som et Google Article-/Breadcrumb rich-result-felt; ingen visningsgaranti.","https://schema.org/position"
"CollectionPage","producer","CreativeWorkBase","ikke relevant","Utelatt: ingen rolle i denne avgrensede artikkel-, navigasjons- eller identitetsmodellen; ikke et krav om full Schema.org-utfylling.","Schema.org-semantikk. Ikke dokumentert her som et Google Article-/Breadcrumb rich-result-felt; ingen visningsgaranti.","https://schema.org/producer"
"CollectionPage","provider","CreativeWorkBase","ikke relevant","Utelatt: ingen rolle i denne avgrensede artikkel-, navigasjons- eller identitetsmodellen; ikke et krav om full Schema.org-utfylling.","Schema.org-semantikk. Ikke dokumentert her som et Google Article-/Breadcrumb rich-result-felt; ingen visningsgaranti.","https://schema.org/provider"
"CollectionPage","publication","CreativeWorkBase","ikke relevant","Utelatt: ingen rolle i denne avgrensede artikkel-, navigasjons- eller identitetsmodellen; ikke et krav om full Schema.org-utfylling.","Schema.org-semantikk. Ikke dokumentert her som et Google Article-/Breadcrumb rich-result-felt; ingen visningsgaranti.","https://schema.org/publication"
"CollectionPage","publisher","CreativeWorkBase","ikke relevant","Utelatt: ingen rolle i denne avgrensede artikkel-, navigasjons- eller identitetsmodellen; ikke et krav om full Schema.org-utfylling.","Schema.org-semantikk. Ikke dokumentert her som et Google Article-/Breadcrumb rich-result-felt; ingen visningsgaranti.","https://schema.org/publisher"
"CollectionPage","publisherImprint","CreativeWorkBase","ikke relevant","Utelatt: ingen rolle i denne avgrensede artikkel-, navigasjons- eller identitetsmodellen; ikke et krav om full Schema.org-utfylling.","Schema.org-semantikk. Ikke dokumentert her som et Google Article-/Breadcrumb rich-result-felt; ingen visningsgaranti.","https://schema.org/publisherImprint"
"CollectionPage","publishingPrinciples","CreativeWorkBase","manglende dokumentasjon","Ikke publisert uten dokumentert verdi/rettighet/identitet; valgfritt felt.","Schema.org-semantikk. Ikke dokumentert her som et Google Article-/Breadcrumb rich-result-felt; ingen visningsgaranti.","https://schema.org/publishingPrinciples"
"CollectionPage","recordedAt","CreativeWorkBase","ikke relevant","Utelatt: ingen rolle i denne avgrensede artikkel-, navigasjons- eller identitetsmodellen; ikke et krav om full Schema.org-utfylling.","Schema.org-semantikk. Ikke dokumentert her som et Google Article-/Breadcrumb rich-result-felt; ingen visningsgaranti.","https://schema.org/recordedAt"
"CollectionPage","releasedEvent","CreativeWorkBase","ikke relevant","Utelatt: ingen rolle i denne avgrensede artikkel-, navigasjons- eller identitetsmodellen; ikke et krav om full Schema.org-utfylling.","Schema.org-semantikk. Ikke dokumentert her som et Google Article-/Breadcrumb rich-result-felt; ingen visningsgaranti.","https://schema.org/releasedEvent"
"CollectionPage","review","CreativeWorkBase","manglende dokumentasjon","Ikke publisert uten dokumentert verdi/rettighet/identitet; valgfritt felt.","Schema.org-semantikk. Ikke dokumentert her som et Google Article-/Breadcrumb rich-result-felt; ingen visningsgaranti.","https://schema.org/review"
"CollectionPage","reviews","CreativeWorkBase","ikke relevant","Utelatt: ingen rolle i denne avgrensede artikkel-, navigasjons- eller identitetsmodellen; ikke et krav om full Schema.org-utfylling.","Schema.org-semantikk. Ikke dokumentert her som et Google Article-/Breadcrumb rich-result-felt; ingen visningsgaranti.","https://schema.org/reviews"
"CollectionPage","schemaVersion","CreativeWorkBase","ikke relevant","Utelatt: ingen rolle i denne avgrensede artikkel-, navigasjons- eller identitetsmodellen; ikke et krav om full Schema.org-utfylling.","Schema.org-semantikk. Ikke dokumentert her som et Google Article-/Breadcrumb rich-result-felt; ingen visningsgaranti.","https://schema.org/schemaVersion"
"CollectionPage","sdDatePublished","CreativeWorkBase","ikke relevant","Utelatt: ingen rolle i denne avgrensede artikkel-, navigasjons- eller identitetsmodellen; ikke et krav om full Schema.org-utfylling.","Schema.org-semantikk. Ikke dokumentert her som et Google Article-/Breadcrumb rich-result-felt; ingen visningsgaranti.","https://schema.org/sdDatePublished"
"CollectionPage","sdLicense","CreativeWorkBase","ikke relevant","Utelatt: ingen rolle i denne avgrensede artikkel-, navigasjons- eller identitetsmodellen; ikke et krav om full Schema.org-utfylling.","Schema.org-semantikk. Ikke dokumentert her som et Google Article-/Breadcrumb rich-result-felt; ingen visningsgaranti.","https://schema.org/sdLicense"
"CollectionPage","sdPublisher","CreativeWorkBase","ikke relevant","Utelatt: ingen rolle i denne avgrensede artikkel-, navigasjons- eller identitetsmodellen; ikke et krav om full Schema.org-utfylling.","Schema.org-semantikk. Ikke dokumentert her som et Google Article-/Breadcrumb rich-result-felt; ingen visningsgaranti.","https://schema.org/sdPublisher"
"CollectionPage","size","CreativeWorkBase","ikke relevant","Utelatt: ingen rolle i denne avgrensede artikkel-, navigasjons- eller identitetsmodellen; ikke et krav om full Schema.org-utfylling.","Schema.org-semantikk. Ikke dokumentert her som et Google Article-/Breadcrumb rich-result-felt; ingen visningsgaranti.","https://schema.org/size"
"CollectionPage","sourceOrganization","CreativeWorkBase","ikke relevant","Utelatt: ingen rolle i denne avgrensede artikkel-, navigasjons- eller identitetsmodellen; ikke et krav om full Schema.org-utfylling.","Schema.org-semantikk. Ikke dokumentert her som et Google Article-/Breadcrumb rich-result-felt; ingen visningsgaranti.","https://schema.org/sourceOrganization"
"CollectionPage","spatial","CreativeWorkBase","ikke relevant","Utelatt: ingen rolle i denne avgrensede artikkel-, navigasjons- eller identitetsmodellen; ikke et krav om full Schema.org-utfylling.","Schema.org-semantikk. Ikke dokumentert her som et Google Article-/Breadcrumb rich-result-felt; ingen visningsgaranti.","https://schema.org/spatial"
"CollectionPage","spatialCoverage","CreativeWorkBase","ikke relevant","Utelatt: ingen rolle i denne avgrensede artikkel-, navigasjons- eller identitetsmodellen; ikke et krav om full Schema.org-utfylling.","Schema.org-semantikk. Ikke dokumentert her som et Google Article-/Breadcrumb rich-result-felt; ingen visningsgaranti.","https://schema.org/spatialCoverage"
"CollectionPage","sponsor","CreativeWorkBase","manglende dokumentasjon","Ikke publisert uten dokumentert verdi/rettighet/identitet; valgfritt felt.","Schema.org-semantikk. Ikke dokumentert her som et Google Article-/Breadcrumb rich-result-felt; ingen visningsgaranti.","https://schema.org/sponsor"
"CollectionPage","teaches","CreativeWorkBase","ikke relevant","Utelatt: ingen rolle i denne avgrensede artikkel-, navigasjons- eller identitetsmodellen; ikke et krav om full Schema.org-utfylling.","Schema.org-semantikk. Ikke dokumentert her som et Google Article-/Breadcrumb rich-result-felt; ingen visningsgaranti.","https://schema.org/teaches"
"CollectionPage","temporal","CreativeWorkBase","ikke relevant","Utelatt: ingen rolle i denne avgrensede artikkel-, navigasjons- eller identitetsmodellen; ikke et krav om full Schema.org-utfylling.","Schema.org-semantikk. Ikke dokumentert her som et Google Article-/Breadcrumb rich-result-felt; ingen visningsgaranti.","https://schema.org/temporal"
"CollectionPage","temporalCoverage","CreativeWorkBase","manglende dokumentasjon","Ikke publisert uten dokumentert verdi/rettighet/identitet; valgfritt felt.","Schema.org-semantikk. Ikke dokumentert her som et Google Article-/Breadcrumb rich-result-felt; ingen visningsgaranti.","https://schema.org/temporalCoverage"
"CollectionPage","text","CreativeWorkBase","ikke relevant","Utelatt: ingen rolle i denne avgrensede artikkel-, navigasjons- eller identitetsmodellen; ikke et krav om full Schema.org-utfylling.","Schema.org-semantikk. Ikke dokumentert her som et Google Article-/Breadcrumb rich-result-felt; ingen visningsgaranti.","https://schema.org/text"
"CollectionPage","thumbnail","CreativeWorkBase","ikke relevant","Utelatt: ingen rolle i denne avgrensede artikkel-, navigasjons- eller identitetsmodellen; ikke et krav om full Schema.org-utfylling.","Schema.org-semantikk. Ikke dokumentert her som et Google Article-/Breadcrumb rich-result-felt; ingen visningsgaranti.","https://schema.org/thumbnail"
"CollectionPage","thumbnailUrl","CreativeWorkBase","ikke relevant","Utelatt: ingen rolle i denne avgrensede artikkel-, navigasjons- eller identitetsmodellen; ikke et krav om full Schema.org-utfylling.","Schema.org-semantikk. Ikke dokumentert her som et Google Article-/Breadcrumb rich-result-felt; ingen visningsgaranti.","https://schema.org/thumbnailUrl"
"CollectionPage","timeRequired","CreativeWorkBase","ikke relevant","Utelatt: ingen rolle i denne avgrensede artikkel-, navigasjons- eller identitetsmodellen; ikke et krav om full Schema.org-utfylling.","Schema.org-semantikk. Ikke dokumentert her som et Google Article-/Breadcrumb rich-result-felt; ingen visningsgaranti.","https://schema.org/timeRequired"
"CollectionPage","translationOfWork","CreativeWorkBase","ikke relevant","Utelatt: ingen rolle i denne avgrensede artikkel-, navigasjons- eller identitetsmodellen; ikke et krav om full Schema.org-utfylling.","Schema.org-semantikk. Ikke dokumentert her som et Google Article-/Breadcrumb rich-result-felt; ingen visningsgaranti.","https://schema.org/translationOfWork"
"CollectionPage","translator","CreativeWorkBase","manglende dokumentasjon","Ikke publisert uten dokumentert verdi/rettighet/identitet; valgfritt felt.","Schema.org-semantikk. Ikke dokumentert her som et Google Article-/Breadcrumb rich-result-felt; ingen visningsgaranti.","https://schema.org/translator"
"CollectionPage","typicalAgeRange","CreativeWorkBase","ikke relevant","Utelatt: ingen rolle i denne avgrensede artikkel-, navigasjons- eller identitetsmodellen; ikke et krav om full Schema.org-utfylling.","Schema.org-semantikk. Ikke dokumentert her som et Google Article-/Breadcrumb rich-result-felt; ingen visningsgaranti.","https://schema.org/typicalAgeRange"
"CollectionPage","usageInfo","CreativeWorkBase","ikke relevant","Utelatt: ingen rolle i denne avgrensede artikkel-, navigasjons- eller identitetsmodellen; ikke et krav om full Schema.org-utfylling.","Schema.org-semantikk. Ikke dokumentert her som et Google Article-/Breadcrumb rich-result-felt; ingen visningsgaranti.","https://schema.org/usageInfo"
"CollectionPage","version","CreativeWorkBase","manglende dokumentasjon","Ikke publisert uten dokumentert verdi/rettighet/identitet; valgfritt felt.","Schema.org-semantikk. Ikke dokumentert her som et Google Article-/Breadcrumb rich-result-felt; ingen visningsgaranti.","https://schema.org/version"
"CollectionPage","video","CreativeWorkBase","ikke relevant","Utelatt: ingen rolle i denne avgrensede artikkel-, navigasjons- eller identitetsmodellen; ikke et krav om full Schema.org-utfylling.","Schema.org-semantikk. Ikke dokumentert her som et Google Article-/Breadcrumb rich-result-felt; ingen visningsgaranti.","https://schema.org/video"
"CollectionPage","wordCount","CreativeWorkBase","ikke relevant","Utelatt: ingen rolle i denne avgrensede artikkel-, navigasjons- eller identitetsmodellen; ikke et krav om full Schema.org-utfylling.","Schema.org-semantikk. Ikke dokumentert her som et Google Article-/Breadcrumb rich-result-felt; ingen visningsgaranti.","https://schema.org/wordCount"
"CollectionPage","workExample","CreativeWorkBase","ikke relevant","Utelatt: ingen rolle i denne avgrensede artikkel-, navigasjons- eller identitetsmodellen; ikke et krav om full Schema.org-utfylling.","Schema.org-semantikk. Ikke dokumentert her som et Google Article-/Breadcrumb rich-result-felt; ingen visningsgaranti.","https://schema.org/workExample"
"CollectionPage","workTranslation","CreativeWorkBase","ikke relevant","Utelatt: ingen rolle i denne avgrensede artikkel-, navigasjons- eller identitetsmodellen; ikke et krav om full Schema.org-utfylling.","Schema.org-semantikk. Ikke dokumentert her som et Google Article-/Breadcrumb rich-result-felt; ingen visningsgaranti.","https://schema.org/workTranslation"
"CollectionPage","additionalType","ThingBase","ikke relevant","Utelatt: ingen rolle i denne avgrensede artikkel-, navigasjons- eller identitetsmodellen; ikke et krav om full Schema.org-utfylling.","Schema.org-semantikk. Ikke dokumentert her som et Google Article-/Breadcrumb rich-result-felt; ingen visningsgaranti.","https://schema.org/additionalType"
"CollectionPage","alternateName","ThingBase","ikke relevant","Utelatt: ingen rolle i denne avgrensede artikkel-, navigasjons- eller identitetsmodellen; ikke et krav om full Schema.org-utfylling.","Schema.org-semantikk. Ikke dokumentert her som et Google Article-/Breadcrumb rich-result-felt; ingen visningsgaranti.","https://schema.org/alternateName"
"CollectionPage","description","ThingBase","implementert","Bygges fra det validerte registeret eller fast, dokumentert nettstedsidentitet.","Schema.org-semantikk. Ikke dokumentert her som et Google Article-/Breadcrumb rich-result-felt; ingen visningsgaranti.","https://schema.org/description"
"CollectionPage","disambiguatingDescription","ThingBase","ikke relevant","Utelatt: ingen rolle i denne avgrensede artikkel-, navigasjons- eller identitetsmodellen; ikke et krav om full Schema.org-utfylling.","Schema.org-semantikk. Ikke dokumentert her som et Google Article-/Breadcrumb rich-result-felt; ingen visningsgaranti.","https://schema.org/disambiguatingDescription"
"CollectionPage","identifier","ThingBase","manglende dokumentasjon","Ikke publisert uten dokumentert verdi/rettighet/identitet; valgfritt felt.","Schema.org-semantikk. Ikke dokumentert her som et Google Article-/Breadcrumb rich-result-felt; ingen visningsgaranti.","https://schema.org/identifier"
"CollectionPage","image","ThingBase","ikke relevant","Utelatt: ingen rolle i denne avgrensede artikkel-, navigasjons- eller identitetsmodellen; ikke et krav om full Schema.org-utfylling.","Schema.org-semantikk. Ikke dokumentert her som et Google Article-/Breadcrumb rich-result-felt; ingen visningsgaranti.","https://schema.org/image"
"CollectionPage","mainEntityOfPage","ThingBase","ikke relevant","Utelatt: ingen rolle i denne avgrensede artikkel-, navigasjons- eller identitetsmodellen; ikke et krav om full Schema.org-utfylling.","Schema.org-semantikk. Ikke dokumentert her som et Google Article-/Breadcrumb rich-result-felt; ingen visningsgaranti.","https://schema.org/mainEntityOfPage"
"CollectionPage","name","ThingBase","implementert","Bygges fra det validerte registeret eller fast, dokumentert nettstedsidentitet.","Schema.org-semantikk. Ikke dokumentert her som et Google Article-/Breadcrumb rich-result-felt; ingen visningsgaranti.","https://schema.org/name"
"CollectionPage","owner","ThingBase","ikke relevant","Utelatt: ingen rolle i denne avgrensede artikkel-, navigasjons- eller identitetsmodellen; ikke et krav om full Schema.org-utfylling.","Schema.org-semantikk. Ikke dokumentert her som et Google Article-/Breadcrumb rich-result-felt; ingen visningsgaranti.","https://schema.org/owner"
"CollectionPage","potentialAction","ThingBase","ikke relevant","Utelatt: ingen rolle i denne avgrensede artikkel-, navigasjons- eller identitetsmodellen; ikke et krav om full Schema.org-utfylling.","Schema.org-semantikk. Ikke dokumentert her som et Google Article-/Breadcrumb rich-result-felt; ingen visningsgaranti.","https://schema.org/potentialAction"
"CollectionPage","sameAs","ThingBase","manglende dokumentasjon","Ikke publisert uten dokumentert verdi/rettighet/identitet; valgfritt felt.","Schema.org-semantikk. Ikke dokumentert her som et Google Article-/Breadcrumb rich-result-felt; ingen visningsgaranti.","https://schema.org/sameAs"
"CollectionPage","subjectOf","ThingBase","ikke relevant","Utelatt: ingen rolle i denne avgrensede artikkel-, navigasjons- eller identitetsmodellen; ikke et krav om full Schema.org-utfylling.","Schema.org-semantikk. Ikke dokumentert her som et Google Article-/Breadcrumb rich-result-felt; ingen visningsgaranti.","https://schema.org/subjectOf"
"CollectionPage","url","ThingBase","implementert","Bygges fra det validerte registeret eller fast, dokumentert nettstedsidentitet.","Schema.org-semantikk. Ikke dokumentert her som et Google Article-/Breadcrumb rich-result-felt; ingen visningsgaranti.","https://schema.org/url"
"CollectionPage","@id","IdReference","implementert","Bygges fra det validerte registeret eller fast, dokumentert nettstedsidentitet.","JSON-LD struktur/identitet.","https://www.w3.org/TR/json-ld11/"
"BreadcrumbList","@type","BreadcrumbListLeaf","implementert","Bygges fra det validerte registeret eller fast, dokumentert nettstedsidentitet.","JSON-LD struktur/identitet.","https://www.w3.org/TR/json-ld11/"
"BreadcrumbList","aggregateElement","ItemListBase","ikke relevant","Utelatt: ingen rolle i denne avgrensede artikkel-, navigasjons- eller identitetsmodellen; ikke et krav om full Schema.org-utfylling.","Schema.org-semantikk. Ikke dokumentert her som et Google Article-/Breadcrumb rich-result-felt; ingen visningsgaranti.","https://schema.org/aggregateElement"
"BreadcrumbList","itemListElement","ItemListBase","implementert","Bygges fra det validerte registeret eller fast, dokumentert nettstedsidentitet.","Dokumentert av Google for den aktuelle funksjonen; ListItem-felter gjelder BreadcrumbList, ikke en generell artikkelkarusell.","https://schema.org/itemListElement"
"BreadcrumbList","itemListOrder","ItemListBase","ikke relevant","Utelatt: ingen rolle i denne avgrensede artikkel-, navigasjons- eller identitetsmodellen; ikke et krav om full Schema.org-utfylling.","Schema.org-semantikk. Ikke dokumentert her som et Google Article-/Breadcrumb rich-result-felt; ingen visningsgaranti.","https://schema.org/itemListOrder"
"BreadcrumbList","numberOfItems","ItemListBase","ikke relevant","Utelatt: ingen rolle i denne avgrensede artikkel-, navigasjons- eller identitetsmodellen; ikke et krav om full Schema.org-utfylling.","Schema.org-semantikk. Ikke dokumentert her som et Google Article-/Breadcrumb rich-result-felt; ingen visningsgaranti.","https://schema.org/numberOfItems"
"BreadcrumbList","additionalType","ThingBase","ikke relevant","Utelatt: ingen rolle i denne avgrensede artikkel-, navigasjons- eller identitetsmodellen; ikke et krav om full Schema.org-utfylling.","Schema.org-semantikk. Ikke dokumentert her som et Google Article-/Breadcrumb rich-result-felt; ingen visningsgaranti.","https://schema.org/additionalType"
"BreadcrumbList","alternateName","ThingBase","ikke relevant","Utelatt: ingen rolle i denne avgrensede artikkel-, navigasjons- eller identitetsmodellen; ikke et krav om full Schema.org-utfylling.","Schema.org-semantikk. Ikke dokumentert her som et Google Article-/Breadcrumb rich-result-felt; ingen visningsgaranti.","https://schema.org/alternateName"
"BreadcrumbList","description","ThingBase","ikke relevant","Utelatt: ingen rolle i denne avgrensede artikkel-, navigasjons- eller identitetsmodellen; ikke et krav om full Schema.org-utfylling.","Schema.org-semantikk. Ikke dokumentert her som et Google Article-/Breadcrumb rich-result-felt; ingen visningsgaranti.","https://schema.org/description"
"BreadcrumbList","disambiguatingDescription","ThingBase","ikke relevant","Utelatt: ingen rolle i denne avgrensede artikkel-, navigasjons- eller identitetsmodellen; ikke et krav om full Schema.org-utfylling.","Schema.org-semantikk. Ikke dokumentert her som et Google Article-/Breadcrumb rich-result-felt; ingen visningsgaranti.","https://schema.org/disambiguatingDescription"
"BreadcrumbList","identifier","ThingBase","manglende dokumentasjon","Ikke publisert uten dokumentert verdi/rettighet/identitet; valgfritt felt.","Schema.org-semantikk. Ikke dokumentert her som et Google Article-/Breadcrumb rich-result-felt; ingen visningsgaranti.","https://schema.org/identifier"
"BreadcrumbList","image","ThingBase","ikke relevant","Utelatt: ingen rolle i denne avgrensede artikkel-, navigasjons- eller identitetsmodellen; ikke et krav om full Schema.org-utfylling.","Schema.org-semantikk. Ikke dokumentert her som et Google Article-/Breadcrumb rich-result-felt; ingen visningsgaranti.","https://schema.org/image"
"BreadcrumbList","mainEntityOfPage","ThingBase","ikke relevant","Utelatt: ingen rolle i denne avgrensede artikkel-, navigasjons- eller identitetsmodellen; ikke et krav om full Schema.org-utfylling.","Schema.org-semantikk. Ikke dokumentert her som et Google Article-/Breadcrumb rich-result-felt; ingen visningsgaranti.","https://schema.org/mainEntityOfPage"
"BreadcrumbList","name","ThingBase","ikke relevant","Utelatt: ingen rolle i denne avgrensede artikkel-, navigasjons- eller identitetsmodellen; ikke et krav om full Schema.org-utfylling.","Schema.org-semantikk. Ikke dokumentert her som et Google Article-/Breadcrumb rich-result-felt; ingen visningsgaranti.","https://schema.org/name"
"BreadcrumbList","owner","ThingBase","ikke relevant","Utelatt: ingen rolle i denne avgrensede artikkel-, navigasjons- eller identitetsmodellen; ikke et krav om full Schema.org-utfylling.","Schema.org-semantikk. Ikke dokumentert her som et Google Article-/Breadcrumb rich-result-felt; ingen visningsgaranti.","https://schema.org/owner"
"BreadcrumbList","potentialAction","ThingBase","ikke relevant","Utelatt: ingen rolle i denne avgrensede artikkel-, navigasjons- eller identitetsmodellen; ikke et krav om full Schema.org-utfylling.","Schema.org-semantikk. Ikke dokumentert her som et Google Article-/Breadcrumb rich-result-felt; ingen visningsgaranti.","https://schema.org/potentialAction"
"BreadcrumbList","sameAs","ThingBase","manglende dokumentasjon","Ikke publisert uten dokumentert verdi/rettighet/identitet; valgfritt felt.","Schema.org-semantikk. Ikke dokumentert her som et Google Article-/Breadcrumb rich-result-felt; ingen visningsgaranti.","https://schema.org/sameAs"
"BreadcrumbList","subjectOf","ThingBase","ikke relevant","Utelatt: ingen rolle i denne avgrensede artikkel-, navigasjons- eller identitetsmodellen; ikke et krav om full Schema.org-utfylling.","Schema.org-semantikk. Ikke dokumentert her som et Google Article-/Breadcrumb rich-result-felt; ingen visningsgaranti.","https://schema.org/subjectOf"
"BreadcrumbList","url","ThingBase","ikke relevant","Utelatt: ingen rolle i denne avgrensede artikkel-, navigasjons- eller identitetsmodellen; ikke et krav om full Schema.org-utfylling.","Schema.org-semantikk. Ikke dokumentert her som et Google Article-/Breadcrumb rich-result-felt; ingen visningsgaranti.","https://schema.org/url"
"BreadcrumbList","@id","IdReference","implementert","Bygges fra det validerte registeret eller fast, dokumentert nettstedsidentitet.","JSON-LD struktur/identitet.","https://www.w3.org/TR/json-ld11/"
"ListItem","@type","ListItemLeaf","implementert","Bygges fra det validerte registeret eller fast, dokumentert nettstedsidentitet.","JSON-LD struktur/identitet.","https://www.w3.org/TR/json-ld11/"
"ListItem","item","ListItemBase","implementert","Brødsmuler: absolutt canonical. Oversiktens liste bruker url i stedet.","Dokumentert av Google for den aktuelle funksjonen; ListItem-felter gjelder BreadcrumbList, ikke en generell artikkelkarusell.","https://schema.org/item"
"ListItem","nextItem","ListItemBase","ikke relevant","Utelatt: ingen rolle i denne avgrensede artikkel-, navigasjons- eller identitetsmodellen; ikke et krav om full Schema.org-utfylling.","Schema.org-semantikk. Ikke dokumentert her som et Google Article-/Breadcrumb rich-result-felt; ingen visningsgaranti.","https://schema.org/nextItem"
"ListItem","position","ListItemBase","implementert","Bygges fra det validerte registeret eller fast, dokumentert nettstedsidentitet.","Dokumentert av Google for den aktuelle funksjonen; ListItem-felter gjelder BreadcrumbList, ikke en generell artikkelkarusell.","https://schema.org/position"
"ListItem","previousItem","ListItemBase","ikke relevant","Utelatt: ingen rolle i denne avgrensede artikkel-, navigasjons- eller identitetsmodellen; ikke et krav om full Schema.org-utfylling.","Schema.org-semantikk. Ikke dokumentert her som et Google Article-/Breadcrumb rich-result-felt; ingen visningsgaranti.","https://schema.org/previousItem"
"ListItem","additionalType","ThingBase","ikke relevant","Utelatt: ingen rolle i denne avgrensede artikkel-, navigasjons- eller identitetsmodellen; ikke et krav om full Schema.org-utfylling.","Schema.org-semantikk. Ikke dokumentert her som et Google Article-/Breadcrumb rich-result-felt; ingen visningsgaranti.","https://schema.org/additionalType"
"ListItem","alternateName","ThingBase","ikke relevant","Utelatt: ingen rolle i denne avgrensede artikkel-, navigasjons- eller identitetsmodellen; ikke et krav om full Schema.org-utfylling.","Schema.org-semantikk. Ikke dokumentert her som et Google Article-/Breadcrumb rich-result-felt; ingen visningsgaranti.","https://schema.org/alternateName"
"ListItem","description","ThingBase","ikke relevant","Utelatt: ingen rolle i denne avgrensede artikkel-, navigasjons- eller identitetsmodellen; ikke et krav om full Schema.org-utfylling.","Schema.org-semantikk. Ikke dokumentert her som et Google Article-/Breadcrumb rich-result-felt; ingen visningsgaranti.","https://schema.org/description"
"ListItem","disambiguatingDescription","ThingBase","ikke relevant","Utelatt: ingen rolle i denne avgrensede artikkel-, navigasjons- eller identitetsmodellen; ikke et krav om full Schema.org-utfylling.","Schema.org-semantikk. Ikke dokumentert her som et Google Article-/Breadcrumb rich-result-felt; ingen visningsgaranti.","https://schema.org/disambiguatingDescription"
"ListItem","identifier","ThingBase","manglende dokumentasjon","Ikke publisert uten dokumentert verdi/rettighet/identitet; valgfritt felt.","Schema.org-semantikk. Ikke dokumentert her som et Google Article-/Breadcrumb rich-result-felt; ingen visningsgaranti.","https://schema.org/identifier"
"ListItem","image","ThingBase","ikke relevant","Utelatt: ingen rolle i denne avgrensede artikkel-, navigasjons- eller identitetsmodellen; ikke et krav om full Schema.org-utfylling.","Schema.org-semantikk. Ikke dokumentert her som et Google Article-/Breadcrumb rich-result-felt; ingen visningsgaranti.","https://schema.org/image"
"ListItem","mainEntityOfPage","ThingBase","ikke relevant","Utelatt: ingen rolle i denne avgrensede artikkel-, navigasjons- eller identitetsmodellen; ikke et krav om full Schema.org-utfylling.","Schema.org-semantikk. Ikke dokumentert her som et Google Article-/Breadcrumb rich-result-felt; ingen visningsgaranti.","https://schema.org/mainEntityOfPage"
"ListItem","name","ThingBase","implementert","Bygges fra det validerte registeret eller fast, dokumentert nettstedsidentitet.","Dokumentert av Google for den aktuelle funksjonen; ListItem-felter gjelder BreadcrumbList, ikke en generell artikkelkarusell.","https://schema.org/name"
"ListItem","owner","ThingBase","ikke relevant","Utelatt: ingen rolle i denne avgrensede artikkel-, navigasjons- eller identitetsmodellen; ikke et krav om full Schema.org-utfylling.","Schema.org-semantikk. Ikke dokumentert her som et Google Article-/Breadcrumb rich-result-felt; ingen visningsgaranti.","https://schema.org/owner"
"ListItem","potentialAction","ThingBase","ikke relevant","Utelatt: ingen rolle i denne avgrensede artikkel-, navigasjons- eller identitetsmodellen; ikke et krav om full Schema.org-utfylling.","Schema.org-semantikk. Ikke dokumentert her som et Google Article-/Breadcrumb rich-result-felt; ingen visningsgaranti.","https://schema.org/potentialAction"
"ListItem","sameAs","ThingBase","manglende dokumentasjon","Ikke publisert uten dokumentert verdi/rettighet/identitet; valgfritt felt.","Schema.org-semantikk. Ikke dokumentert her som et Google Article-/Breadcrumb rich-result-felt; ingen visningsgaranti.","https://schema.org/sameAs"
"ListItem","subjectOf","ThingBase","ikke relevant","Utelatt: ingen rolle i denne avgrensede artikkel-, navigasjons- eller identitetsmodellen; ikke et krav om full Schema.org-utfylling.","Schema.org-semantikk. Ikke dokumentert her som et Google Article-/Breadcrumb rich-result-felt; ingen visningsgaranti.","https://schema.org/subjectOf"
"ListItem","url","ThingBase","implementert","Oversikt: lenke til artikkel. Brødsmuler bruker item i stedet.","Schema.org-semantikk. Ikke dokumentert her som et Google Article-/Breadcrumb rich-result-felt; ingen visningsgaranti.","https://schema.org/url"
"ListItem","@id","IdReference","ikke relevant","Utelatt: ingen rolle i denne avgrensede artikkel-, navigasjons- eller identitetsmodellen; ikke et krav om full Schema.org-utfylling.","JSON-LD struktur/identitet.","https://www.w3.org/TR/json-ld11/"
"ItemList","@type","ItemListLeaf","implementert","Bygges fra det validerte registeret eller fast, dokumentert nettstedsidentitet.","JSON-LD struktur/identitet.","https://www.w3.org/TR/json-ld11/"
"ItemList","aggregateElement","ItemListBase","ikke relevant","Utelatt: ingen rolle i denne avgrensede artikkel-, navigasjons- eller identitetsmodellen; ikke et krav om full Schema.org-utfylling.","Schema.org-semantikk. Ikke dokumentert her som et Google Article-/Breadcrumb rich-result-felt; ingen visningsgaranti.","https://schema.org/aggregateElement"
"ItemList","itemListElement","ItemListBase","implementert","Bygges fra det validerte registeret eller fast, dokumentert nettstedsidentitet.","Schema.org-semantikk. Ikke dokumentert her som et Google Article-/Breadcrumb rich-result-felt; ingen visningsgaranti.","https://schema.org/itemListElement"
"ItemList","itemListOrder","ItemListBase","ikke relevant","Utelatt: ingen rolle i denne avgrensede artikkel-, navigasjons- eller identitetsmodellen; ikke et krav om full Schema.org-utfylling.","Schema.org-semantikk. Ikke dokumentert her som et Google Article-/Breadcrumb rich-result-felt; ingen visningsgaranti.","https://schema.org/itemListOrder"
"ItemList","numberOfItems","ItemListBase","implementert","Bygges fra det validerte registeret eller fast, dokumentert nettstedsidentitet.","Schema.org-semantikk. Ikke dokumentert her som et Google Article-/Breadcrumb rich-result-felt; ingen visningsgaranti.","https://schema.org/numberOfItems"
"ItemList","additionalType","ThingBase","ikke relevant","Utelatt: ingen rolle i denne avgrensede artikkel-, navigasjons- eller identitetsmodellen; ikke et krav om full Schema.org-utfylling.","Schema.org-semantikk. Ikke dokumentert her som et Google Article-/Breadcrumb rich-result-felt; ingen visningsgaranti.","https://schema.org/additionalType"
"ItemList","alternateName","ThingBase","ikke relevant","Utelatt: ingen rolle i denne avgrensede artikkel-, navigasjons- eller identitetsmodellen; ikke et krav om full Schema.org-utfylling.","Schema.org-semantikk. Ikke dokumentert her som et Google Article-/Breadcrumb rich-result-felt; ingen visningsgaranti.","https://schema.org/alternateName"
"ItemList","description","ThingBase","ikke relevant","Utelatt: ingen rolle i denne avgrensede artikkel-, navigasjons- eller identitetsmodellen; ikke et krav om full Schema.org-utfylling.","Schema.org-semantikk. Ikke dokumentert her som et Google Article-/Breadcrumb rich-result-felt; ingen visningsgaranti.","https://schema.org/description"
"ItemList","disambiguatingDescription","ThingBase","ikke relevant","Utelatt: ingen rolle i denne avgrensede artikkel-, navigasjons- eller identitetsmodellen; ikke et krav om full Schema.org-utfylling.","Schema.org-semantikk. Ikke dokumentert her som et Google Article-/Breadcrumb rich-result-felt; ingen visningsgaranti.","https://schema.org/disambiguatingDescription"
"ItemList","identifier","ThingBase","manglende dokumentasjon","Ikke publisert uten dokumentert verdi/rettighet/identitet; valgfritt felt.","Schema.org-semantikk. Ikke dokumentert her som et Google Article-/Breadcrumb rich-result-felt; ingen visningsgaranti.","https://schema.org/identifier"
"ItemList","image","ThingBase","ikke relevant","Utelatt: ingen rolle i denne avgrensede artikkel-, navigasjons- eller identitetsmodellen; ikke et krav om full Schema.org-utfylling.","Schema.org-semantikk. Ikke dokumentert her som et Google Article-/Breadcrumb rich-result-felt; ingen visningsgaranti.","https://schema.org/image"
"ItemList","mainEntityOfPage","ThingBase","ikke relevant","Utelatt: ingen rolle i denne avgrensede artikkel-, navigasjons- eller identitetsmodellen; ikke et krav om full Schema.org-utfylling.","Schema.org-semantikk. Ikke dokumentert her som et Google Article-/Breadcrumb rich-result-felt; ingen visningsgaranti.","https://schema.org/mainEntityOfPage"
"ItemList","name","ThingBase","ikke relevant","Utelatt: ingen rolle i denne avgrensede artikkel-, navigasjons- eller identitetsmodellen; ikke et krav om full Schema.org-utfylling.","Schema.org-semantikk. Ikke dokumentert her som et Google Article-/Breadcrumb rich-result-felt; ingen visningsgaranti.","https://schema.org/name"
"ItemList","owner","ThingBase","ikke relevant","Utelatt: ingen rolle i denne avgrensede artikkel-, navigasjons- eller identitetsmodellen; ikke et krav om full Schema.org-utfylling.","Schema.org-semantikk. Ikke dokumentert her som et Google Article-/Breadcrumb rich-result-felt; ingen visningsgaranti.","https://schema.org/owner"
"ItemList","potentialAction","ThingBase","ikke relevant","Utelatt: ingen rolle i denne avgrensede artikkel-, navigasjons- eller identitetsmodellen; ikke et krav om full Schema.org-utfylling.","Schema.org-semantikk. Ikke dokumentert her som et Google Article-/Breadcrumb rich-result-felt; ingen visningsgaranti.","https://schema.org/potentialAction"
"ItemList","sameAs","ThingBase","manglende dokumentasjon","Ikke publisert uten dokumentert verdi/rettighet/identitet; valgfritt felt.","Schema.org-semantikk. Ikke dokumentert her som et Google Article-/Breadcrumb rich-result-felt; ingen visningsgaranti.","https://schema.org/sameAs"
"ItemList","subjectOf","ThingBase","ikke relevant","Utelatt: ingen rolle i denne avgrensede artikkel-, navigasjons- eller identitetsmodellen; ikke et krav om full Schema.org-utfylling.","Schema.org-semantikk. Ikke dokumentert her som et Google Article-/Breadcrumb rich-result-felt; ingen visningsgaranti.","https://schema.org/subjectOf"
"ItemList","url","ThingBase","ikke relevant","Utelatt: ingen rolle i denne avgrensede artikkel-, navigasjons- eller identitetsmodellen; ikke et krav om full Schema.org-utfylling.","Schema.org-semantikk. Ikke dokumentert her som et Google Article-/Breadcrumb rich-result-felt; ingen visningsgaranti.","https://schema.org/url"
"ItemList","@id","IdReference","implementert","Bygges fra det validerte registeret eller fast, dokumentert nettstedsidentitet.","JSON-LD struktur/identitet.","https://www.w3.org/TR/json-ld11/"
"OnlineStore","@type","OnlineStoreLeaf","implementert","Felles identitet fra root layout. Utekos/KELC AS: BRREG 925820393 og synlig nettstedskontakt, kontrollert 2026-10-09. Sidene refererer til stabile @id-verdier.","JSON-LD struktur/identitet.","https://www.w3.org/TR/json-ld11/"
"OnlineStore","isStoreOn","OnlineStoreBase","ikke relevant","Utelatt: ingen rolle i denne avgrensede artikkel-, navigasjons- eller identitetsmodellen; ikke et krav om full Schema.org-utfylling.","Schema.org-semantikk. Ikke dokumentert her som et Google Article-/Breadcrumb rich-result-felt; ingen visningsgaranti.","https://schema.org/isStoreOn"
"OnlineStore","acceptedPaymentMethod","OrganizationBase","ikke relevant","Utelatt: ingen rolle i denne avgrensede artikkel-, navigasjons- eller identitetsmodellen; ikke et krav om full Schema.org-utfylling.","Schema.org-semantikk. Ikke dokumentert her som et Google Article-/Breadcrumb rich-result-felt; ingen visningsgaranti.","https://schema.org/acceptedPaymentMethod"
"OnlineStore","actionableFeedbackPolicy","OrganizationBase","manglende dokumentasjon","Ikke publisert uten dokumentert verdi/rettighet/identitet; valgfritt felt.","Schema.org-semantikk. Ikke dokumentert her som et Google Article-/Breadcrumb rich-result-felt; ingen visningsgaranti.","https://schema.org/actionableFeedbackPolicy"
"OnlineStore","address","OrganizationBase","implementert","Felles identitet fra root layout. Utekos/KELC AS: BRREG 925820393 og synlig nettstedskontakt, kontrollert 2026-10-09. Sidene refererer til stabile @id-verdier.","Dokumentert av Google for den aktuelle funksjonen; ListItem-felter gjelder BreadcrumbList, ikke en generell artikkelkarusell.","https://schema.org/address"
"OnlineStore","agentInteractionStatistic","OrganizationBase","ikke relevant","Utelatt: ingen rolle i denne avgrensede artikkel-, navigasjons- eller identitetsmodellen; ikke et krav om full Schema.org-utfylling.","Schema.org-semantikk. Ikke dokumentert her som et Google Article-/Breadcrumb rich-result-felt; ingen visningsgaranti.","https://schema.org/agentInteractionStatistic"
"OnlineStore","aggregateRating","OrganizationBase","ikke relevant","Utelatt: ingen rolle i denne avgrensede artikkel-, navigasjons- eller identitetsmodellen; ikke et krav om full Schema.org-utfylling.","Schema.org-semantikk. Ikke dokumentert her som et Google Article-/Breadcrumb rich-result-felt; ingen visningsgaranti.","https://schema.org/aggregateRating"
"OnlineStore","alumni","OrganizationBase","ikke relevant","Utelatt: ingen rolle i denne avgrensede artikkel-, navigasjons- eller identitetsmodellen; ikke et krav om full Schema.org-utfylling.","Schema.org-semantikk. Ikke dokumentert her som et Google Article-/Breadcrumb rich-result-felt; ingen visningsgaranti.","https://schema.org/alumni"
"OnlineStore","areaServed","OrganizationBase","ikke relevant","Utelatt: ingen rolle i denne avgrensede artikkel-, navigasjons- eller identitetsmodellen; ikke et krav om full Schema.org-utfylling.","Schema.org-semantikk. Ikke dokumentert her som et Google Article-/Breadcrumb rich-result-felt; ingen visningsgaranti.","https://schema.org/areaServed"
"OnlineStore","authorizedRepresentative","OrganizationBase","ikke relevant","Utelatt: ingen rolle i denne avgrensede artikkel-, navigasjons- eller identitetsmodellen; ikke et krav om full Schema.org-utfylling.","Schema.org-semantikk. Ikke dokumentert her som et Google Article-/Breadcrumb rich-result-felt; ingen visningsgaranti.","https://schema.org/authorizedRepresentative"
"OnlineStore","award","OrganizationBase","manglende dokumentasjon","Ikke publisert uten dokumentert verdi/rettighet/identitet; valgfritt felt.","Schema.org-semantikk. Ikke dokumentert her som et Google Article-/Breadcrumb rich-result-felt; ingen visningsgaranti.","https://schema.org/award"
"OnlineStore","awards","OrganizationBase","manglende dokumentasjon","Ikke publisert uten dokumentert verdi/rettighet/identitet; valgfritt felt.","Schema.org-semantikk. Ikke dokumentert her som et Google Article-/Breadcrumb rich-result-felt; ingen visningsgaranti.","https://schema.org/awards"
"OnlineStore","brand","OrganizationBase","ikke relevant","Utelatt: ingen rolle i denne avgrensede artikkel-, navigasjons- eller identitetsmodellen; ikke et krav om full Schema.org-utfylling.","Schema.org-semantikk. Ikke dokumentert her som et Google Article-/Breadcrumb rich-result-felt; ingen visningsgaranti.","https://schema.org/brand"
"OnlineStore","companyRegistration","OrganizationBase","ikke relevant","Utelatt: ingen rolle i denne avgrensede artikkel-, navigasjons- eller identitetsmodellen; ikke et krav om full Schema.org-utfylling.","Schema.org-semantikk. Ikke dokumentert her som et Google Article-/Breadcrumb rich-result-felt; ingen visningsgaranti.","https://schema.org/companyRegistration"
"OnlineStore","contactPoint","OrganizationBase","implementert","Felles identitet fra root layout. Utekos/KELC AS: BRREG 925820393 og synlig nettstedskontakt, kontrollert 2026-10-09. Sidene refererer til stabile @id-verdier.","Dokumentert av Google for den aktuelle funksjonen; ListItem-felter gjelder BreadcrumbList, ikke en generell artikkelkarusell.","https://schema.org/contactPoint"
"OnlineStore","contactPoints","OrganizationBase","manglende dokumentasjon","Ikke publisert uten dokumentert verdi/rettighet/identitet; valgfritt felt.","Schema.org-semantikk. Ikke dokumentert her som et Google Article-/Breadcrumb rich-result-felt; ingen visningsgaranti.","https://schema.org/contactPoints"
"OnlineStore","correctionsPolicy","OrganizationBase","manglende dokumentasjon","Ikke publisert uten dokumentert verdi/rettighet/identitet; valgfritt felt.","Schema.org-semantikk. Ikke dokumentert her som et Google Article-/Breadcrumb rich-result-felt; ingen visningsgaranti.","https://schema.org/correctionsPolicy"
"OnlineStore","department","OrganizationBase","ikke relevant","Utelatt: ingen rolle i denne avgrensede artikkel-, navigasjons- eller identitetsmodellen; ikke et krav om full Schema.org-utfylling.","Schema.org-semantikk. Ikke dokumentert her som et Google Article-/Breadcrumb rich-result-felt; ingen visningsgaranti.","https://schema.org/department"
"OnlineStore","dissolutionDate","OrganizationBase","ikke relevant","Utelatt: ingen rolle i denne avgrensede artikkel-, navigasjons- eller identitetsmodellen; ikke et krav om full Schema.org-utfylling.","Schema.org-semantikk. Ikke dokumentert her som et Google Article-/Breadcrumb rich-result-felt; ingen visningsgaranti.","https://schema.org/dissolutionDate"
"OnlineStore","diversityPolicy","OrganizationBase","manglende dokumentasjon","Ikke publisert uten dokumentert verdi/rettighet/identitet; valgfritt felt.","Schema.org-semantikk. Ikke dokumentert her som et Google Article-/Breadcrumb rich-result-felt; ingen visningsgaranti.","https://schema.org/diversityPolicy"
"OnlineStore","diversityStaffingReport","OrganizationBase","ikke relevant","Utelatt: ingen rolle i denne avgrensede artikkel-, navigasjons- eller identitetsmodellen; ikke et krav om full Schema.org-utfylling.","Schema.org-semantikk. Ikke dokumentert her som et Google Article-/Breadcrumb rich-result-felt; ingen visningsgaranti.","https://schema.org/diversityStaffingReport"
"OnlineStore","duns","OrganizationBase","manglende dokumentasjon","Ikke publisert uten dokumentert verdi/rettighet/identitet; valgfritt felt.","Schema.org-semantikk. Ikke dokumentert her som et Google Article-/Breadcrumb rich-result-felt; ingen visningsgaranti.","https://schema.org/duns"
"OnlineStore","email","OrganizationBase","implementert","Felles identitet fra root layout. Utekos/KELC AS: BRREG 925820393 og synlig nettstedskontakt, kontrollert 2026-10-09. Sidene refererer til stabile @id-verdier.","Dokumentert av Google for den aktuelle funksjonen; ListItem-felter gjelder BreadcrumbList, ikke en generell artikkelkarusell.","https://schema.org/email"
"OnlineStore","employee","OrganizationBase","manglende dokumentasjon","Ikke publisert uten dokumentert verdi/rettighet/identitet; valgfritt felt.","Schema.org-semantikk. Ikke dokumentert her som et Google Article-/Breadcrumb rich-result-felt; ingen visningsgaranti.","https://schema.org/employee"
"OnlineStore","employees","OrganizationBase","manglende dokumentasjon","Ikke publisert uten dokumentert verdi/rettighet/identitet; valgfritt felt.","Schema.org-semantikk. Ikke dokumentert her som et Google Article-/Breadcrumb rich-result-felt; ingen visningsgaranti.","https://schema.org/employees"
"OnlineStore","ethicsPolicy","OrganizationBase","manglende dokumentasjon","Ikke publisert uten dokumentert verdi/rettighet/identitet; valgfritt felt.","Schema.org-semantikk. Ikke dokumentert her som et Google Article-/Breadcrumb rich-result-felt; ingen visningsgaranti.","https://schema.org/ethicsPolicy"
"OnlineStore","event","OrganizationBase","ikke relevant","Utelatt: ingen rolle i denne avgrensede artikkel-, navigasjons- eller identitetsmodellen; ikke et krav om full Schema.org-utfylling.","Schema.org-semantikk. Ikke dokumentert her som et Google Article-/Breadcrumb rich-result-felt; ingen visningsgaranti.","https://schema.org/event"
"OnlineStore","events","OrganizationBase","ikke relevant","Utelatt: ingen rolle i denne avgrensede artikkel-, navigasjons- eller identitetsmodellen; ikke et krav om full Schema.org-utfylling.","Schema.org-semantikk. Ikke dokumentert her som et Google Article-/Breadcrumb rich-result-felt; ingen visningsgaranti.","https://schema.org/events"
"OnlineStore","faxNumber","OrganizationBase","ikke relevant","Utelatt: ingen rolle i denne avgrensede artikkel-, navigasjons- eller identitetsmodellen; ikke et krav om full Schema.org-utfylling.","Schema.org-semantikk. Ikke dokumentert her som et Google Article-/Breadcrumb rich-result-felt; ingen visningsgaranti.","https://schema.org/faxNumber"
"OnlineStore","founder","OrganizationBase","manglende dokumentasjon","Ikke publisert uten dokumentert verdi/rettighet/identitet; valgfritt felt.","Schema.org-semantikk. Ikke dokumentert her som et Google Article-/Breadcrumb rich-result-felt; ingen visningsgaranti.","https://schema.org/founder"
"OnlineStore","founders","OrganizationBase","manglende dokumentasjon","Ikke publisert uten dokumentert verdi/rettighet/identitet; valgfritt felt.","Schema.org-semantikk. Ikke dokumentert her som et Google Article-/Breadcrumb rich-result-felt; ingen visningsgaranti.","https://schema.org/founders"
"OnlineStore","foundingDate","OrganizationBase","manglende dokumentasjon","BRREG dokumenterer KELC AS sin stiftelse, ikke etableringsdatoen til merkevaren Utekos; utelatt i nettbutikkidentiteten.","Schema.org-semantikk. Ikke dokumentert her som et Google Article-/Breadcrumb rich-result-felt; ingen visningsgaranti.","https://schema.org/foundingDate"
"OnlineStore","foundingLocation","OrganizationBase","ikke relevant","Utelatt: ingen rolle i denne avgrensede artikkel-, navigasjons- eller identitetsmodellen; ikke et krav om full Schema.org-utfylling.","Schema.org-semantikk. Ikke dokumentert her som et Google Article-/Breadcrumb rich-result-felt; ingen visningsgaranti.","https://schema.org/foundingLocation"
"OnlineStore","funder","OrganizationBase","manglende dokumentasjon","Ikke publisert uten dokumentert verdi/rettighet/identitet; valgfritt felt.","Schema.org-semantikk. Ikke dokumentert her som et Google Article-/Breadcrumb rich-result-felt; ingen visningsgaranti.","https://schema.org/funder"
"OnlineStore","funding","OrganizationBase","manglende dokumentasjon","Ikke publisert uten dokumentert verdi/rettighet/identitet; valgfritt felt.","Schema.org-semantikk. Ikke dokumentert her som et Google Article-/Breadcrumb rich-result-felt; ingen visningsgaranti.","https://schema.org/funding"
"OnlineStore","globalLocationNumber","OrganizationBase","manglende dokumentasjon","Ikke publisert uten dokumentert verdi/rettighet/identitet; valgfritt felt.","Schema.org-semantikk. Ikke dokumentert her som et Google Article-/Breadcrumb rich-result-felt; ingen visningsgaranti.","https://schema.org/globalLocationNumber"
"OnlineStore","hasCertification","OrganizationBase","ikke relevant","Utelatt: ingen rolle i denne avgrensede artikkel-, navigasjons- eller identitetsmodellen; ikke et krav om full Schema.org-utfylling.","Schema.org-semantikk. Ikke dokumentert her som et Google Article-/Breadcrumb rich-result-felt; ingen visningsgaranti.","https://schema.org/hasCertification"
"OnlineStore","hasCredential","OrganizationBase","ikke relevant","Utelatt: ingen rolle i denne avgrensede artikkel-, navigasjons- eller identitetsmodellen; ikke et krav om full Schema.org-utfylling.","Schema.org-semantikk. Ikke dokumentert her som et Google Article-/Breadcrumb rich-result-felt; ingen visningsgaranti.","https://schema.org/hasCredential"
"OnlineStore","hasGS1DigitalLink","OrganizationBase","ikke relevant","Utelatt: ingen rolle i denne avgrensede artikkel-, navigasjons- eller identitetsmodellen; ikke et krav om full Schema.org-utfylling.","Schema.org-semantikk. Ikke dokumentert her som et Google Article-/Breadcrumb rich-result-felt; ingen visningsgaranti.","https://schema.org/hasGS1DigitalLink"
"OnlineStore","hasMemberProgram","OrganizationBase","ikke relevant","Utelatt: ingen rolle i denne avgrensede artikkel-, navigasjons- eller identitetsmodellen; ikke et krav om full Schema.org-utfylling.","Schema.org-semantikk. Ikke dokumentert her som et Google Article-/Breadcrumb rich-result-felt; ingen visningsgaranti.","https://schema.org/hasMemberProgram"
"OnlineStore","hasMerchantReturnPolicy","OrganizationBase","ikke relevant","Utelatt: ingen rolle i denne avgrensede artikkel-, navigasjons- eller identitetsmodellen; ikke et krav om full Schema.org-utfylling.","Schema.org-semantikk. Ikke dokumentert her som et Google Article-/Breadcrumb rich-result-felt; ingen visningsgaranti.","https://schema.org/hasMerchantReturnPolicy"
"OnlineStore","hasOfferCatalog","OrganizationBase","ikke relevant","Utelatt: ingen rolle i denne avgrensede artikkel-, navigasjons- eller identitetsmodellen; ikke et krav om full Schema.org-utfylling.","Schema.org-semantikk. Ikke dokumentert her som et Google Article-/Breadcrumb rich-result-felt; ingen visningsgaranti.","https://schema.org/hasOfferCatalog"
"OnlineStore","hasPOS","OrganizationBase","ikke relevant","Utelatt: ingen rolle i denne avgrensede artikkel-, navigasjons- eller identitetsmodellen; ikke et krav om full Schema.org-utfylling.","Schema.org-semantikk. Ikke dokumentert her som et Google Article-/Breadcrumb rich-result-felt; ingen visningsgaranti.","https://schema.org/hasPOS"
"OnlineStore","hasProductReturnPolicy","OrganizationBase","ikke relevant","Utelatt: ingen rolle i denne avgrensede artikkel-, navigasjons- eller identitetsmodellen; ikke et krav om full Schema.org-utfylling.","Schema.org-semantikk. Ikke dokumentert her som et Google Article-/Breadcrumb rich-result-felt; ingen visningsgaranti.","https://schema.org/hasProductReturnPolicy"
"OnlineStore","hasShippingService","OrganizationBase","ikke relevant","Utelatt: ingen rolle i denne avgrensede artikkel-, navigasjons- eller identitetsmodellen; ikke et krav om full Schema.org-utfylling.","Schema.org-semantikk. Ikke dokumentert her som et Google Article-/Breadcrumb rich-result-felt; ingen visningsgaranti.","https://schema.org/hasShippingService"
"OnlineStore","interactionStatistic","OrganizationBase","ikke relevant","Utelatt: ingen rolle i denne avgrensede artikkel-, navigasjons- eller identitetsmodellen; ikke et krav om full Schema.org-utfylling.","Schema.org-semantikk. Ikke dokumentert her som et Google Article-/Breadcrumb rich-result-felt; ingen visningsgaranti.","https://schema.org/interactionStatistic"
"OnlineStore","isicV4","OrganizationBase","ikke relevant","Utelatt: ingen rolle i denne avgrensede artikkel-, navigasjons- eller identitetsmodellen; ikke et krav om full Schema.org-utfylling.","Schema.org-semantikk. Ikke dokumentert her som et Google Article-/Breadcrumb rich-result-felt; ingen visningsgaranti.","https://schema.org/isicV4"
"OnlineStore","iso6523Code","OrganizationBase","manglende dokumentasjon","Ikke publisert uten dokumentert verdi/rettighet/identitet; valgfritt felt.","Dokumentert av Google for den aktuelle funksjonen; ListItem-felter gjelder BreadcrumbList, ikke en generell artikkelkarusell.","https://schema.org/iso6523Code"
"OnlineStore","keywords","OrganizationBase","ikke relevant","Utelatt: ingen rolle i denne avgrensede artikkel-, navigasjons- eller identitetsmodellen; ikke et krav om full Schema.org-utfylling.","Schema.org-semantikk. Ikke dokumentert her som et Google Article-/Breadcrumb rich-result-felt; ingen visningsgaranti.","https://schema.org/keywords"
"OnlineStore","knowsAbout","OrganizationBase","manglende dokumentasjon","Ikke publisert uten dokumentert verdi/rettighet/identitet; valgfritt felt.","Schema.org-semantikk. Ikke dokumentert her som et Google Article-/Breadcrumb rich-result-felt; ingen visningsgaranti.","https://schema.org/knowsAbout"
"OnlineStore","knowsLanguage","OrganizationBase","manglende dokumentasjon","Ikke publisert uten dokumentert verdi/rettighet/identitet; valgfritt felt.","Schema.org-semantikk. Ikke dokumentert her som et Google Article-/Breadcrumb rich-result-felt; ingen visningsgaranti.","https://schema.org/knowsLanguage"
"OnlineStore","legalAddress","OrganizationBase","manglende dokumentasjon","Ikke publisert uten dokumentert verdi/rettighet/identitet; valgfritt felt.","Schema.org-semantikk. Ikke dokumentert her som et Google Article-/Breadcrumb rich-result-felt; ingen visningsgaranti.","https://schema.org/legalAddress"
"OnlineStore","legalName","OrganizationBase","implementert","Felles identitet fra root layout. Utekos/KELC AS: BRREG 925820393 og synlig nettstedskontakt, kontrollert 2026-10-09. Sidene refererer til stabile @id-verdier.","Dokumentert av Google for den aktuelle funksjonen; ListItem-felter gjelder BreadcrumbList, ikke en generell artikkelkarusell.","https://schema.org/legalName"
"OnlineStore","legalRepresentative","OrganizationBase","ikke relevant","Utelatt: ingen rolle i denne avgrensede artikkel-, navigasjons- eller identitetsmodellen; ikke et krav om full Schema.org-utfylling.","Schema.org-semantikk. Ikke dokumentert her som et Google Article-/Breadcrumb rich-result-felt; ingen visningsgaranti.","https://schema.org/legalRepresentative"
"OnlineStore","leiCode","OrganizationBase","manglende dokumentasjon","Ikke publisert uten dokumentert verdi/rettighet/identitet; valgfritt felt.","Schema.org-semantikk. Ikke dokumentert her som et Google Article-/Breadcrumb rich-result-felt; ingen visningsgaranti.","https://schema.org/leiCode"
"OnlineStore","location","OrganizationBase","ikke relevant","Utelatt: ingen rolle i denne avgrensede artikkel-, navigasjons- eller identitetsmodellen; ikke et krav om full Schema.org-utfylling.","Schema.org-semantikk. Ikke dokumentert her som et Google Article-/Breadcrumb rich-result-felt; ingen visningsgaranti.","https://schema.org/location"
"OnlineStore","logo","OrganizationBase","implementert","Felles identitet fra root layout. Utekos/KELC AS: BRREG 925820393 og synlig nettstedskontakt, kontrollert 2026-10-09. Sidene refererer til stabile @id-verdier.","Dokumentert av Google for den aktuelle funksjonen; ListItem-felter gjelder BreadcrumbList, ikke en generell artikkelkarusell.","https://schema.org/logo"
"OnlineStore","makesOffer","OrganizationBase","ikke relevant","Utelatt: ingen rolle i denne avgrensede artikkel-, navigasjons- eller identitetsmodellen; ikke et krav om full Schema.org-utfylling.","Schema.org-semantikk. Ikke dokumentert her som et Google Article-/Breadcrumb rich-result-felt; ingen visningsgaranti.","https://schema.org/makesOffer"
"OnlineStore","member","OrganizationBase","ikke relevant","Utelatt: ingen rolle i denne avgrensede artikkel-, navigasjons- eller identitetsmodellen; ikke et krav om full Schema.org-utfylling.","Schema.org-semantikk. Ikke dokumentert her som et Google Article-/Breadcrumb rich-result-felt; ingen visningsgaranti.","https://schema.org/member"
"OnlineStore","memberOf","OrganizationBase","manglende dokumentasjon","Ikke publisert uten dokumentert verdi/rettighet/identitet; valgfritt felt.","Schema.org-semantikk. Ikke dokumentert her som et Google Article-/Breadcrumb rich-result-felt; ingen visningsgaranti.","https://schema.org/memberOf"
"OnlineStore","members","OrganizationBase","ikke relevant","Utelatt: ingen rolle i denne avgrensede artikkel-, navigasjons- eller identitetsmodellen; ikke et krav om full Schema.org-utfylling.","Schema.org-semantikk. Ikke dokumentert her som et Google Article-/Breadcrumb rich-result-felt; ingen visningsgaranti.","https://schema.org/members"
"OnlineStore","naics","OrganizationBase","ikke relevant","Utelatt: ingen rolle i denne avgrensede artikkel-, navigasjons- eller identitetsmodellen; ikke et krav om full Schema.org-utfylling.","Schema.org-semantikk. Ikke dokumentert her som et Google Article-/Breadcrumb rich-result-felt; ingen visningsgaranti.","https://schema.org/naics"
"OnlineStore","nonprofitStatus","OrganizationBase","ikke relevant","Utelatt: ingen rolle i denne avgrensede artikkel-, navigasjons- eller identitetsmodellen; ikke et krav om full Schema.org-utfylling.","Schema.org-semantikk. Ikke dokumentert her som et Google Article-/Breadcrumb rich-result-felt; ingen visningsgaranti.","https://schema.org/nonprofitStatus"
"OnlineStore","numberOfEmployees","OrganizationBase","ikke relevant","Utelatt: ingen rolle i denne avgrensede artikkel-, navigasjons- eller identitetsmodellen; ikke et krav om full Schema.org-utfylling.","Schema.org-semantikk. Ikke dokumentert her som et Google Article-/Breadcrumb rich-result-felt; ingen visningsgaranti.","https://schema.org/numberOfEmployees"
"OnlineStore","ownershipFundingInfo","OrganizationBase","manglende dokumentasjon","Ikke publisert uten dokumentert verdi/rettighet/identitet; valgfritt felt.","Schema.org-semantikk. Ikke dokumentert her som et Google Article-/Breadcrumb rich-result-felt; ingen visningsgaranti.","https://schema.org/ownershipFundingInfo"
"OnlineStore","owns","OrganizationBase","ikke relevant","Utelatt: ingen rolle i denne avgrensede artikkel-, navigasjons- eller identitetsmodellen; ikke et krav om full Schema.org-utfylling.","Schema.org-semantikk. Ikke dokumentert her som et Google Article-/Breadcrumb rich-result-felt; ingen visningsgaranti.","https://schema.org/owns"
"OnlineStore","parentOrganization","OrganizationBase","ikke relevant","Utelatt: ingen rolle i denne avgrensede artikkel-, navigasjons- eller identitetsmodellen; ikke et krav om full Schema.org-utfylling.","Schema.org-semantikk. Ikke dokumentert her som et Google Article-/Breadcrumb rich-result-felt; ingen visningsgaranti.","https://schema.org/parentOrganization"
"OnlineStore","publishingPrinciples","OrganizationBase","manglende dokumentasjon","Ikke publisert uten dokumentert verdi/rettighet/identitet; valgfritt felt.","Schema.org-semantikk. Ikke dokumentert her som et Google Article-/Breadcrumb rich-result-felt; ingen visningsgaranti.","https://schema.org/publishingPrinciples"
"OnlineStore","review","OrganizationBase","manglende dokumentasjon","Ikke publisert uten dokumentert verdi/rettighet/identitet; valgfritt felt.","Schema.org-semantikk. Ikke dokumentert her som et Google Article-/Breadcrumb rich-result-felt; ingen visningsgaranti.","https://schema.org/review"
"OnlineStore","reviews","OrganizationBase","ikke relevant","Utelatt: ingen rolle i denne avgrensede artikkel-, navigasjons- eller identitetsmodellen; ikke et krav om full Schema.org-utfylling.","Schema.org-semantikk. Ikke dokumentert her som et Google Article-/Breadcrumb rich-result-felt; ingen visningsgaranti.","https://schema.org/reviews"
"OnlineStore","seeks","OrganizationBase","ikke relevant","Utelatt: ingen rolle i denne avgrensede artikkel-, navigasjons- eller identitetsmodellen; ikke et krav om full Schema.org-utfylling.","Schema.org-semantikk. Ikke dokumentert her som et Google Article-/Breadcrumb rich-result-felt; ingen visningsgaranti.","https://schema.org/seeks"
"OnlineStore","serviceArea","OrganizationBase","ikke relevant","Utelatt: ingen rolle i denne avgrensede artikkel-, navigasjons- eller identitetsmodellen; ikke et krav om full Schema.org-utfylling.","Schema.org-semantikk. Ikke dokumentert her som et Google Article-/Breadcrumb rich-result-felt; ingen visningsgaranti.","https://schema.org/serviceArea"
"OnlineStore","skills","OrganizationBase","ikke relevant","Utelatt: ingen rolle i denne avgrensede artikkel-, navigasjons- eller identitetsmodellen; ikke et krav om full Schema.org-utfylling.","Schema.org-semantikk. Ikke dokumentert her som et Google Article-/Breadcrumb rich-result-felt; ingen visningsgaranti.","https://schema.org/skills"
"OnlineStore","slogan","OrganizationBase","ikke relevant","Utelatt: ingen rolle i denne avgrensede artikkel-, navigasjons- eller identitetsmodellen; ikke et krav om full Schema.org-utfylling.","Schema.org-semantikk. Ikke dokumentert her som et Google Article-/Breadcrumb rich-result-felt; ingen visningsgaranti.","https://schema.org/slogan"
"OnlineStore","sponsor","OrganizationBase","manglende dokumentasjon","Ikke publisert uten dokumentert verdi/rettighet/identitet; valgfritt felt.","Schema.org-semantikk. Ikke dokumentert her som et Google Article-/Breadcrumb rich-result-felt; ingen visningsgaranti.","https://schema.org/sponsor"
"OnlineStore","subOrganization","OrganizationBase","ikke relevant","Utelatt: ingen rolle i denne avgrensede artikkel-, navigasjons- eller identitetsmodellen; ikke et krav om full Schema.org-utfylling.","Schema.org-semantikk. Ikke dokumentert her som et Google Article-/Breadcrumb rich-result-felt; ingen visningsgaranti.","https://schema.org/subOrganization"
"OnlineStore","taxID","OrganizationBase","manglende dokumentasjon","Ikke publisert uten dokumentert verdi/rettighet/identitet; valgfritt felt.","Dokumentert av Google for den aktuelle funksjonen; ListItem-felter gjelder BreadcrumbList, ikke en generell artikkelkarusell.","https://schema.org/taxID"
"OnlineStore","telephone","OrganizationBase","implementert","Felles identitet fra root layout. Utekos/KELC AS: BRREG 925820393 og synlig nettstedskontakt, kontrollert 2026-10-09. Sidene refererer til stabile @id-verdier.","Dokumentert av Google for den aktuelle funksjonen; ListItem-felter gjelder BreadcrumbList, ikke en generell artikkelkarusell.","https://schema.org/telephone"
"OnlineStore","unnamedSourcesPolicy","OrganizationBase","ikke relevant","Utelatt: ingen rolle i denne avgrensede artikkel-, navigasjons- eller identitetsmodellen; ikke et krav om full Schema.org-utfylling.","Schema.org-semantikk. Ikke dokumentert her som et Google Article-/Breadcrumb rich-result-felt; ingen visningsgaranti.","https://schema.org/unnamedSourcesPolicy"
"OnlineStore","vatID","OrganizationBase","manglende dokumentasjon","Ikke publisert uten dokumentert verdi/rettighet/identitet; valgfritt felt.","Dokumentert av Google for den aktuelle funksjonen; ListItem-felter gjelder BreadcrumbList, ikke en generell artikkelkarusell.","https://schema.org/vatID"
"OnlineStore","additionalType","ThingBase","ikke relevant","Utelatt: ingen rolle i denne avgrensede artikkel-, navigasjons- eller identitetsmodellen; ikke et krav om full Schema.org-utfylling.","Schema.org-semantikk. Ikke dokumentert her som et Google Article-/Breadcrumb rich-result-felt; ingen visningsgaranti.","https://schema.org/additionalType"
"OnlineStore","alternateName","ThingBase","ikke relevant","Utelatt: ingen rolle i denne avgrensede artikkel-, navigasjons- eller identitetsmodellen; ikke et krav om full Schema.org-utfylling.","Schema.org-semantikk. Ikke dokumentert her som et Google Article-/Breadcrumb rich-result-felt; ingen visningsgaranti.","https://schema.org/alternateName"
"OnlineStore","description","ThingBase","implementert","Felles identitet fra root layout. Utekos/KELC AS: BRREG 925820393 og synlig nettstedskontakt, kontrollert 2026-10-09. Sidene refererer til stabile @id-verdier.","Dokumentert av Google for den aktuelle funksjonen; ListItem-felter gjelder BreadcrumbList, ikke en generell artikkelkarusell.","https://schema.org/description"
"OnlineStore","disambiguatingDescription","ThingBase","ikke relevant","Utelatt: ingen rolle i denne avgrensede artikkel-, navigasjons- eller identitetsmodellen; ikke et krav om full Schema.org-utfylling.","Schema.org-semantikk. Ikke dokumentert her som et Google Article-/Breadcrumb rich-result-felt; ingen visningsgaranti.","https://schema.org/disambiguatingDescription"
"OnlineStore","identifier","ThingBase","implementert","Felles identitet fra root layout. Utekos/KELC AS: BRREG 925820393 og synlig nettstedskontakt, kontrollert 2026-10-09. Sidene refererer til stabile @id-verdier.","Schema.org-semantikk. Ikke dokumentert her som et Google Article-/Breadcrumb rich-result-felt; ingen visningsgaranti.","https://schema.org/identifier"
"OnlineStore","image","ThingBase","manglende dokumentasjon","Logo leveres som logo; separat virksomhetsbilde er ikke valgt/dokumentert. Google Rich Results Test klassifiserer også OnlineStore under Local businesses og gir én ikke-kritisk merknad om valgfritt image. Ingen kritisk feil.","Schema.org-semantikk. Ikke dokumentert her som et Google Article-/Breadcrumb rich-result-felt; ingen visningsgaranti.","https://schema.org/image"
"OnlineStore","mainEntityOfPage","ThingBase","ikke relevant","Utelatt: ingen rolle i denne avgrensede artikkel-, navigasjons- eller identitetsmodellen; ikke et krav om full Schema.org-utfylling.","Schema.org-semantikk. Ikke dokumentert her som et Google Article-/Breadcrumb rich-result-felt; ingen visningsgaranti.","https://schema.org/mainEntityOfPage"
"OnlineStore","name","ThingBase","implementert","Felles identitet fra root layout. Utekos/KELC AS: BRREG 925820393 og synlig nettstedskontakt, kontrollert 2026-10-09. Sidene refererer til stabile @id-verdier.","Dokumentert av Google for den aktuelle funksjonen; ListItem-felter gjelder BreadcrumbList, ikke en generell artikkelkarusell.","https://schema.org/name"
"OnlineStore","owner","ThingBase","ikke relevant","Utelatt: ingen rolle i denne avgrensede artikkel-, navigasjons- eller identitetsmodellen; ikke et krav om full Schema.org-utfylling.","Schema.org-semantikk. Ikke dokumentert her som et Google Article-/Breadcrumb rich-result-felt; ingen visningsgaranti.","https://schema.org/owner"
"OnlineStore","potentialAction","ThingBase","ikke relevant","Utelatt: ingen rolle i denne avgrensede artikkel-, navigasjons- eller identitetsmodellen; ikke et krav om full Schema.org-utfylling.","Schema.org-semantikk. Ikke dokumentert her som et Google Article-/Breadcrumb rich-result-felt; ingen visningsgaranti.","https://schema.org/potentialAction"
"OnlineStore","sameAs","ThingBase","manglende dokumentasjon","Ikke publisert uten dokumentert verdi/rettighet/identitet; valgfritt felt.","Dokumentert av Google for den aktuelle funksjonen; ListItem-felter gjelder BreadcrumbList, ikke en generell artikkelkarusell.","https://schema.org/sameAs"
"OnlineStore","subjectOf","ThingBase","ikke relevant","Utelatt: ingen rolle i denne avgrensede artikkel-, navigasjons- eller identitetsmodellen; ikke et krav om full Schema.org-utfylling.","Schema.org-semantikk. Ikke dokumentert her som et Google Article-/Breadcrumb rich-result-felt; ingen visningsgaranti.","https://schema.org/subjectOf"
"OnlineStore","url","ThingBase","implementert","Felles identitet fra root layout. Utekos/KELC AS: BRREG 925820393 og synlig nettstedskontakt, kontrollert 2026-10-09. Sidene refererer til stabile @id-verdier.","Dokumentert av Google for den aktuelle funksjonen; ListItem-felter gjelder BreadcrumbList, ikke en generell artikkelkarusell.","https://schema.org/url"
"OnlineStore","@id","IdReference","implementert","Felles identitet fra root layout. Utekos/KELC AS: BRREG 925820393 og synlig nettstedskontakt, kontrollert 2026-10-09. Sidene refererer til stabile @id-verdier.","JSON-LD struktur/identitet.","https://www.w3.org/TR/json-ld11/"
"WebSite","@type","WebSiteLeaf","implementert","Felles identitet fra root layout. Utekos/KELC AS: BRREG 925820393 og synlig nettstedskontakt, kontrollert 2026-10-09. Sidene refererer til stabile @id-verdier.","JSON-LD struktur/identitet.","https://www.w3.org/TR/json-ld11/"
"WebSite","issn","WebSiteBase","ikke relevant","Utelatt: ingen rolle i denne avgrensede artikkel-, navigasjons- eller identitetsmodellen; ikke et krav om full Schema.org-utfylling.","Schema.org-semantikk. Ikke dokumentert her som et Google Article-/Breadcrumb rich-result-felt; ingen visningsgaranti.","https://schema.org/issn"
"WebSite","about","CreativeWorkBase","ikke relevant","Utelatt: ingen rolle i denne avgrensede artikkel-, navigasjons- eller identitetsmodellen; ikke et krav om full Schema.org-utfylling.","Schema.org-semantikk. Ikke dokumentert her som et Google Article-/Breadcrumb rich-result-felt; ingen visningsgaranti.","https://schema.org/about"
"WebSite","abstract","CreativeWorkBase","ikke relevant","Utelatt: ingen rolle i denne avgrensede artikkel-, navigasjons- eller identitetsmodellen; ikke et krav om full Schema.org-utfylling.","Schema.org-semantikk. Ikke dokumentert her som et Google Article-/Breadcrumb rich-result-felt; ingen visningsgaranti.","https://schema.org/abstract"
"WebSite","accessibilityAPI","CreativeWorkBase","ikke relevant","Utelatt: ingen rolle i denne avgrensede artikkel-, navigasjons- eller identitetsmodellen; ikke et krav om full Schema.org-utfylling.","Schema.org-semantikk. Ikke dokumentert her som et Google Article-/Breadcrumb rich-result-felt; ingen visningsgaranti.","https://schema.org/accessibilityAPI"
"WebSite","accessibilityControl","CreativeWorkBase","ikke relevant","Utelatt: ingen rolle i denne avgrensede artikkel-, navigasjons- eller identitetsmodellen; ikke et krav om full Schema.org-utfylling.","Schema.org-semantikk. Ikke dokumentert her som et Google Article-/Breadcrumb rich-result-felt; ingen visningsgaranti.","https://schema.org/accessibilityControl"
"WebSite","accessibilityFeature","CreativeWorkBase","ikke relevant","Utelatt: ingen rolle i denne avgrensede artikkel-, navigasjons- eller identitetsmodellen; ikke et krav om full Schema.org-utfylling.","Schema.org-semantikk. Ikke dokumentert her som et Google Article-/Breadcrumb rich-result-felt; ingen visningsgaranti.","https://schema.org/accessibilityFeature"
"WebSite","accessibilityHazard","CreativeWorkBase","ikke relevant","Utelatt: ingen rolle i denne avgrensede artikkel-, navigasjons- eller identitetsmodellen; ikke et krav om full Schema.org-utfylling.","Schema.org-semantikk. Ikke dokumentert her som et Google Article-/Breadcrumb rich-result-felt; ingen visningsgaranti.","https://schema.org/accessibilityHazard"
"WebSite","accessibilitySummary","CreativeWorkBase","ikke relevant","Utelatt: ingen rolle i denne avgrensede artikkel-, navigasjons- eller identitetsmodellen; ikke et krav om full Schema.org-utfylling.","Schema.org-semantikk. Ikke dokumentert her som et Google Article-/Breadcrumb rich-result-felt; ingen visningsgaranti.","https://schema.org/accessibilitySummary"
"WebSite","accessMode","CreativeWorkBase","ikke relevant","Utelatt: ingen rolle i denne avgrensede artikkel-, navigasjons- eller identitetsmodellen; ikke et krav om full Schema.org-utfylling.","Schema.org-semantikk. Ikke dokumentert her som et Google Article-/Breadcrumb rich-result-felt; ingen visningsgaranti.","https://schema.org/accessMode"
"WebSite","accessModeSufficient","CreativeWorkBase","ikke relevant","Utelatt: ingen rolle i denne avgrensede artikkel-, navigasjons- eller identitetsmodellen; ikke et krav om full Schema.org-utfylling.","Schema.org-semantikk. Ikke dokumentert her som et Google Article-/Breadcrumb rich-result-felt; ingen visningsgaranti.","https://schema.org/accessModeSufficient"
"WebSite","accountablePerson","CreativeWorkBase","manglende dokumentasjon","Ikke publisert uten dokumentert verdi/rettighet/identitet; valgfritt felt.","Schema.org-semantikk. Ikke dokumentert her som et Google Article-/Breadcrumb rich-result-felt; ingen visningsgaranti.","https://schema.org/accountablePerson"
"WebSite","acquireLicensePage","CreativeWorkBase","manglende dokumentasjon","Ikke publisert uten dokumentert verdi/rettighet/identitet; valgfritt felt.","Schema.org-semantikk. Ikke dokumentert her som et Google Article-/Breadcrumb rich-result-felt; ingen visningsgaranti.","https://schema.org/acquireLicensePage"
"WebSite","aggregateRating","CreativeWorkBase","ikke relevant","Utelatt: ingen rolle i denne avgrensede artikkel-, navigasjons- eller identitetsmodellen; ikke et krav om full Schema.org-utfylling.","Schema.org-semantikk. Ikke dokumentert her som et Google Article-/Breadcrumb rich-result-felt; ingen visningsgaranti.","https://schema.org/aggregateRating"
"WebSite","alternativeHeadline","CreativeWorkBase","ikke relevant","Utelatt: ingen rolle i denne avgrensede artikkel-, navigasjons- eller identitetsmodellen; ikke et krav om full Schema.org-utfylling.","Schema.org-semantikk. Ikke dokumentert her som et Google Article-/Breadcrumb rich-result-felt; ingen visningsgaranti.","https://schema.org/alternativeHeadline"
"WebSite","archivedAt","CreativeWorkBase","ikke relevant","Utelatt: ingen rolle i denne avgrensede artikkel-, navigasjons- eller identitetsmodellen; ikke et krav om full Schema.org-utfylling.","Schema.org-semantikk. Ikke dokumentert her som et Google Article-/Breadcrumb rich-result-felt; ingen visningsgaranti.","https://schema.org/archivedAt"
"WebSite","assesses","CreativeWorkBase","ikke relevant","Utelatt: ingen rolle i denne avgrensede artikkel-, navigasjons- eller identitetsmodellen; ikke et krav om full Schema.org-utfylling.","Schema.org-semantikk. Ikke dokumentert her som et Google Article-/Breadcrumb rich-result-felt; ingen visningsgaranti.","https://schema.org/assesses"
"WebSite","associatedMedia","CreativeWorkBase","ikke relevant","Utelatt: ingen rolle i denne avgrensede artikkel-, navigasjons- eller identitetsmodellen; ikke et krav om full Schema.org-utfylling.","Schema.org-semantikk. Ikke dokumentert her som et Google Article-/Breadcrumb rich-result-felt; ingen visningsgaranti.","https://schema.org/associatedMedia"
"WebSite","audience","CreativeWorkBase","ikke relevant","Utelatt: ingen rolle i denne avgrensede artikkel-, navigasjons- eller identitetsmodellen; ikke et krav om full Schema.org-utfylling.","Schema.org-semantikk. Ikke dokumentert her som et Google Article-/Breadcrumb rich-result-felt; ingen visningsgaranti.","https://schema.org/audience"
"WebSite","audio","CreativeWorkBase","ikke relevant","Utelatt: ingen rolle i denne avgrensede artikkel-, navigasjons- eller identitetsmodellen; ikke et krav om full Schema.org-utfylling.","Schema.org-semantikk. Ikke dokumentert her som et Google Article-/Breadcrumb rich-result-felt; ingen visningsgaranti.","https://schema.org/audio"
"WebSite","author","CreativeWorkBase","ikke relevant","Utelatt: ingen rolle i denne avgrensede artikkel-, navigasjons- eller identitetsmodellen; ikke et krav om full Schema.org-utfylling.","Schema.org-semantikk. Ikke dokumentert her som et Google Article-/Breadcrumb rich-result-felt; ingen visningsgaranti.","https://schema.org/author"
"WebSite","award","CreativeWorkBase","manglende dokumentasjon","Ikke publisert uten dokumentert verdi/rettighet/identitet; valgfritt felt.","Schema.org-semantikk. Ikke dokumentert her som et Google Article-/Breadcrumb rich-result-felt; ingen visningsgaranti.","https://schema.org/award"
"WebSite","awards","CreativeWorkBase","manglende dokumentasjon","Ikke publisert uten dokumentert verdi/rettighet/identitet; valgfritt felt.","Schema.org-semantikk. Ikke dokumentert her som et Google Article-/Breadcrumb rich-result-felt; ingen visningsgaranti.","https://schema.org/awards"
"WebSite","character","CreativeWorkBase","ikke relevant","Utelatt: ingen rolle i denne avgrensede artikkel-, navigasjons- eller identitetsmodellen; ikke et krav om full Schema.org-utfylling.","Schema.org-semantikk. Ikke dokumentert her som et Google Article-/Breadcrumb rich-result-felt; ingen visningsgaranti.","https://schema.org/character"
"WebSite","citation","CreativeWorkBase","ikke relevant","Utelatt: ingen rolle i denne avgrensede artikkel-, navigasjons- eller identitetsmodellen; ikke et krav om full Schema.org-utfylling.","Schema.org-semantikk. Ikke dokumentert her som et Google Article-/Breadcrumb rich-result-felt; ingen visningsgaranti.","https://schema.org/citation"
"WebSite","comment","CreativeWorkBase","ikke relevant","Utelatt: ingen rolle i denne avgrensede artikkel-, navigasjons- eller identitetsmodellen; ikke et krav om full Schema.org-utfylling.","Schema.org-semantikk. Ikke dokumentert her som et Google Article-/Breadcrumb rich-result-felt; ingen visningsgaranti.","https://schema.org/comment"
"WebSite","commentCount","CreativeWorkBase","ikke relevant","Utelatt: ingen rolle i denne avgrensede artikkel-, navigasjons- eller identitetsmodellen; ikke et krav om full Schema.org-utfylling.","Schema.org-semantikk. Ikke dokumentert her som et Google Article-/Breadcrumb rich-result-felt; ingen visningsgaranti.","https://schema.org/commentCount"
"WebSite","conditionsOfAccess","CreativeWorkBase","ikke relevant","Utelatt: ingen rolle i denne avgrensede artikkel-, navigasjons- eller identitetsmodellen; ikke et krav om full Schema.org-utfylling.","Schema.org-semantikk. Ikke dokumentert her som et Google Article-/Breadcrumb rich-result-felt; ingen visningsgaranti.","https://schema.org/conditionsOfAccess"
"WebSite","contentLocation","CreativeWorkBase","ikke relevant","Utelatt: ingen rolle i denne avgrensede artikkel-, navigasjons- eller identitetsmodellen; ikke et krav om full Schema.org-utfylling.","Schema.org-semantikk. Ikke dokumentert her som et Google Article-/Breadcrumb rich-result-felt; ingen visningsgaranti.","https://schema.org/contentLocation"
"WebSite","contentRating","CreativeWorkBase","ikke relevant","Utelatt: ingen rolle i denne avgrensede artikkel-, navigasjons- eller identitetsmodellen; ikke et krav om full Schema.org-utfylling.","Schema.org-semantikk. Ikke dokumentert her som et Google Article-/Breadcrumb rich-result-felt; ingen visningsgaranti.","https://schema.org/contentRating"
"WebSite","contentReferenceTime","CreativeWorkBase","ikke relevant","Utelatt: ingen rolle i denne avgrensede artikkel-, navigasjons- eller identitetsmodellen; ikke et krav om full Schema.org-utfylling.","Schema.org-semantikk. Ikke dokumentert her som et Google Article-/Breadcrumb rich-result-felt; ingen visningsgaranti.","https://schema.org/contentReferenceTime"
"WebSite","contributor","CreativeWorkBase","ikke relevant","Utelatt: ingen rolle i denne avgrensede artikkel-, navigasjons- eller identitetsmodellen; ikke et krav om full Schema.org-utfylling.","Schema.org-semantikk. Ikke dokumentert her som et Google Article-/Breadcrumb rich-result-felt; ingen visningsgaranti.","https://schema.org/contributor"
"WebSite","copyrightHolder","CreativeWorkBase","manglende dokumentasjon","Ikke publisert uten dokumentert verdi/rettighet/identitet; valgfritt felt.","Schema.org-semantikk. Ikke dokumentert her som et Google Article-/Breadcrumb rich-result-felt; ingen visningsgaranti.","https://schema.org/copyrightHolder"
"WebSite","copyrightNotice","CreativeWorkBase","manglende dokumentasjon","Ikke publisert uten dokumentert verdi/rettighet/identitet; valgfritt felt.","Schema.org-semantikk. Ikke dokumentert her som et Google Article-/Breadcrumb rich-result-felt; ingen visningsgaranti.","https://schema.org/copyrightNotice"
"WebSite","copyrightYear","CreativeWorkBase","manglende dokumentasjon","Ikke publisert uten dokumentert verdi/rettighet/identitet; valgfritt felt.","Schema.org-semantikk. Ikke dokumentert her som et Google Article-/Breadcrumb rich-result-felt; ingen visningsgaranti.","https://schema.org/copyrightYear"
"WebSite","correction","CreativeWorkBase","ikke relevant","Utelatt: ingen rolle i denne avgrensede artikkel-, navigasjons- eller identitetsmodellen; ikke et krav om full Schema.org-utfylling.","Schema.org-semantikk. Ikke dokumentert her som et Google Article-/Breadcrumb rich-result-felt; ingen visningsgaranti.","https://schema.org/correction"
"WebSite","countryOfOrigin","CreativeWorkBase","ikke relevant","Utelatt: ingen rolle i denne avgrensede artikkel-, navigasjons- eller identitetsmodellen; ikke et krav om full Schema.org-utfylling.","Schema.org-semantikk. Ikke dokumentert her som et Google Article-/Breadcrumb rich-result-felt; ingen visningsgaranti.","https://schema.org/countryOfOrigin"
"WebSite","creativeWorkStatus","CreativeWorkBase","ikke relevant","Utelatt: ingen rolle i denne avgrensede artikkel-, navigasjons- eller identitetsmodellen; ikke et krav om full Schema.org-utfylling.","Schema.org-semantikk. Ikke dokumentert her som et Google Article-/Breadcrumb rich-result-felt; ingen visningsgaranti.","https://schema.org/creativeWorkStatus"
"WebSite","creator","CreativeWorkBase","manglende dokumentasjon","Ikke publisert uten dokumentert verdi/rettighet/identitet; valgfritt felt.","Schema.org-semantikk. Ikke dokumentert her som et Google Article-/Breadcrumb rich-result-felt; ingen visningsgaranti.","https://schema.org/creator"
"WebSite","creditText","CreativeWorkBase","manglende dokumentasjon","Ikke publisert uten dokumentert verdi/rettighet/identitet; valgfritt felt.","Schema.org-semantikk. Ikke dokumentert her som et Google Article-/Breadcrumb rich-result-felt; ingen visningsgaranti.","https://schema.org/creditText"
"WebSite","dateCreated","CreativeWorkBase","manglende dokumentasjon","Ikke publisert uten dokumentert verdi/rettighet/identitet; valgfritt felt.","Schema.org-semantikk. Ikke dokumentert her som et Google Article-/Breadcrumb rich-result-felt; ingen visningsgaranti.","https://schema.org/dateCreated"
"WebSite","dateModified","CreativeWorkBase","manglende dokumentasjon","Ikke publisert uten dokumentert verdi/rettighet/identitet; valgfritt felt.","Schema.org-semantikk. Ikke dokumentert her som et Google Article-/Breadcrumb rich-result-felt; ingen visningsgaranti.","https://schema.org/dateModified"
"WebSite","datePublished","CreativeWorkBase","manglende dokumentasjon","Ikke publisert uten dokumentert verdi/rettighet/identitet; valgfritt felt.","Schema.org-semantikk. Ikke dokumentert her som et Google Article-/Breadcrumb rich-result-felt; ingen visningsgaranti.","https://schema.org/datePublished"
"WebSite","digitalSourceType","CreativeWorkBase","ikke relevant","Utelatt: ingen rolle i denne avgrensede artikkel-, navigasjons- eller identitetsmodellen; ikke et krav om full Schema.org-utfylling.","Schema.org-semantikk. Ikke dokumentert her som et Google Article-/Breadcrumb rich-result-felt; ingen visningsgaranti.","https://schema.org/digitalSourceType"
"WebSite","discussionUrl","CreativeWorkBase","manglende dokumentasjon","Ikke publisert uten dokumentert verdi/rettighet/identitet; valgfritt felt.","Schema.org-semantikk. Ikke dokumentert her som et Google Article-/Breadcrumb rich-result-felt; ingen visningsgaranti.","https://schema.org/discussionUrl"
"WebSite","displayLocation","CreativeWorkBase","ikke relevant","Utelatt: ingen rolle i denne avgrensede artikkel-, navigasjons- eller identitetsmodellen; ikke et krav om full Schema.org-utfylling.","Schema.org-semantikk. Ikke dokumentert her som et Google Article-/Breadcrumb rich-result-felt; ingen visningsgaranti.","https://schema.org/displayLocation"
"WebSite","editEIDR","CreativeWorkBase","ikke relevant","Utelatt: ingen rolle i denne avgrensede artikkel-, navigasjons- eller identitetsmodellen; ikke et krav om full Schema.org-utfylling.","Schema.org-semantikk. Ikke dokumentert her som et Google Article-/Breadcrumb rich-result-felt; ingen visningsgaranti.","https://schema.org/editEIDR"
"WebSite","editor","CreativeWorkBase","manglende dokumentasjon","Ikke publisert uten dokumentert verdi/rettighet/identitet; valgfritt felt.","Schema.org-semantikk. Ikke dokumentert her som et Google Article-/Breadcrumb rich-result-felt; ingen visningsgaranti.","https://schema.org/editor"
"WebSite","educationalAlignment","CreativeWorkBase","ikke relevant","Utelatt: ingen rolle i denne avgrensede artikkel-, navigasjons- eller identitetsmodellen; ikke et krav om full Schema.org-utfylling.","Schema.org-semantikk. Ikke dokumentert her som et Google Article-/Breadcrumb rich-result-felt; ingen visningsgaranti.","https://schema.org/educationalAlignment"
"WebSite","educationalLevel","CreativeWorkBase","ikke relevant","Utelatt: ingen rolle i denne avgrensede artikkel-, navigasjons- eller identitetsmodellen; ikke et krav om full Schema.org-utfylling.","Schema.org-semantikk. Ikke dokumentert her som et Google Article-/Breadcrumb rich-result-felt; ingen visningsgaranti.","https://schema.org/educationalLevel"
"WebSite","educationalUse","CreativeWorkBase","ikke relevant","Utelatt: ingen rolle i denne avgrensede artikkel-, navigasjons- eller identitetsmodellen; ikke et krav om full Schema.org-utfylling.","Schema.org-semantikk. Ikke dokumentert her som et Google Article-/Breadcrumb rich-result-felt; ingen visningsgaranti.","https://schema.org/educationalUse"
"WebSite","encoding","CreativeWorkBase","ikke relevant","Utelatt: ingen rolle i denne avgrensede artikkel-, navigasjons- eller identitetsmodellen; ikke et krav om full Schema.org-utfylling.","Schema.org-semantikk. Ikke dokumentert her som et Google Article-/Breadcrumb rich-result-felt; ingen visningsgaranti.","https://schema.org/encoding"
"WebSite","encodingFormat","CreativeWorkBase","ikke relevant","Utelatt: ingen rolle i denne avgrensede artikkel-, navigasjons- eller identitetsmodellen; ikke et krav om full Schema.org-utfylling.","Schema.org-semantikk. Ikke dokumentert her som et Google Article-/Breadcrumb rich-result-felt; ingen visningsgaranti.","https://schema.org/encodingFormat"
"WebSite","encodings","CreativeWorkBase","ikke relevant","Utelatt: ingen rolle i denne avgrensede artikkel-, navigasjons- eller identitetsmodellen; ikke et krav om full Schema.org-utfylling.","Schema.org-semantikk. Ikke dokumentert her som et Google Article-/Breadcrumb rich-result-felt; ingen visningsgaranti.","https://schema.org/encodings"
"WebSite","exampleOfWork","CreativeWorkBase","ikke relevant","Utelatt: ingen rolle i denne avgrensede artikkel-, navigasjons- eller identitetsmodellen; ikke et krav om full Schema.org-utfylling.","Schema.org-semantikk. Ikke dokumentert her som et Google Article-/Breadcrumb rich-result-felt; ingen visningsgaranti.","https://schema.org/exampleOfWork"
"WebSite","expires","CreativeWorkBase","ikke relevant","Utelatt: ingen rolle i denne avgrensede artikkel-, navigasjons- eller identitetsmodellen; ikke et krav om full Schema.org-utfylling.","Schema.org-semantikk. Ikke dokumentert her som et Google Article-/Breadcrumb rich-result-felt; ingen visningsgaranti.","https://schema.org/expires"
"WebSite","fileFormat","CreativeWorkBase","ikke relevant","Utelatt: ingen rolle i denne avgrensede artikkel-, navigasjons- eller identitetsmodellen; ikke et krav om full Schema.org-utfylling.","Schema.org-semantikk. Ikke dokumentert her som et Google Article-/Breadcrumb rich-result-felt; ingen visningsgaranti.","https://schema.org/fileFormat"
"WebSite","funder","CreativeWorkBase","manglende dokumentasjon","Ikke publisert uten dokumentert verdi/rettighet/identitet; valgfritt felt.","Schema.org-semantikk. Ikke dokumentert her som et Google Article-/Breadcrumb rich-result-felt; ingen visningsgaranti.","https://schema.org/funder"
"WebSite","funding","CreativeWorkBase","manglende dokumentasjon","Ikke publisert uten dokumentert verdi/rettighet/identitet; valgfritt felt.","Schema.org-semantikk. Ikke dokumentert her som et Google Article-/Breadcrumb rich-result-felt; ingen visningsgaranti.","https://schema.org/funding"
"WebSite","genre","CreativeWorkBase","ikke relevant","Utelatt: ingen rolle i denne avgrensede artikkel-, navigasjons- eller identitetsmodellen; ikke et krav om full Schema.org-utfylling.","Schema.org-semantikk. Ikke dokumentert her som et Google Article-/Breadcrumb rich-result-felt; ingen visningsgaranti.","https://schema.org/genre"
"WebSite","hasPart","CreativeWorkBase","ikke relevant","Utelatt: ingen rolle i denne avgrensede artikkel-, navigasjons- eller identitetsmodellen; ikke et krav om full Schema.org-utfylling.","Schema.org-semantikk. Ikke dokumentert her som et Google Article-/Breadcrumb rich-result-felt; ingen visningsgaranti.","https://schema.org/hasPart"
"WebSite","headline","CreativeWorkBase","ikke relevant","Utelatt: ingen rolle i denne avgrensede artikkel-, navigasjons- eller identitetsmodellen; ikke et krav om full Schema.org-utfylling.","Schema.org-semantikk. Ikke dokumentert her som et Google Article-/Breadcrumb rich-result-felt; ingen visningsgaranti.","https://schema.org/headline"
"WebSite","inLanguage","CreativeWorkBase","implementert","Felles identitet fra root layout. Utekos/KELC AS: BRREG 925820393 og synlig nettstedskontakt, kontrollert 2026-10-09. Sidene refererer til stabile @id-verdier.","Schema.org-semantikk. Ikke dokumentert her som et Google Article-/Breadcrumb rich-result-felt; ingen visningsgaranti.","https://schema.org/inLanguage"
"WebSite","interactionStatistic","CreativeWorkBase","ikke relevant","Utelatt: ingen rolle i denne avgrensede artikkel-, navigasjons- eller identitetsmodellen; ikke et krav om full Schema.org-utfylling.","Schema.org-semantikk. Ikke dokumentert her som et Google Article-/Breadcrumb rich-result-felt; ingen visningsgaranti.","https://schema.org/interactionStatistic"
"WebSite","interactivityType","CreativeWorkBase","ikke relevant","Utelatt: ingen rolle i denne avgrensede artikkel-, navigasjons- eller identitetsmodellen; ikke et krav om full Schema.org-utfylling.","Schema.org-semantikk. Ikke dokumentert her som et Google Article-/Breadcrumb rich-result-felt; ingen visningsgaranti.","https://schema.org/interactivityType"
"WebSite","interpretedAsClaim","CreativeWorkBase","ikke relevant","Utelatt: ingen rolle i denne avgrensede artikkel-, navigasjons- eller identitetsmodellen; ikke et krav om full Schema.org-utfylling.","Schema.org-semantikk. Ikke dokumentert her som et Google Article-/Breadcrumb rich-result-felt; ingen visningsgaranti.","https://schema.org/interpretedAsClaim"
"WebSite","isAccessibleForFree","CreativeWorkBase","ikke relevant","Utelatt: ingen rolle i denne avgrensede artikkel-, navigasjons- eller identitetsmodellen; ikke et krav om full Schema.org-utfylling.","Schema.org-semantikk. Ikke dokumentert her som et Google Article-/Breadcrumb rich-result-felt; ingen visningsgaranti.","https://schema.org/isAccessibleForFree"
"WebSite","isBasedOn","CreativeWorkBase","manglende dokumentasjon","Ikke publisert uten dokumentert verdi/rettighet/identitet; valgfritt felt.","Schema.org-semantikk. Ikke dokumentert her som et Google Article-/Breadcrumb rich-result-felt; ingen visningsgaranti.","https://schema.org/isBasedOn"
"WebSite","isBasedOnUrl","CreativeWorkBase","ikke relevant","Utelatt: ingen rolle i denne avgrensede artikkel-, navigasjons- eller identitetsmodellen; ikke et krav om full Schema.org-utfylling.","Schema.org-semantikk. Ikke dokumentert her som et Google Article-/Breadcrumb rich-result-felt; ingen visningsgaranti.","https://schema.org/isBasedOnUrl"
"WebSite","isFamilyFriendly","CreativeWorkBase","ikke relevant","Utelatt: ingen rolle i denne avgrensede artikkel-, navigasjons- eller identitetsmodellen; ikke et krav om full Schema.org-utfylling.","Schema.org-semantikk. Ikke dokumentert her som et Google Article-/Breadcrumb rich-result-felt; ingen visningsgaranti.","https://schema.org/isFamilyFriendly"
"WebSite","isPartOf","CreativeWorkBase","ikke relevant","Utelatt: ingen rolle i denne avgrensede artikkel-, navigasjons- eller identitetsmodellen; ikke et krav om full Schema.org-utfylling.","Schema.org-semantikk. Ikke dokumentert her som et Google Article-/Breadcrumb rich-result-felt; ingen visningsgaranti.","https://schema.org/isPartOf"
"WebSite","keywords","CreativeWorkBase","ikke relevant","Utelatt: ingen rolle i denne avgrensede artikkel-, navigasjons- eller identitetsmodellen; ikke et krav om full Schema.org-utfylling.","Schema.org-semantikk. Ikke dokumentert her som et Google Article-/Breadcrumb rich-result-felt; ingen visningsgaranti.","https://schema.org/keywords"
"WebSite","learningResourceType","CreativeWorkBase","ikke relevant","Utelatt: ingen rolle i denne avgrensede artikkel-, navigasjons- eller identitetsmodellen; ikke et krav om full Schema.org-utfylling.","Schema.org-semantikk. Ikke dokumentert her som et Google Article-/Breadcrumb rich-result-felt; ingen visningsgaranti.","https://schema.org/learningResourceType"
"WebSite","license","CreativeWorkBase","manglende dokumentasjon","Ikke publisert uten dokumentert verdi/rettighet/identitet; valgfritt felt.","Schema.org-semantikk. Ikke dokumentert her som et Google Article-/Breadcrumb rich-result-felt; ingen visningsgaranti.","https://schema.org/license"
"WebSite","locationCreated","CreativeWorkBase","manglende dokumentasjon","Ikke publisert uten dokumentert verdi/rettighet/identitet; valgfritt felt.","Schema.org-semantikk. Ikke dokumentert her som et Google Article-/Breadcrumb rich-result-felt; ingen visningsgaranti.","https://schema.org/locationCreated"
"WebSite","mainEntity","CreativeWorkBase","ikke relevant","Utelatt: ingen rolle i denne avgrensede artikkel-, navigasjons- eller identitetsmodellen; ikke et krav om full Schema.org-utfylling.","Schema.org-semantikk. Ikke dokumentert her som et Google Article-/Breadcrumb rich-result-felt; ingen visningsgaranti.","https://schema.org/mainEntity"
"WebSite","maintainer","CreativeWorkBase","manglende dokumentasjon","Ikke publisert uten dokumentert verdi/rettighet/identitet; valgfritt felt.","Schema.org-semantikk. Ikke dokumentert her som et Google Article-/Breadcrumb rich-result-felt; ingen visningsgaranti.","https://schema.org/maintainer"
"WebSite","material","CreativeWorkBase","ikke relevant","Utelatt: ingen rolle i denne avgrensede artikkel-, navigasjons- eller identitetsmodellen; ikke et krav om full Schema.org-utfylling.","Schema.org-semantikk. Ikke dokumentert her som et Google Article-/Breadcrumb rich-result-felt; ingen visningsgaranti.","https://schema.org/material"
"WebSite","materialExtent","CreativeWorkBase","ikke relevant","Utelatt: ingen rolle i denne avgrensede artikkel-, navigasjons- eller identitetsmodellen; ikke et krav om full Schema.org-utfylling.","Schema.org-semantikk. Ikke dokumentert her som et Google Article-/Breadcrumb rich-result-felt; ingen visningsgaranti.","https://schema.org/materialExtent"
"WebSite","mentions","CreativeWorkBase","ikke relevant","Utelatt: ingen rolle i denne avgrensede artikkel-, navigasjons- eller identitetsmodellen; ikke et krav om full Schema.org-utfylling.","Schema.org-semantikk. Ikke dokumentert her som et Google Article-/Breadcrumb rich-result-felt; ingen visningsgaranti.","https://schema.org/mentions"
"WebSite","offers","CreativeWorkBase","ikke relevant","Utelatt: ingen rolle i denne avgrensede artikkel-, navigasjons- eller identitetsmodellen; ikke et krav om full Schema.org-utfylling.","Schema.org-semantikk. Ikke dokumentert her som et Google Article-/Breadcrumb rich-result-felt; ingen visningsgaranti.","https://schema.org/offers"
"WebSite","pattern","CreativeWorkBase","ikke relevant","Utelatt: ingen rolle i denne avgrensede artikkel-, navigasjons- eller identitetsmodellen; ikke et krav om full Schema.org-utfylling.","Schema.org-semantikk. Ikke dokumentert her som et Google Article-/Breadcrumb rich-result-felt; ingen visningsgaranti.","https://schema.org/pattern"
"WebSite","position","CreativeWorkBase","ikke relevant","Utelatt: ingen rolle i denne avgrensede artikkel-, navigasjons- eller identitetsmodellen; ikke et krav om full Schema.org-utfylling.","Schema.org-semantikk. Ikke dokumentert her som et Google Article-/Breadcrumb rich-result-felt; ingen visningsgaranti.","https://schema.org/position"
"WebSite","producer","CreativeWorkBase","ikke relevant","Utelatt: ingen rolle i denne avgrensede artikkel-, navigasjons- eller identitetsmodellen; ikke et krav om full Schema.org-utfylling.","Schema.org-semantikk. Ikke dokumentert her som et Google Article-/Breadcrumb rich-result-felt; ingen visningsgaranti.","https://schema.org/producer"
"WebSite","provider","CreativeWorkBase","ikke relevant","Utelatt: ingen rolle i denne avgrensede artikkel-, navigasjons- eller identitetsmodellen; ikke et krav om full Schema.org-utfylling.","Schema.org-semantikk. Ikke dokumentert her som et Google Article-/Breadcrumb rich-result-felt; ingen visningsgaranti.","https://schema.org/provider"
"WebSite","publication","CreativeWorkBase","ikke relevant","Utelatt: ingen rolle i denne avgrensede artikkel-, navigasjons- eller identitetsmodellen; ikke et krav om full Schema.org-utfylling.","Schema.org-semantikk. Ikke dokumentert her som et Google Article-/Breadcrumb rich-result-felt; ingen visningsgaranti.","https://schema.org/publication"
"WebSite","publisher","CreativeWorkBase","implementert","Felles identitet fra root layout. Utekos/KELC AS: BRREG 925820393 og synlig nettstedskontakt, kontrollert 2026-10-09. Sidene refererer til stabile @id-verdier.","Schema.org-semantikk. Ikke dokumentert her som et Google Article-/Breadcrumb rich-result-felt; ingen visningsgaranti.","https://schema.org/publisher"
"WebSite","publisherImprint","CreativeWorkBase","ikke relevant","Utelatt: ingen rolle i denne avgrensede artikkel-, navigasjons- eller identitetsmodellen; ikke et krav om full Schema.org-utfylling.","Schema.org-semantikk. Ikke dokumentert her som et Google Article-/Breadcrumb rich-result-felt; ingen visningsgaranti.","https://schema.org/publisherImprint"
"WebSite","publishingPrinciples","CreativeWorkBase","manglende dokumentasjon","Ikke publisert uten dokumentert verdi/rettighet/identitet; valgfritt felt.","Schema.org-semantikk. Ikke dokumentert her som et Google Article-/Breadcrumb rich-result-felt; ingen visningsgaranti.","https://schema.org/publishingPrinciples"
"WebSite","recordedAt","CreativeWorkBase","ikke relevant","Utelatt: ingen rolle i denne avgrensede artikkel-, navigasjons- eller identitetsmodellen; ikke et krav om full Schema.org-utfylling.","Schema.org-semantikk. Ikke dokumentert her som et Google Article-/Breadcrumb rich-result-felt; ingen visningsgaranti.","https://schema.org/recordedAt"
"WebSite","releasedEvent","CreativeWorkBase","ikke relevant","Utelatt: ingen rolle i denne avgrensede artikkel-, navigasjons- eller identitetsmodellen; ikke et krav om full Schema.org-utfylling.","Schema.org-semantikk. Ikke dokumentert her som et Google Article-/Breadcrumb rich-result-felt; ingen visningsgaranti.","https://schema.org/releasedEvent"
"WebSite","review","CreativeWorkBase","manglende dokumentasjon","Ikke publisert uten dokumentert verdi/rettighet/identitet; valgfritt felt.","Schema.org-semantikk. Ikke dokumentert her som et Google Article-/Breadcrumb rich-result-felt; ingen visningsgaranti.","https://schema.org/review"
"WebSite","reviews","CreativeWorkBase","ikke relevant","Utelatt: ingen rolle i denne avgrensede artikkel-, navigasjons- eller identitetsmodellen; ikke et krav om full Schema.org-utfylling.","Schema.org-semantikk. Ikke dokumentert her som et Google Article-/Breadcrumb rich-result-felt; ingen visningsgaranti.","https://schema.org/reviews"
"WebSite","schemaVersion","CreativeWorkBase","ikke relevant","Utelatt: ingen rolle i denne avgrensede artikkel-, navigasjons- eller identitetsmodellen; ikke et krav om full Schema.org-utfylling.","Schema.org-semantikk. Ikke dokumentert her som et Google Article-/Breadcrumb rich-result-felt; ingen visningsgaranti.","https://schema.org/schemaVersion"
"WebSite","sdDatePublished","CreativeWorkBase","ikke relevant","Utelatt: ingen rolle i denne avgrensede artikkel-, navigasjons- eller identitetsmodellen; ikke et krav om full Schema.org-utfylling.","Schema.org-semantikk. Ikke dokumentert her som et Google Article-/Breadcrumb rich-result-felt; ingen visningsgaranti.","https://schema.org/sdDatePublished"
"WebSite","sdLicense","CreativeWorkBase","ikke relevant","Utelatt: ingen rolle i denne avgrensede artikkel-, navigasjons- eller identitetsmodellen; ikke et krav om full Schema.org-utfylling.","Schema.org-semantikk. Ikke dokumentert her som et Google Article-/Breadcrumb rich-result-felt; ingen visningsgaranti.","https://schema.org/sdLicense"
"WebSite","sdPublisher","CreativeWorkBase","ikke relevant","Utelatt: ingen rolle i denne avgrensede artikkel-, navigasjons- eller identitetsmodellen; ikke et krav om full Schema.org-utfylling.","Schema.org-semantikk. Ikke dokumentert her som et Google Article-/Breadcrumb rich-result-felt; ingen visningsgaranti.","https://schema.org/sdPublisher"
"WebSite","size","CreativeWorkBase","ikke relevant","Utelatt: ingen rolle i denne avgrensede artikkel-, navigasjons- eller identitetsmodellen; ikke et krav om full Schema.org-utfylling.","Schema.org-semantikk. Ikke dokumentert her som et Google Article-/Breadcrumb rich-result-felt; ingen visningsgaranti.","https://schema.org/size"
"WebSite","sourceOrganization","CreativeWorkBase","ikke relevant","Utelatt: ingen rolle i denne avgrensede artikkel-, navigasjons- eller identitetsmodellen; ikke et krav om full Schema.org-utfylling.","Schema.org-semantikk. Ikke dokumentert her som et Google Article-/Breadcrumb rich-result-felt; ingen visningsgaranti.","https://schema.org/sourceOrganization"
"WebSite","spatial","CreativeWorkBase","ikke relevant","Utelatt: ingen rolle i denne avgrensede artikkel-, navigasjons- eller identitetsmodellen; ikke et krav om full Schema.org-utfylling.","Schema.org-semantikk. Ikke dokumentert her som et Google Article-/Breadcrumb rich-result-felt; ingen visningsgaranti.","https://schema.org/spatial"
"WebSite","spatialCoverage","CreativeWorkBase","ikke relevant","Utelatt: ingen rolle i denne avgrensede artikkel-, navigasjons- eller identitetsmodellen; ikke et krav om full Schema.org-utfylling.","Schema.org-semantikk. Ikke dokumentert her som et Google Article-/Breadcrumb rich-result-felt; ingen visningsgaranti.","https://schema.org/spatialCoverage"
"WebSite","sponsor","CreativeWorkBase","manglende dokumentasjon","Ikke publisert uten dokumentert verdi/rettighet/identitet; valgfritt felt.","Schema.org-semantikk. Ikke dokumentert her som et Google Article-/Breadcrumb rich-result-felt; ingen visningsgaranti.","https://schema.org/sponsor"
"WebSite","teaches","CreativeWorkBase","ikke relevant","Utelatt: ingen rolle i denne avgrensede artikkel-, navigasjons- eller identitetsmodellen; ikke et krav om full Schema.org-utfylling.","Schema.org-semantikk. Ikke dokumentert her som et Google Article-/Breadcrumb rich-result-felt; ingen visningsgaranti.","https://schema.org/teaches"
"WebSite","temporal","CreativeWorkBase","ikke relevant","Utelatt: ingen rolle i denne avgrensede artikkel-, navigasjons- eller identitetsmodellen; ikke et krav om full Schema.org-utfylling.","Schema.org-semantikk. Ikke dokumentert her som et Google Article-/Breadcrumb rich-result-felt; ingen visningsgaranti.","https://schema.org/temporal"
"WebSite","temporalCoverage","CreativeWorkBase","manglende dokumentasjon","Ikke publisert uten dokumentert verdi/rettighet/identitet; valgfritt felt.","Schema.org-semantikk. Ikke dokumentert her som et Google Article-/Breadcrumb rich-result-felt; ingen visningsgaranti.","https://schema.org/temporalCoverage"
"WebSite","text","CreativeWorkBase","ikke relevant","Utelatt: ingen rolle i denne avgrensede artikkel-, navigasjons- eller identitetsmodellen; ikke et krav om full Schema.org-utfylling.","Schema.org-semantikk. Ikke dokumentert her som et Google Article-/Breadcrumb rich-result-felt; ingen visningsgaranti.","https://schema.org/text"
"WebSite","thumbnail","CreativeWorkBase","ikke relevant","Utelatt: ingen rolle i denne avgrensede artikkel-, navigasjons- eller identitetsmodellen; ikke et krav om full Schema.org-utfylling.","Schema.org-semantikk. Ikke dokumentert her som et Google Article-/Breadcrumb rich-result-felt; ingen visningsgaranti.","https://schema.org/thumbnail"
"WebSite","thumbnailUrl","CreativeWorkBase","ikke relevant","Utelatt: ingen rolle i denne avgrensede artikkel-, navigasjons- eller identitetsmodellen; ikke et krav om full Schema.org-utfylling.","Schema.org-semantikk. Ikke dokumentert her som et Google Article-/Breadcrumb rich-result-felt; ingen visningsgaranti.","https://schema.org/thumbnailUrl"
"WebSite","timeRequired","CreativeWorkBase","ikke relevant","Utelatt: ingen rolle i denne avgrensede artikkel-, navigasjons- eller identitetsmodellen; ikke et krav om full Schema.org-utfylling.","Schema.org-semantikk. Ikke dokumentert her som et Google Article-/Breadcrumb rich-result-felt; ingen visningsgaranti.","https://schema.org/timeRequired"
"WebSite","translationOfWork","CreativeWorkBase","ikke relevant","Utelatt: ingen rolle i denne avgrensede artikkel-, navigasjons- eller identitetsmodellen; ikke et krav om full Schema.org-utfylling.","Schema.org-semantikk. Ikke dokumentert her som et Google Article-/Breadcrumb rich-result-felt; ingen visningsgaranti.","https://schema.org/translationOfWork"
"WebSite","translator","CreativeWorkBase","manglende dokumentasjon","Ikke publisert uten dokumentert verdi/rettighet/identitet; valgfritt felt.","Schema.org-semantikk. Ikke dokumentert her som et Google Article-/Breadcrumb rich-result-felt; ingen visningsgaranti.","https://schema.org/translator"
"WebSite","typicalAgeRange","CreativeWorkBase","ikke relevant","Utelatt: ingen rolle i denne avgrensede artikkel-, navigasjons- eller identitetsmodellen; ikke et krav om full Schema.org-utfylling.","Schema.org-semantikk. Ikke dokumentert her som et Google Article-/Breadcrumb rich-result-felt; ingen visningsgaranti.","https://schema.org/typicalAgeRange"
"WebSite","usageInfo","CreativeWorkBase","ikke relevant","Utelatt: ingen rolle i denne avgrensede artikkel-, navigasjons- eller identitetsmodellen; ikke et krav om full Schema.org-utfylling.","Schema.org-semantikk. Ikke dokumentert her som et Google Article-/Breadcrumb rich-result-felt; ingen visningsgaranti.","https://schema.org/usageInfo"
"WebSite","version","CreativeWorkBase","manglende dokumentasjon","Ikke publisert uten dokumentert verdi/rettighet/identitet; valgfritt felt.","Schema.org-semantikk. Ikke dokumentert her som et Google Article-/Breadcrumb rich-result-felt; ingen visningsgaranti.","https://schema.org/version"
"WebSite","video","CreativeWorkBase","ikke relevant","Utelatt: ingen rolle i denne avgrensede artikkel-, navigasjons- eller identitetsmodellen; ikke et krav om full Schema.org-utfylling.","Schema.org-semantikk. Ikke dokumentert her som et Google Article-/Breadcrumb rich-result-felt; ingen visningsgaranti.","https://schema.org/video"
"WebSite","wordCount","CreativeWorkBase","ikke relevant","Utelatt: ingen rolle i denne avgrensede artikkel-, navigasjons- eller identitetsmodellen; ikke et krav om full Schema.org-utfylling.","Schema.org-semantikk. Ikke dokumentert her som et Google Article-/Breadcrumb rich-result-felt; ingen visningsgaranti.","https://schema.org/wordCount"
"WebSite","workExample","CreativeWorkBase","ikke relevant","Utelatt: ingen rolle i denne avgrensede artikkel-, navigasjons- eller identitetsmodellen; ikke et krav om full Schema.org-utfylling.","Schema.org-semantikk. Ikke dokumentert her som et Google Article-/Breadcrumb rich-result-felt; ingen visningsgaranti.","https://schema.org/workExample"
"WebSite","workTranslation","CreativeWorkBase","ikke relevant","Utelatt: ingen rolle i denne avgrensede artikkel-, navigasjons- eller identitetsmodellen; ikke et krav om full Schema.org-utfylling.","Schema.org-semantikk. Ikke dokumentert her som et Google Article-/Breadcrumb rich-result-felt; ingen visningsgaranti.","https://schema.org/workTranslation"
"WebSite","additionalType","ThingBase","ikke relevant","Utelatt: ingen rolle i denne avgrensede artikkel-, navigasjons- eller identitetsmodellen; ikke et krav om full Schema.org-utfylling.","Schema.org-semantikk. Ikke dokumentert her som et Google Article-/Breadcrumb rich-result-felt; ingen visningsgaranti.","https://schema.org/additionalType"
"WebSite","alternateName","ThingBase","ikke relevant","Utelatt: ingen rolle i denne avgrensede artikkel-, navigasjons- eller identitetsmodellen; ikke et krav om full Schema.org-utfylling.","Dokumentert av Google for den aktuelle funksjonen; ListItem-felter gjelder BreadcrumbList, ikke en generell artikkelkarusell.","https://schema.org/alternateName"
"WebSite","description","ThingBase","ikke relevant","Utelatt: ingen rolle i denne avgrensede artikkel-, navigasjons- eller identitetsmodellen; ikke et krav om full Schema.org-utfylling.","Schema.org-semantikk. Ikke dokumentert her som et Google Article-/Breadcrumb rich-result-felt; ingen visningsgaranti.","https://schema.org/description"
"WebSite","disambiguatingDescription","ThingBase","ikke relevant","Utelatt: ingen rolle i denne avgrensede artikkel-, navigasjons- eller identitetsmodellen; ikke et krav om full Schema.org-utfylling.","Schema.org-semantikk. Ikke dokumentert her som et Google Article-/Breadcrumb rich-result-felt; ingen visningsgaranti.","https://schema.org/disambiguatingDescription"
"WebSite","identifier","ThingBase","manglende dokumentasjon","Ikke publisert uten dokumentert verdi/rettighet/identitet; valgfritt felt.","Schema.org-semantikk. Ikke dokumentert her som et Google Article-/Breadcrumb rich-result-felt; ingen visningsgaranti.","https://schema.org/identifier"
"WebSite","image","ThingBase","ikke relevant","Utelatt: ingen rolle i denne avgrensede artikkel-, navigasjons- eller identitetsmodellen; ikke et krav om full Schema.org-utfylling.","Schema.org-semantikk. Ikke dokumentert her som et Google Article-/Breadcrumb rich-result-felt; ingen visningsgaranti.","https://schema.org/image"
"WebSite","mainEntityOfPage","ThingBase","ikke relevant","Utelatt: ingen rolle i denne avgrensede artikkel-, navigasjons- eller identitetsmodellen; ikke et krav om full Schema.org-utfylling.","Schema.org-semantikk. Ikke dokumentert her som et Google Article-/Breadcrumb rich-result-felt; ingen visningsgaranti.","https://schema.org/mainEntityOfPage"
"WebSite","name","ThingBase","implementert","Felles identitet fra root layout. Utekos/KELC AS: BRREG 925820393 og synlig nettstedskontakt, kontrollert 2026-10-09. Sidene refererer til stabile @id-verdier.","Dokumentert av Google for den aktuelle funksjonen; ListItem-felter gjelder BreadcrumbList, ikke en generell artikkelkarusell.","https://schema.org/name"
"WebSite","owner","ThingBase","ikke relevant","Utelatt: ingen rolle i denne avgrensede artikkel-, navigasjons- eller identitetsmodellen; ikke et krav om full Schema.org-utfylling.","Schema.org-semantikk. Ikke dokumentert her som et Google Article-/Breadcrumb rich-result-felt; ingen visningsgaranti.","https://schema.org/owner"
"WebSite","potentialAction","ThingBase","ikke relevant","Utelatt: ingen rolle i denne avgrensede artikkel-, navigasjons- eller identitetsmodellen; ikke et krav om full Schema.org-utfylling.","Schema.org-semantikk. Ikke dokumentert her som et Google Article-/Breadcrumb rich-result-felt; ingen visningsgaranti.","https://schema.org/potentialAction"
"WebSite","sameAs","ThingBase","manglende dokumentasjon","Ikke publisert uten dokumentert verdi/rettighet/identitet; valgfritt felt.","Schema.org-semantikk. Ikke dokumentert her som et Google Article-/Breadcrumb rich-result-felt; ingen visningsgaranti.","https://schema.org/sameAs"
"WebSite","subjectOf","ThingBase","ikke relevant","Utelatt: ingen rolle i denne avgrensede artikkel-, navigasjons- eller identitetsmodellen; ikke et krav om full Schema.org-utfylling.","Schema.org-semantikk. Ikke dokumentert her som et Google Article-/Breadcrumb rich-result-felt; ingen visningsgaranti.","https://schema.org/subjectOf"
"WebSite","url","ThingBase","implementert","Felles identitet fra root layout. Utekos/KELC AS: BRREG 925820393 og synlig nettstedskontakt, kontrollert 2026-10-09. Sidene refererer til stabile @id-verdier.","Dokumentert av Google for den aktuelle funksjonen; ListItem-felter gjelder BreadcrumbList, ikke en generell artikkelkarusell.","https://schema.org/url"
"WebSite","@id","IdReference","implementert","Felles identitet fra root layout. Utekos/KELC AS: BRREG 925820393 og synlig nettstedskontakt, kontrollert 2026-10-09. Sidene refererer til stabile @id-verdier.","JSON-LD struktur/identitet.","https://www.w3.org/TR/json-ld11/"
"PostalAddress","@type","PostalAddressLeaf","implementert","Felles identitet fra root layout. Utekos/KELC AS: BRREG 925820393 og synlig nettstedskontakt, kontrollert 2026-10-09. Sidene refererer til stabile @id-verdier.","JSON-LD struktur/identitet.","https://www.w3.org/TR/json-ld11/"
"PostalAddress","addressCountry","PostalAddressBase","implementert","Felles identitet fra root layout. Utekos/KELC AS: BRREG 925820393 og synlig nettstedskontakt, kontrollert 2026-10-09. Sidene refererer til stabile @id-verdier.","Dokumentert av Google for den aktuelle funksjonen; ListItem-felter gjelder BreadcrumbList, ikke en generell artikkelkarusell.","https://schema.org/addressCountry"
"PostalAddress","addressLocality","PostalAddressBase","implementert","Felles identitet fra root layout. Utekos/KELC AS: BRREG 925820393 og synlig nettstedskontakt, kontrollert 2026-10-09. Sidene refererer til stabile @id-verdier.","Dokumentert av Google for den aktuelle funksjonen; ListItem-felter gjelder BreadcrumbList, ikke en generell artikkelkarusell.","https://schema.org/addressLocality"
"PostalAddress","addressRegion","PostalAddressBase","ikke relevant","Utelatt: ingen rolle i denne avgrensede artikkel-, navigasjons- eller identitetsmodellen; ikke et krav om full Schema.org-utfylling.","Schema.org-semantikk. Ikke dokumentert her som et Google Article-/Breadcrumb rich-result-felt; ingen visningsgaranti.","https://schema.org/addressRegion"
"PostalAddress","extendedAddress","PostalAddressBase","ikke relevant","Utelatt: ingen rolle i denne avgrensede artikkel-, navigasjons- eller identitetsmodellen; ikke et krav om full Schema.org-utfylling.","Schema.org-semantikk. Ikke dokumentert her som et Google Article-/Breadcrumb rich-result-felt; ingen visningsgaranti.","https://schema.org/extendedAddress"
"PostalAddress","postalCode","PostalAddressBase","implementert","Felles identitet fra root layout. Utekos/KELC AS: BRREG 925820393 og synlig nettstedskontakt, kontrollert 2026-10-09. Sidene refererer til stabile @id-verdier.","Dokumentert av Google for den aktuelle funksjonen; ListItem-felter gjelder BreadcrumbList, ikke en generell artikkelkarusell.","https://schema.org/postalCode"
"PostalAddress","postOfficeBoxNumber","PostalAddressBase","ikke relevant","Utelatt: ingen rolle i denne avgrensede artikkel-, navigasjons- eller identitetsmodellen; ikke et krav om full Schema.org-utfylling.","Schema.org-semantikk. Ikke dokumentert her som et Google Article-/Breadcrumb rich-result-felt; ingen visningsgaranti.","https://schema.org/postOfficeBoxNumber"
"PostalAddress","streetAddress","PostalAddressBase","implementert","Felles identitet fra root layout. Utekos/KELC AS: BRREG 925820393 og synlig nettstedskontakt, kontrollert 2026-10-09. Sidene refererer til stabile @id-verdier.","Dokumentert av Google for den aktuelle funksjonen; ListItem-felter gjelder BreadcrumbList, ikke en generell artikkelkarusell.","https://schema.org/streetAddress"
"PostalAddress","areaServed","ContactPointBase","ikke relevant","Utelatt: ingen rolle i denne avgrensede artikkel-, navigasjons- eller identitetsmodellen; ikke et krav om full Schema.org-utfylling.","Schema.org-semantikk. Ikke dokumentert her som et Google Article-/Breadcrumb rich-result-felt; ingen visningsgaranti.","https://schema.org/areaServed"
"PostalAddress","availableLanguage","ContactPointBase","ikke relevant","Utelatt: ingen rolle i denne avgrensede artikkel-, navigasjons- eller identitetsmodellen; ikke et krav om full Schema.org-utfylling.","Schema.org-semantikk. Ikke dokumentert her som et Google Article-/Breadcrumb rich-result-felt; ingen visningsgaranti.","https://schema.org/availableLanguage"
"PostalAddress","contactOption","ContactPointBase","ikke relevant","Utelatt: ingen rolle i denne avgrensede artikkel-, navigasjons- eller identitetsmodellen; ikke et krav om full Schema.org-utfylling.","Schema.org-semantikk. Ikke dokumentert her som et Google Article-/Breadcrumb rich-result-felt; ingen visningsgaranti.","https://schema.org/contactOption"
"PostalAddress","contactType","ContactPointBase","ikke relevant","Utelatt: ingen rolle i denne avgrensede artikkel-, navigasjons- eller identitetsmodellen; ikke et krav om full Schema.org-utfylling.","Schema.org-semantikk. Ikke dokumentert her som et Google Article-/Breadcrumb rich-result-felt; ingen visningsgaranti.","https://schema.org/contactType"
"PostalAddress","email","ContactPointBase","manglende dokumentasjon","Ikke publisert uten dokumentert verdi/rettighet/identitet; valgfritt felt.","Schema.org-semantikk. Ikke dokumentert her som et Google Article-/Breadcrumb rich-result-felt; ingen visningsgaranti.","https://schema.org/email"
"PostalAddress","faxNumber","ContactPointBase","ikke relevant","Utelatt: ingen rolle i denne avgrensede artikkel-, navigasjons- eller identitetsmodellen; ikke et krav om full Schema.org-utfylling.","Schema.org-semantikk. Ikke dokumentert her som et Google Article-/Breadcrumb rich-result-felt; ingen visningsgaranti.","https://schema.org/faxNumber"
"PostalAddress","hoursAvailable","ContactPointBase","ikke relevant","Utelatt: ingen rolle i denne avgrensede artikkel-, navigasjons- eller identitetsmodellen; ikke et krav om full Schema.org-utfylling.","Schema.org-semantikk. Ikke dokumentert her som et Google Article-/Breadcrumb rich-result-felt; ingen visningsgaranti.","https://schema.org/hoursAvailable"
"PostalAddress","productSupported","ContactPointBase","ikke relevant","Utelatt: ingen rolle i denne avgrensede artikkel-, navigasjons- eller identitetsmodellen; ikke et krav om full Schema.org-utfylling.","Schema.org-semantikk. Ikke dokumentert her som et Google Article-/Breadcrumb rich-result-felt; ingen visningsgaranti.","https://schema.org/productSupported"
"PostalAddress","serviceArea","ContactPointBase","ikke relevant","Utelatt: ingen rolle i denne avgrensede artikkel-, navigasjons- eller identitetsmodellen; ikke et krav om full Schema.org-utfylling.","Schema.org-semantikk. Ikke dokumentert her som et Google Article-/Breadcrumb rich-result-felt; ingen visningsgaranti.","https://schema.org/serviceArea"
"PostalAddress","telephone","ContactPointBase","manglende dokumentasjon","Ikke publisert uten dokumentert verdi/rettighet/identitet; valgfritt felt.","Schema.org-semantikk. Ikke dokumentert her som et Google Article-/Breadcrumb rich-result-felt; ingen visningsgaranti.","https://schema.org/telephone"
"PostalAddress","additionalType","ThingBase","ikke relevant","Utelatt: ingen rolle i denne avgrensede artikkel-, navigasjons- eller identitetsmodellen; ikke et krav om full Schema.org-utfylling.","Schema.org-semantikk. Ikke dokumentert her som et Google Article-/Breadcrumb rich-result-felt; ingen visningsgaranti.","https://schema.org/additionalType"
"PostalAddress","alternateName","ThingBase","ikke relevant","Utelatt: ingen rolle i denne avgrensede artikkel-, navigasjons- eller identitetsmodellen; ikke et krav om full Schema.org-utfylling.","Schema.org-semantikk. Ikke dokumentert her som et Google Article-/Breadcrumb rich-result-felt; ingen visningsgaranti.","https://schema.org/alternateName"
"PostalAddress","description","ThingBase","ikke relevant","Utelatt: ingen rolle i denne avgrensede artikkel-, navigasjons- eller identitetsmodellen; ikke et krav om full Schema.org-utfylling.","Schema.org-semantikk. Ikke dokumentert her som et Google Article-/Breadcrumb rich-result-felt; ingen visningsgaranti.","https://schema.org/description"
"PostalAddress","disambiguatingDescription","ThingBase","ikke relevant","Utelatt: ingen rolle i denne avgrensede artikkel-, navigasjons- eller identitetsmodellen; ikke et krav om full Schema.org-utfylling.","Schema.org-semantikk. Ikke dokumentert her som et Google Article-/Breadcrumb rich-result-felt; ingen visningsgaranti.","https://schema.org/disambiguatingDescription"
"PostalAddress","identifier","ThingBase","manglende dokumentasjon","Ikke publisert uten dokumentert verdi/rettighet/identitet; valgfritt felt.","Schema.org-semantikk. Ikke dokumentert her som et Google Article-/Breadcrumb rich-result-felt; ingen visningsgaranti.","https://schema.org/identifier"
"PostalAddress","image","ThingBase","ikke relevant","Utelatt: ingen rolle i denne avgrensede artikkel-, navigasjons- eller identitetsmodellen; ikke et krav om full Schema.org-utfylling.","Schema.org-semantikk. Ikke dokumentert her som et Google Article-/Breadcrumb rich-result-felt; ingen visningsgaranti.","https://schema.org/image"
"PostalAddress","mainEntityOfPage","ThingBase","ikke relevant","Utelatt: ingen rolle i denne avgrensede artikkel-, navigasjons- eller identitetsmodellen; ikke et krav om full Schema.org-utfylling.","Schema.org-semantikk. Ikke dokumentert her som et Google Article-/Breadcrumb rich-result-felt; ingen visningsgaranti.","https://schema.org/mainEntityOfPage"
"PostalAddress","name","ThingBase","ikke relevant","Utelatt: ingen rolle i denne avgrensede artikkel-, navigasjons- eller identitetsmodellen; ikke et krav om full Schema.org-utfylling.","Schema.org-semantikk. Ikke dokumentert her som et Google Article-/Breadcrumb rich-result-felt; ingen visningsgaranti.","https://schema.org/name"
"PostalAddress","owner","ThingBase","ikke relevant","Utelatt: ingen rolle i denne avgrensede artikkel-, navigasjons- eller identitetsmodellen; ikke et krav om full Schema.org-utfylling.","Schema.org-semantikk. Ikke dokumentert her som et Google Article-/Breadcrumb rich-result-felt; ingen visningsgaranti.","https://schema.org/owner"
"PostalAddress","potentialAction","ThingBase","ikke relevant","Utelatt: ingen rolle i denne avgrensede artikkel-, navigasjons- eller identitetsmodellen; ikke et krav om full Schema.org-utfylling.","Schema.org-semantikk. Ikke dokumentert her som et Google Article-/Breadcrumb rich-result-felt; ingen visningsgaranti.","https://schema.org/potentialAction"
"PostalAddress","sameAs","ThingBase","manglende dokumentasjon","Ikke publisert uten dokumentert verdi/rettighet/identitet; valgfritt felt.","Schema.org-semantikk. Ikke dokumentert her som et Google Article-/Breadcrumb rich-result-felt; ingen visningsgaranti.","https://schema.org/sameAs"
"PostalAddress","subjectOf","ThingBase","ikke relevant","Utelatt: ingen rolle i denne avgrensede artikkel-, navigasjons- eller identitetsmodellen; ikke et krav om full Schema.org-utfylling.","Schema.org-semantikk. Ikke dokumentert her som et Google Article-/Breadcrumb rich-result-felt; ingen visningsgaranti.","https://schema.org/subjectOf"
"PostalAddress","url","ThingBase","ikke relevant","Utelatt: ingen rolle i denne avgrensede artikkel-, navigasjons- eller identitetsmodellen; ikke et krav om full Schema.org-utfylling.","Schema.org-semantikk. Ikke dokumentert her som et Google Article-/Breadcrumb rich-result-felt; ingen visningsgaranti.","https://schema.org/url"
"PostalAddress","@id","IdReference","ikke relevant","Utelatt: ingen rolle i denne avgrensede artikkel-, navigasjons- eller identitetsmodellen; ikke et krav om full Schema.org-utfylling.","JSON-LD struktur/identitet.","https://www.w3.org/TR/json-ld11/"
"ContactPoint","@type","ContactPointLeaf","implementert","Felles identitet fra root layout. Utekos/KELC AS: BRREG 925820393 og synlig nettstedskontakt, kontrollert 2026-10-09. Sidene refererer til stabile @id-verdier.","JSON-LD struktur/identitet.","https://www.w3.org/TR/json-ld11/"
"ContactPoint","areaServed","ContactPointBase","ikke relevant","Utelatt: ingen rolle i denne avgrensede artikkel-, navigasjons- eller identitetsmodellen; ikke et krav om full Schema.org-utfylling.","Schema.org-semantikk. Ikke dokumentert her som et Google Article-/Breadcrumb rich-result-felt; ingen visningsgaranti.","https://schema.org/areaServed"
"ContactPoint","availableLanguage","ContactPointBase","implementert","Felles identitet fra root layout. Utekos/KELC AS: BRREG 925820393 og synlig nettstedskontakt, kontrollert 2026-10-09. Sidene refererer til stabile @id-verdier.","Schema.org-semantikk. Ikke dokumentert her som et Google Article-/Breadcrumb rich-result-felt; ingen visningsgaranti.","https://schema.org/availableLanguage"
"ContactPoint","contactOption","ContactPointBase","ikke relevant","Utelatt: ingen rolle i denne avgrensede artikkel-, navigasjons- eller identitetsmodellen; ikke et krav om full Schema.org-utfylling.","Schema.org-semantikk. Ikke dokumentert her som et Google Article-/Breadcrumb rich-result-felt; ingen visningsgaranti.","https://schema.org/contactOption"
"ContactPoint","contactType","ContactPointBase","implementert","Felles identitet fra root layout. Utekos/KELC AS: BRREG 925820393 og synlig nettstedskontakt, kontrollert 2026-10-09. Sidene refererer til stabile @id-verdier.","Dokumentert av Google for den aktuelle funksjonen; ListItem-felter gjelder BreadcrumbList, ikke en generell artikkelkarusell.","https://schema.org/contactType"
"ContactPoint","email","ContactPointBase","implementert","Felles identitet fra root layout. Utekos/KELC AS: BRREG 925820393 og synlig nettstedskontakt, kontrollert 2026-10-09. Sidene refererer til stabile @id-verdier.","Dokumentert av Google for den aktuelle funksjonen; ListItem-felter gjelder BreadcrumbList, ikke en generell artikkelkarusell.","https://schema.org/email"
"ContactPoint","faxNumber","ContactPointBase","ikke relevant","Utelatt: ingen rolle i denne avgrensede artikkel-, navigasjons- eller identitetsmodellen; ikke et krav om full Schema.org-utfylling.","Schema.org-semantikk. Ikke dokumentert her som et Google Article-/Breadcrumb rich-result-felt; ingen visningsgaranti.","https://schema.org/faxNumber"
"ContactPoint","hoursAvailable","ContactPointBase","ikke relevant","Utelatt: ingen rolle i denne avgrensede artikkel-, navigasjons- eller identitetsmodellen; ikke et krav om full Schema.org-utfylling.","Schema.org-semantikk. Ikke dokumentert her som et Google Article-/Breadcrumb rich-result-felt; ingen visningsgaranti.","https://schema.org/hoursAvailable"
"ContactPoint","productSupported","ContactPointBase","ikke relevant","Utelatt: ingen rolle i denne avgrensede artikkel-, navigasjons- eller identitetsmodellen; ikke et krav om full Schema.org-utfylling.","Schema.org-semantikk. Ikke dokumentert her som et Google Article-/Breadcrumb rich-result-felt; ingen visningsgaranti.","https://schema.org/productSupported"
"ContactPoint","serviceArea","ContactPointBase","ikke relevant","Utelatt: ingen rolle i denne avgrensede artikkel-, navigasjons- eller identitetsmodellen; ikke et krav om full Schema.org-utfylling.","Schema.org-semantikk. Ikke dokumentert her som et Google Article-/Breadcrumb rich-result-felt; ingen visningsgaranti.","https://schema.org/serviceArea"
"ContactPoint","telephone","ContactPointBase","implementert","Felles identitet fra root layout. Utekos/KELC AS: BRREG 925820393 og synlig nettstedskontakt, kontrollert 2026-10-09. Sidene refererer til stabile @id-verdier.","Dokumentert av Google for den aktuelle funksjonen; ListItem-felter gjelder BreadcrumbList, ikke en generell artikkelkarusell.","https://schema.org/telephone"
"ContactPoint","additionalType","ThingBase","ikke relevant","Utelatt: ingen rolle i denne avgrensede artikkel-, navigasjons- eller identitetsmodellen; ikke et krav om full Schema.org-utfylling.","Schema.org-semantikk. Ikke dokumentert her som et Google Article-/Breadcrumb rich-result-felt; ingen visningsgaranti.","https://schema.org/additionalType"
"ContactPoint","alternateName","ThingBase","ikke relevant","Utelatt: ingen rolle i denne avgrensede artikkel-, navigasjons- eller identitetsmodellen; ikke et krav om full Schema.org-utfylling.","Schema.org-semantikk. Ikke dokumentert her som et Google Article-/Breadcrumb rich-result-felt; ingen visningsgaranti.","https://schema.org/alternateName"
"ContactPoint","description","ThingBase","ikke relevant","Utelatt: ingen rolle i denne avgrensede artikkel-, navigasjons- eller identitetsmodellen; ikke et krav om full Schema.org-utfylling.","Schema.org-semantikk. Ikke dokumentert her som et Google Article-/Breadcrumb rich-result-felt; ingen visningsgaranti.","https://schema.org/description"
"ContactPoint","disambiguatingDescription","ThingBase","ikke relevant","Utelatt: ingen rolle i denne avgrensede artikkel-, navigasjons- eller identitetsmodellen; ikke et krav om full Schema.org-utfylling.","Schema.org-semantikk. Ikke dokumentert her som et Google Article-/Breadcrumb rich-result-felt; ingen visningsgaranti.","https://schema.org/disambiguatingDescription"
"ContactPoint","identifier","ThingBase","manglende dokumentasjon","Ikke publisert uten dokumentert verdi/rettighet/identitet; valgfritt felt.","Schema.org-semantikk. Ikke dokumentert her som et Google Article-/Breadcrumb rich-result-felt; ingen visningsgaranti.","https://schema.org/identifier"
"ContactPoint","image","ThingBase","ikke relevant","Utelatt: ingen rolle i denne avgrensede artikkel-, navigasjons- eller identitetsmodellen; ikke et krav om full Schema.org-utfylling.","Schema.org-semantikk. Ikke dokumentert her som et Google Article-/Breadcrumb rich-result-felt; ingen visningsgaranti.","https://schema.org/image"
"ContactPoint","mainEntityOfPage","ThingBase","ikke relevant","Utelatt: ingen rolle i denne avgrensede artikkel-, navigasjons- eller identitetsmodellen; ikke et krav om full Schema.org-utfylling.","Schema.org-semantikk. Ikke dokumentert her som et Google Article-/Breadcrumb rich-result-felt; ingen visningsgaranti.","https://schema.org/mainEntityOfPage"
"ContactPoint","name","ThingBase","ikke relevant","Utelatt: ingen rolle i denne avgrensede artikkel-, navigasjons- eller identitetsmodellen; ikke et krav om full Schema.org-utfylling.","Schema.org-semantikk. Ikke dokumentert her som et Google Article-/Breadcrumb rich-result-felt; ingen visningsgaranti.","https://schema.org/name"
"ContactPoint","owner","ThingBase","ikke relevant","Utelatt: ingen rolle i denne avgrensede artikkel-, navigasjons- eller identitetsmodellen; ikke et krav om full Schema.org-utfylling.","Schema.org-semantikk. Ikke dokumentert her som et Google Article-/Breadcrumb rich-result-felt; ingen visningsgaranti.","https://schema.org/owner"
"ContactPoint","potentialAction","ThingBase","ikke relevant","Utelatt: ingen rolle i denne avgrensede artikkel-, navigasjons- eller identitetsmodellen; ikke et krav om full Schema.org-utfylling.","Schema.org-semantikk. Ikke dokumentert her som et Google Article-/Breadcrumb rich-result-felt; ingen visningsgaranti.","https://schema.org/potentialAction"
"ContactPoint","sameAs","ThingBase","manglende dokumentasjon","Ikke publisert uten dokumentert verdi/rettighet/identitet; valgfritt felt.","Schema.org-semantikk. Ikke dokumentert her som et Google Article-/Breadcrumb rich-result-felt; ingen visningsgaranti.","https://schema.org/sameAs"
"ContactPoint","subjectOf","ThingBase","ikke relevant","Utelatt: ingen rolle i denne avgrensede artikkel-, navigasjons- eller identitetsmodellen; ikke et krav om full Schema.org-utfylling.","Schema.org-semantikk. Ikke dokumentert her som et Google Article-/Breadcrumb rich-result-felt; ingen visningsgaranti.","https://schema.org/subjectOf"
"ContactPoint","url","ThingBase","implementert","Felles identitet fra root layout. Utekos/KELC AS: BRREG 925820393 og synlig nettstedskontakt, kontrollert 2026-10-09. Sidene refererer til stabile @id-verdier.","Schema.org-semantikk. Ikke dokumentert her som et Google Article-/Breadcrumb rich-result-felt; ingen visningsgaranti.","https://schema.org/url"
"ContactPoint","@id","IdReference","ikke relevant","Utelatt: ingen rolle i denne avgrensede artikkel-, navigasjons- eller identitetsmodellen; ikke et krav om full Schema.org-utfylling.","JSON-LD struktur/identitet.","https://www.w3.org/TR/json-ld11/"
"PropertyValue","@type","PropertyValueLeaf","implementert","Felles identitet fra root layout. Utekos/KELC AS: BRREG 925820393 og synlig nettstedskontakt, kontrollert 2026-10-09. Sidene refererer til stabile @id-verdier.","JSON-LD struktur/identitet.","https://www.w3.org/TR/json-ld11/"
"PropertyValue","maxValue","PropertyValueBase","ikke relevant","Utelatt: ingen rolle i denne avgrensede artikkel-, navigasjons- eller identitetsmodellen; ikke et krav om full Schema.org-utfylling.","Schema.org-semantikk. Ikke dokumentert her som et Google Article-/Breadcrumb rich-result-felt; ingen visningsgaranti.","https://schema.org/maxValue"
"PropertyValue","measurementMethod","PropertyValueBase","ikke relevant","Utelatt: ingen rolle i denne avgrensede artikkel-, navigasjons- eller identitetsmodellen; ikke et krav om full Schema.org-utfylling.","Schema.org-semantikk. Ikke dokumentert her som et Google Article-/Breadcrumb rich-result-felt; ingen visningsgaranti.","https://schema.org/measurementMethod"
"PropertyValue","measurementTechnique","PropertyValueBase","ikke relevant","Utelatt: ingen rolle i denne avgrensede artikkel-, navigasjons- eller identitetsmodellen; ikke et krav om full Schema.org-utfylling.","Schema.org-semantikk. Ikke dokumentert her som et Google Article-/Breadcrumb rich-result-felt; ingen visningsgaranti.","https://schema.org/measurementTechnique"
"PropertyValue","minValue","PropertyValueBase","ikke relevant","Utelatt: ingen rolle i denne avgrensede artikkel-, navigasjons- eller identitetsmodellen; ikke et krav om full Schema.org-utfylling.","Schema.org-semantikk. Ikke dokumentert her som et Google Article-/Breadcrumb rich-result-felt; ingen visningsgaranti.","https://schema.org/minValue"
"PropertyValue","propertyID","PropertyValueBase","implementert","Felles identitet fra root layout. Utekos/KELC AS: BRREG 925820393 og synlig nettstedskontakt, kontrollert 2026-10-09. Sidene refererer til stabile @id-verdier.","Schema.org-semantikk. Ikke dokumentert her som et Google Article-/Breadcrumb rich-result-felt; ingen visningsgaranti.","https://schema.org/propertyID"
"PropertyValue","unitCode","PropertyValueBase","ikke relevant","Utelatt: ingen rolle i denne avgrensede artikkel-, navigasjons- eller identitetsmodellen; ikke et krav om full Schema.org-utfylling.","Schema.org-semantikk. Ikke dokumentert her som et Google Article-/Breadcrumb rich-result-felt; ingen visningsgaranti.","https://schema.org/unitCode"
"PropertyValue","unitText","PropertyValueBase","ikke relevant","Utelatt: ingen rolle i denne avgrensede artikkel-, navigasjons- eller identitetsmodellen; ikke et krav om full Schema.org-utfylling.","Schema.org-semantikk. Ikke dokumentert her som et Google Article-/Breadcrumb rich-result-felt; ingen visningsgaranti.","https://schema.org/unitText"
"PropertyValue","value","PropertyValueBase","implementert","Felles identitet fra root layout. Utekos/KELC AS: BRREG 925820393 og synlig nettstedskontakt, kontrollert 2026-10-09. Sidene refererer til stabile @id-verdier.","Schema.org-semantikk. Ikke dokumentert her som et Google Article-/Breadcrumb rich-result-felt; ingen visningsgaranti.","https://schema.org/value"
"PropertyValue","valueGroup","PropertyValueBase","ikke relevant","Utelatt: ingen rolle i denne avgrensede artikkel-, navigasjons- eller identitetsmodellen; ikke et krav om full Schema.org-utfylling.","Schema.org-semantikk. Ikke dokumentert her som et Google Article-/Breadcrumb rich-result-felt; ingen visningsgaranti.","https://schema.org/valueGroup"
"PropertyValue","valueReference","PropertyValueBase","ikke relevant","Utelatt: ingen rolle i denne avgrensede artikkel-, navigasjons- eller identitetsmodellen; ikke et krav om full Schema.org-utfylling.","Schema.org-semantikk. Ikke dokumentert her som et Google Article-/Breadcrumb rich-result-felt; ingen visningsgaranti.","https://schema.org/valueReference"
"PropertyValue","additionalType","ThingBase","ikke relevant","Utelatt: ingen rolle i denne avgrensede artikkel-, navigasjons- eller identitetsmodellen; ikke et krav om full Schema.org-utfylling.","Schema.org-semantikk. Ikke dokumentert her som et Google Article-/Breadcrumb rich-result-felt; ingen visningsgaranti.","https://schema.org/additionalType"
"PropertyValue","alternateName","ThingBase","ikke relevant","Utelatt: ingen rolle i denne avgrensede artikkel-, navigasjons- eller identitetsmodellen; ikke et krav om full Schema.org-utfylling.","Schema.org-semantikk. Ikke dokumentert her som et Google Article-/Breadcrumb rich-result-felt; ingen visningsgaranti.","https://schema.org/alternateName"
"PropertyValue","description","ThingBase","ikke relevant","Utelatt: ingen rolle i denne avgrensede artikkel-, navigasjons- eller identitetsmodellen; ikke et krav om full Schema.org-utfylling.","Schema.org-semantikk. Ikke dokumentert her som et Google Article-/Breadcrumb rich-result-felt; ingen visningsgaranti.","https://schema.org/description"
"PropertyValue","disambiguatingDescription","ThingBase","ikke relevant","Utelatt: ingen rolle i denne avgrensede artikkel-, navigasjons- eller identitetsmodellen; ikke et krav om full Schema.org-utfylling.","Schema.org-semantikk. Ikke dokumentert her som et Google Article-/Breadcrumb rich-result-felt; ingen visningsgaranti.","https://schema.org/disambiguatingDescription"
"PropertyValue","identifier","ThingBase","manglende dokumentasjon","Ikke publisert uten dokumentert verdi/rettighet/identitet; valgfritt felt.","Schema.org-semantikk. Ikke dokumentert her som et Google Article-/Breadcrumb rich-result-felt; ingen visningsgaranti.","https://schema.org/identifier"
"PropertyValue","image","ThingBase","ikke relevant","Utelatt: ingen rolle i denne avgrensede artikkel-, navigasjons- eller identitetsmodellen; ikke et krav om full Schema.org-utfylling.","Schema.org-semantikk. Ikke dokumentert her som et Google Article-/Breadcrumb rich-result-felt; ingen visningsgaranti.","https://schema.org/image"
"PropertyValue","mainEntityOfPage","ThingBase","ikke relevant","Utelatt: ingen rolle i denne avgrensede artikkel-, navigasjons- eller identitetsmodellen; ikke et krav om full Schema.org-utfylling.","Schema.org-semantikk. Ikke dokumentert her som et Google Article-/Breadcrumb rich-result-felt; ingen visningsgaranti.","https://schema.org/mainEntityOfPage"
"PropertyValue","name","ThingBase","ikke relevant","Utelatt: ingen rolle i denne avgrensede artikkel-, navigasjons- eller identitetsmodellen; ikke et krav om full Schema.org-utfylling.","Schema.org-semantikk. Ikke dokumentert her som et Google Article-/Breadcrumb rich-result-felt; ingen visningsgaranti.","https://schema.org/name"
"PropertyValue","owner","ThingBase","ikke relevant","Utelatt: ingen rolle i denne avgrensede artikkel-, navigasjons- eller identitetsmodellen; ikke et krav om full Schema.org-utfylling.","Schema.org-semantikk. Ikke dokumentert her som et Google Article-/Breadcrumb rich-result-felt; ingen visningsgaranti.","https://schema.org/owner"
"PropertyValue","potentialAction","ThingBase","ikke relevant","Utelatt: ingen rolle i denne avgrensede artikkel-, navigasjons- eller identitetsmodellen; ikke et krav om full Schema.org-utfylling.","Schema.org-semantikk. Ikke dokumentert her som et Google Article-/Breadcrumb rich-result-felt; ingen visningsgaranti.","https://schema.org/potentialAction"
"PropertyValue","sameAs","ThingBase","manglende dokumentasjon","Ikke publisert uten dokumentert verdi/rettighet/identitet; valgfritt felt.","Schema.org-semantikk. Ikke dokumentert her som et Google Article-/Breadcrumb rich-result-felt; ingen visningsgaranti.","https://schema.org/sameAs"
"PropertyValue","subjectOf","ThingBase","ikke relevant","Utelatt: ingen rolle i denne avgrensede artikkel-, navigasjons- eller identitetsmodellen; ikke et krav om full Schema.org-utfylling.","Schema.org-semantikk. Ikke dokumentert her som et Google Article-/Breadcrumb rich-result-felt; ingen visningsgaranti.","https://schema.org/subjectOf"
"PropertyValue","url","ThingBase","ikke relevant","Utelatt: ingen rolle i denne avgrensede artikkel-, navigasjons- eller identitetsmodellen; ikke et krav om full Schema.org-utfylling.","Schema.org-semantikk. Ikke dokumentert her som et Google Article-/Breadcrumb rich-result-felt; ingen visningsgaranti.","https://schema.org/url"
"PropertyValue","@id","IdReference","ikke relevant","Utelatt: ingen rolle i denne avgrensede artikkel-, navigasjons- eller identitetsmodellen; ikke et krav om full Schema.org-utfylling.","JSON-LD struktur/identitet.","https://www.w3.org/TR/json-ld11/"
"ImageObject","@type","ImageObjectLeaf","implementert","Bygges fra det validerte registeret eller fast, dokumentert nettstedsidentitet.","JSON-LD struktur/identitet.","https://www.w3.org/TR/json-ld11/"
"ImageObject","caption","ImageObjectBase","implementert","Bygges fra det validerte registeret eller fast, dokumentert nettstedsidentitet.","Schema.org-semantikk. Ikke dokumentert her som et Google Article-/Breadcrumb rich-result-felt; ingen visningsgaranti.","https://schema.org/caption"
"ImageObject","embeddedTextCaption","ImageObjectBase","ikke relevant","Utelatt: ingen rolle i denne avgrensede artikkel-, navigasjons- eller identitetsmodellen; ikke et krav om full Schema.org-utfylling.","Schema.org-semantikk. Ikke dokumentert her som et Google Article-/Breadcrumb rich-result-felt; ingen visningsgaranti.","https://schema.org/embeddedTextCaption"
"ImageObject","exifData","ImageObjectBase","ikke relevant","Utelatt: ingen rolle i denne avgrensede artikkel-, navigasjons- eller identitetsmodellen; ikke et krav om full Schema.org-utfylling.","Schema.org-semantikk. Ikke dokumentert her som et Google Article-/Breadcrumb rich-result-felt; ingen visningsgaranti.","https://schema.org/exifData"
"ImageObject","representativeOfPage","ImageObjectBase","ikke relevant","Utelatt: ingen rolle i denne avgrensede artikkel-, navigasjons- eller identitetsmodellen; ikke et krav om full Schema.org-utfylling.","Schema.org-semantikk. Ikke dokumentert her som et Google Article-/Breadcrumb rich-result-felt; ingen visningsgaranti.","https://schema.org/representativeOfPage"
"ImageObject","associatedArticle","MediaObjectBase","ikke relevant","Utelatt: ingen rolle i denne avgrensede artikkel-, navigasjons- eller identitetsmodellen; ikke et krav om full Schema.org-utfylling.","Schema.org-semantikk. Ikke dokumentert her som et Google Article-/Breadcrumb rich-result-felt; ingen visningsgaranti.","https://schema.org/associatedArticle"
"ImageObject","bitrate","MediaObjectBase","ikke relevant","Utelatt: ingen rolle i denne avgrensede artikkel-, navigasjons- eller identitetsmodellen; ikke et krav om full Schema.org-utfylling.","Schema.org-semantikk. Ikke dokumentert her som et Google Article-/Breadcrumb rich-result-felt; ingen visningsgaranti.","https://schema.org/bitrate"
"ImageObject","contentSize","MediaObjectBase","ikke relevant","Utelatt: ingen rolle i denne avgrensede artikkel-, navigasjons- eller identitetsmodellen; ikke et krav om full Schema.org-utfylling.","Schema.org-semantikk. Ikke dokumentert her som et Google Article-/Breadcrumb rich-result-felt; ingen visningsgaranti.","https://schema.org/contentSize"
"ImageObject","contentUrl","MediaObjectBase","implementert","Bygges fra det validerte registeret eller fast, dokumentert nettstedsidentitet.","Schema.org-semantikk. Ikke dokumentert her som et Google Article-/Breadcrumb rich-result-felt; ingen visningsgaranti.","https://schema.org/contentUrl"
"ImageObject","duration","MediaObjectBase","ikke relevant","Utelatt: ingen rolle i denne avgrensede artikkel-, navigasjons- eller identitetsmodellen; ikke et krav om full Schema.org-utfylling.","Schema.org-semantikk. Ikke dokumentert her som et Google Article-/Breadcrumb rich-result-felt; ingen visningsgaranti.","https://schema.org/duration"
"ImageObject","embedUrl","MediaObjectBase","ikke relevant","Utelatt: ingen rolle i denne avgrensede artikkel-, navigasjons- eller identitetsmodellen; ikke et krav om full Schema.org-utfylling.","Schema.org-semantikk. Ikke dokumentert her som et Google Article-/Breadcrumb rich-result-felt; ingen visningsgaranti.","https://schema.org/embedUrl"
"ImageObject","encodesCreativeWork","MediaObjectBase","ikke relevant","Utelatt: ingen rolle i denne avgrensede artikkel-, navigasjons- eller identitetsmodellen; ikke et krav om full Schema.org-utfylling.","Schema.org-semantikk. Ikke dokumentert her som et Google Article-/Breadcrumb rich-result-felt; ingen visningsgaranti.","https://schema.org/encodesCreativeWork"
"ImageObject","encodingFormat","MediaObjectBase","ikke relevant","Utelatt: ingen rolle i denne avgrensede artikkel-, navigasjons- eller identitetsmodellen; ikke et krav om full Schema.org-utfylling.","Schema.org-semantikk. Ikke dokumentert her som et Google Article-/Breadcrumb rich-result-felt; ingen visningsgaranti.","https://schema.org/encodingFormat"
"ImageObject","endTime","MediaObjectBase","ikke relevant","Utelatt: ingen rolle i denne avgrensede artikkel-, navigasjons- eller identitetsmodellen; ikke et krav om full Schema.org-utfylling.","Schema.org-semantikk. Ikke dokumentert her som et Google Article-/Breadcrumb rich-result-felt; ingen visningsgaranti.","https://schema.org/endTime"
"ImageObject","height","MediaObjectBase","implementert","Bygges fra det validerte registeret eller fast, dokumentert nettstedsidentitet.","Schema.org-semantikk. Ikke dokumentert her som et Google Article-/Breadcrumb rich-result-felt; ingen visningsgaranti.","https://schema.org/height"
"ImageObject","ineligibleRegion","MediaObjectBase","ikke relevant","Utelatt: ingen rolle i denne avgrensede artikkel-, navigasjons- eller identitetsmodellen; ikke et krav om full Schema.org-utfylling.","Schema.org-semantikk. Ikke dokumentert her som et Google Article-/Breadcrumb rich-result-felt; ingen visningsgaranti.","https://schema.org/ineligibleRegion"
"ImageObject","interpretedAsClaim","MediaObjectBase","ikke relevant","Utelatt: ingen rolle i denne avgrensede artikkel-, navigasjons- eller identitetsmodellen; ikke et krav om full Schema.org-utfylling.","Schema.org-semantikk. Ikke dokumentert her som et Google Article-/Breadcrumb rich-result-felt; ingen visningsgaranti.","https://schema.org/interpretedAsClaim"
"ImageObject","playerType","MediaObjectBase","ikke relevant","Utelatt: ingen rolle i denne avgrensede artikkel-, navigasjons- eller identitetsmodellen; ikke et krav om full Schema.org-utfylling.","Schema.org-semantikk. Ikke dokumentert her som et Google Article-/Breadcrumb rich-result-felt; ingen visningsgaranti.","https://schema.org/playerType"
"ImageObject","productionCompany","MediaObjectBase","ikke relevant","Utelatt: ingen rolle i denne avgrensede artikkel-, navigasjons- eller identitetsmodellen; ikke et krav om full Schema.org-utfylling.","Schema.org-semantikk. Ikke dokumentert her som et Google Article-/Breadcrumb rich-result-felt; ingen visningsgaranti.","https://schema.org/productionCompany"
"ImageObject","regionsAllowed","MediaObjectBase","ikke relevant","Utelatt: ingen rolle i denne avgrensede artikkel-, navigasjons- eller identitetsmodellen; ikke et krav om full Schema.org-utfylling.","Schema.org-semantikk. Ikke dokumentert her som et Google Article-/Breadcrumb rich-result-felt; ingen visningsgaranti.","https://schema.org/regionsAllowed"
"ImageObject","requiresSubscription","MediaObjectBase","ikke relevant","Utelatt: ingen rolle i denne avgrensede artikkel-, navigasjons- eller identitetsmodellen; ikke et krav om full Schema.org-utfylling.","Schema.org-semantikk. Ikke dokumentert her som et Google Article-/Breadcrumb rich-result-felt; ingen visningsgaranti.","https://schema.org/requiresSubscription"
"ImageObject","sha256","MediaObjectBase","ikke relevant","Utelatt: ingen rolle i denne avgrensede artikkel-, navigasjons- eller identitetsmodellen; ikke et krav om full Schema.org-utfylling.","Schema.org-semantikk. Ikke dokumentert her som et Google Article-/Breadcrumb rich-result-felt; ingen visningsgaranti.","https://schema.org/sha256"
"ImageObject","startTime","MediaObjectBase","ikke relevant","Utelatt: ingen rolle i denne avgrensede artikkel-, navigasjons- eller identitetsmodellen; ikke et krav om full Schema.org-utfylling.","Schema.org-semantikk. Ikke dokumentert her som et Google Article-/Breadcrumb rich-result-felt; ingen visningsgaranti.","https://schema.org/startTime"
"ImageObject","uploadDate","MediaObjectBase","ikke relevant","Utelatt: ingen rolle i denne avgrensede artikkel-, navigasjons- eller identitetsmodellen; ikke et krav om full Schema.org-utfylling.","Schema.org-semantikk. Ikke dokumentert her som et Google Article-/Breadcrumb rich-result-felt; ingen visningsgaranti.","https://schema.org/uploadDate"
"ImageObject","width","MediaObjectBase","implementert","Bygges fra det validerte registeret eller fast, dokumentert nettstedsidentitet.","Schema.org-semantikk. Ikke dokumentert her som et Google Article-/Breadcrumb rich-result-felt; ingen visningsgaranti.","https://schema.org/width"
"ImageObject","about","CreativeWorkBase","ikke relevant","Utelatt: ingen rolle i denne avgrensede artikkel-, navigasjons- eller identitetsmodellen; ikke et krav om full Schema.org-utfylling.","Schema.org-semantikk. Ikke dokumentert her som et Google Article-/Breadcrumb rich-result-felt; ingen visningsgaranti.","https://schema.org/about"
"ImageObject","abstract","CreativeWorkBase","ikke relevant","Utelatt: ingen rolle i denne avgrensede artikkel-, navigasjons- eller identitetsmodellen; ikke et krav om full Schema.org-utfylling.","Schema.org-semantikk. Ikke dokumentert her som et Google Article-/Breadcrumb rich-result-felt; ingen visningsgaranti.","https://schema.org/abstract"
"ImageObject","accessibilityAPI","CreativeWorkBase","ikke relevant","Utelatt: ingen rolle i denne avgrensede artikkel-, navigasjons- eller identitetsmodellen; ikke et krav om full Schema.org-utfylling.","Schema.org-semantikk. Ikke dokumentert her som et Google Article-/Breadcrumb rich-result-felt; ingen visningsgaranti.","https://schema.org/accessibilityAPI"
"ImageObject","accessibilityControl","CreativeWorkBase","ikke relevant","Utelatt: ingen rolle i denne avgrensede artikkel-, navigasjons- eller identitetsmodellen; ikke et krav om full Schema.org-utfylling.","Schema.org-semantikk. Ikke dokumentert her som et Google Article-/Breadcrumb rich-result-felt; ingen visningsgaranti.","https://schema.org/accessibilityControl"
"ImageObject","accessibilityFeature","CreativeWorkBase","ikke relevant","Utelatt: ingen rolle i denne avgrensede artikkel-, navigasjons- eller identitetsmodellen; ikke et krav om full Schema.org-utfylling.","Schema.org-semantikk. Ikke dokumentert her som et Google Article-/Breadcrumb rich-result-felt; ingen visningsgaranti.","https://schema.org/accessibilityFeature"
"ImageObject","accessibilityHazard","CreativeWorkBase","ikke relevant","Utelatt: ingen rolle i denne avgrensede artikkel-, navigasjons- eller identitetsmodellen; ikke et krav om full Schema.org-utfylling.","Schema.org-semantikk. Ikke dokumentert her som et Google Article-/Breadcrumb rich-result-felt; ingen visningsgaranti.","https://schema.org/accessibilityHazard"
"ImageObject","accessibilitySummary","CreativeWorkBase","ikke relevant","Utelatt: ingen rolle i denne avgrensede artikkel-, navigasjons- eller identitetsmodellen; ikke et krav om full Schema.org-utfylling.","Schema.org-semantikk. Ikke dokumentert her som et Google Article-/Breadcrumb rich-result-felt; ingen visningsgaranti.","https://schema.org/accessibilitySummary"
"ImageObject","accessMode","CreativeWorkBase","ikke relevant","Utelatt: ingen rolle i denne avgrensede artikkel-, navigasjons- eller identitetsmodellen; ikke et krav om full Schema.org-utfylling.","Schema.org-semantikk. Ikke dokumentert her som et Google Article-/Breadcrumb rich-result-felt; ingen visningsgaranti.","https://schema.org/accessMode"
"ImageObject","accessModeSufficient","CreativeWorkBase","ikke relevant","Utelatt: ingen rolle i denne avgrensede artikkel-, navigasjons- eller identitetsmodellen; ikke et krav om full Schema.org-utfylling.","Schema.org-semantikk. Ikke dokumentert her som et Google Article-/Breadcrumb rich-result-felt; ingen visningsgaranti.","https://schema.org/accessModeSufficient"
"ImageObject","accountablePerson","CreativeWorkBase","manglende dokumentasjon","Ikke publisert uten dokumentert verdi/rettighet/identitet; valgfritt felt.","Schema.org-semantikk. Ikke dokumentert her som et Google Article-/Breadcrumb rich-result-felt; ingen visningsgaranti.","https://schema.org/accountablePerson"
"ImageObject","acquireLicensePage","CreativeWorkBase","manglende dokumentasjon","Ikke publisert uten dokumentert verdi/rettighet/identitet; valgfritt felt.","Schema.org-semantikk. Ikke dokumentert her som et Google Article-/Breadcrumb rich-result-felt; ingen visningsgaranti.","https://schema.org/acquireLicensePage"
"ImageObject","aggregateRating","CreativeWorkBase","ikke relevant","Utelatt: ingen rolle i denne avgrensede artikkel-, navigasjons- eller identitetsmodellen; ikke et krav om full Schema.org-utfylling.","Schema.org-semantikk. Ikke dokumentert her som et Google Article-/Breadcrumb rich-result-felt; ingen visningsgaranti.","https://schema.org/aggregateRating"
"ImageObject","alternativeHeadline","CreativeWorkBase","ikke relevant","Utelatt: ingen rolle i denne avgrensede artikkel-, navigasjons- eller identitetsmodellen; ikke et krav om full Schema.org-utfylling.","Schema.org-semantikk. Ikke dokumentert her som et Google Article-/Breadcrumb rich-result-felt; ingen visningsgaranti.","https://schema.org/alternativeHeadline"
"ImageObject","archivedAt","CreativeWorkBase","ikke relevant","Utelatt: ingen rolle i denne avgrensede artikkel-, navigasjons- eller identitetsmodellen; ikke et krav om full Schema.org-utfylling.","Schema.org-semantikk. Ikke dokumentert her som et Google Article-/Breadcrumb rich-result-felt; ingen visningsgaranti.","https://schema.org/archivedAt"
"ImageObject","assesses","CreativeWorkBase","ikke relevant","Utelatt: ingen rolle i denne avgrensede artikkel-, navigasjons- eller identitetsmodellen; ikke et krav om full Schema.org-utfylling.","Schema.org-semantikk. Ikke dokumentert her som et Google Article-/Breadcrumb rich-result-felt; ingen visningsgaranti.","https://schema.org/assesses"
"ImageObject","associatedMedia","CreativeWorkBase","ikke relevant","Utelatt: ingen rolle i denne avgrensede artikkel-, navigasjons- eller identitetsmodellen; ikke et krav om full Schema.org-utfylling.","Schema.org-semantikk. Ikke dokumentert her som et Google Article-/Breadcrumb rich-result-felt; ingen visningsgaranti.","https://schema.org/associatedMedia"
"ImageObject","audience","CreativeWorkBase","ikke relevant","Utelatt: ingen rolle i denne avgrensede artikkel-, navigasjons- eller identitetsmodellen; ikke et krav om full Schema.org-utfylling.","Schema.org-semantikk. Ikke dokumentert her som et Google Article-/Breadcrumb rich-result-felt; ingen visningsgaranti.","https://schema.org/audience"
"ImageObject","audio","CreativeWorkBase","ikke relevant","Utelatt: ingen rolle i denne avgrensede artikkel-, navigasjons- eller identitetsmodellen; ikke et krav om full Schema.org-utfylling.","Schema.org-semantikk. Ikke dokumentert her som et Google Article-/Breadcrumb rich-result-felt; ingen visningsgaranti.","https://schema.org/audio"
"ImageObject","author","CreativeWorkBase","ikke relevant","Utelatt: ingen rolle i denne avgrensede artikkel-, navigasjons- eller identitetsmodellen; ikke et krav om full Schema.org-utfylling.","Schema.org-semantikk. Ikke dokumentert her som et Google Article-/Breadcrumb rich-result-felt; ingen visningsgaranti.","https://schema.org/author"
"ImageObject","award","CreativeWorkBase","manglende dokumentasjon","Ikke publisert uten dokumentert verdi/rettighet/identitet; valgfritt felt.","Schema.org-semantikk. Ikke dokumentert her som et Google Article-/Breadcrumb rich-result-felt; ingen visningsgaranti.","https://schema.org/award"
"ImageObject","awards","CreativeWorkBase","manglende dokumentasjon","Ikke publisert uten dokumentert verdi/rettighet/identitet; valgfritt felt.","Schema.org-semantikk. Ikke dokumentert her som et Google Article-/Breadcrumb rich-result-felt; ingen visningsgaranti.","https://schema.org/awards"
"ImageObject","character","CreativeWorkBase","ikke relevant","Utelatt: ingen rolle i denne avgrensede artikkel-, navigasjons- eller identitetsmodellen; ikke et krav om full Schema.org-utfylling.","Schema.org-semantikk. Ikke dokumentert her som et Google Article-/Breadcrumb rich-result-felt; ingen visningsgaranti.","https://schema.org/character"
"ImageObject","citation","CreativeWorkBase","ikke relevant","Utelatt: ingen rolle i denne avgrensede artikkel-, navigasjons- eller identitetsmodellen; ikke et krav om full Schema.org-utfylling.","Schema.org-semantikk. Ikke dokumentert her som et Google Article-/Breadcrumb rich-result-felt; ingen visningsgaranti.","https://schema.org/citation"
"ImageObject","comment","CreativeWorkBase","ikke relevant","Utelatt: ingen rolle i denne avgrensede artikkel-, navigasjons- eller identitetsmodellen; ikke et krav om full Schema.org-utfylling.","Schema.org-semantikk. Ikke dokumentert her som et Google Article-/Breadcrumb rich-result-felt; ingen visningsgaranti.","https://schema.org/comment"
"ImageObject","commentCount","CreativeWorkBase","ikke relevant","Utelatt: ingen rolle i denne avgrensede artikkel-, navigasjons- eller identitetsmodellen; ikke et krav om full Schema.org-utfylling.","Schema.org-semantikk. Ikke dokumentert her som et Google Article-/Breadcrumb rich-result-felt; ingen visningsgaranti.","https://schema.org/commentCount"
"ImageObject","conditionsOfAccess","CreativeWorkBase","ikke relevant","Utelatt: ingen rolle i denne avgrensede artikkel-, navigasjons- eller identitetsmodellen; ikke et krav om full Schema.org-utfylling.","Schema.org-semantikk. Ikke dokumentert her som et Google Article-/Breadcrumb rich-result-felt; ingen visningsgaranti.","https://schema.org/conditionsOfAccess"
"ImageObject","contentLocation","CreativeWorkBase","ikke relevant","Utelatt: ingen rolle i denne avgrensede artikkel-, navigasjons- eller identitetsmodellen; ikke et krav om full Schema.org-utfylling.","Schema.org-semantikk. Ikke dokumentert her som et Google Article-/Breadcrumb rich-result-felt; ingen visningsgaranti.","https://schema.org/contentLocation"
"ImageObject","contentRating","CreativeWorkBase","ikke relevant","Utelatt: ingen rolle i denne avgrensede artikkel-, navigasjons- eller identitetsmodellen; ikke et krav om full Schema.org-utfylling.","Schema.org-semantikk. Ikke dokumentert her som et Google Article-/Breadcrumb rich-result-felt; ingen visningsgaranti.","https://schema.org/contentRating"
"ImageObject","contentReferenceTime","CreativeWorkBase","ikke relevant","Utelatt: ingen rolle i denne avgrensede artikkel-, navigasjons- eller identitetsmodellen; ikke et krav om full Schema.org-utfylling.","Schema.org-semantikk. Ikke dokumentert her som et Google Article-/Breadcrumb rich-result-felt; ingen visningsgaranti.","https://schema.org/contentReferenceTime"
"ImageObject","contributor","CreativeWorkBase","ikke relevant","Utelatt: ingen rolle i denne avgrensede artikkel-, navigasjons- eller identitetsmodellen; ikke et krav om full Schema.org-utfylling.","Schema.org-semantikk. Ikke dokumentert her som et Google Article-/Breadcrumb rich-result-felt; ingen visningsgaranti.","https://schema.org/contributor"
"ImageObject","copyrightHolder","CreativeWorkBase","manglende dokumentasjon","Ikke publisert uten dokumentert verdi/rettighet/identitet; valgfritt felt.","Schema.org-semantikk. Ikke dokumentert her som et Google Article-/Breadcrumb rich-result-felt; ingen visningsgaranti.","https://schema.org/copyrightHolder"
"ImageObject","copyrightNotice","CreativeWorkBase","manglende dokumentasjon","Ikke publisert uten dokumentert verdi/rettighet/identitet; valgfritt felt.","Schema.org-semantikk. Ikke dokumentert her som et Google Article-/Breadcrumb rich-result-felt; ingen visningsgaranti.","https://schema.org/copyrightNotice"
"ImageObject","copyrightYear","CreativeWorkBase","manglende dokumentasjon","Ikke publisert uten dokumentert verdi/rettighet/identitet; valgfritt felt.","Schema.org-semantikk. Ikke dokumentert her som et Google Article-/Breadcrumb rich-result-felt; ingen visningsgaranti.","https://schema.org/copyrightYear"
"ImageObject","correction","CreativeWorkBase","ikke relevant","Utelatt: ingen rolle i denne avgrensede artikkel-, navigasjons- eller identitetsmodellen; ikke et krav om full Schema.org-utfylling.","Schema.org-semantikk. Ikke dokumentert her som et Google Article-/Breadcrumb rich-result-felt; ingen visningsgaranti.","https://schema.org/correction"
"ImageObject","countryOfOrigin","CreativeWorkBase","ikke relevant","Utelatt: ingen rolle i denne avgrensede artikkel-, navigasjons- eller identitetsmodellen; ikke et krav om full Schema.org-utfylling.","Schema.org-semantikk. Ikke dokumentert her som et Google Article-/Breadcrumb rich-result-felt; ingen visningsgaranti.","https://schema.org/countryOfOrigin"
"ImageObject","creativeWorkStatus","CreativeWorkBase","ikke relevant","Utelatt: ingen rolle i denne avgrensede artikkel-, navigasjons- eller identitetsmodellen; ikke et krav om full Schema.org-utfylling.","Schema.org-semantikk. Ikke dokumentert her som et Google Article-/Breadcrumb rich-result-felt; ingen visningsgaranti.","https://schema.org/creativeWorkStatus"
"ImageObject","creator","CreativeWorkBase","manglende dokumentasjon","Ikke publisert uten dokumentert verdi/rettighet/identitet; valgfritt felt.","Schema.org-semantikk. Ikke dokumentert her som et Google Article-/Breadcrumb rich-result-felt; ingen visningsgaranti.","https://schema.org/creator"
"ImageObject","creditText","CreativeWorkBase","manglende dokumentasjon","Ikke publisert uten dokumentert verdi/rettighet/identitet; valgfritt felt.","Schema.org-semantikk. Ikke dokumentert her som et Google Article-/Breadcrumb rich-result-felt; ingen visningsgaranti.","https://schema.org/creditText"
"ImageObject","dateCreated","CreativeWorkBase","manglende dokumentasjon","Ikke publisert uten dokumentert verdi/rettighet/identitet; valgfritt felt.","Schema.org-semantikk. Ikke dokumentert her som et Google Article-/Breadcrumb rich-result-felt; ingen visningsgaranti.","https://schema.org/dateCreated"
"ImageObject","dateModified","CreativeWorkBase","manglende dokumentasjon","Ikke publisert uten dokumentert verdi/rettighet/identitet; valgfritt felt.","Schema.org-semantikk. Ikke dokumentert her som et Google Article-/Breadcrumb rich-result-felt; ingen visningsgaranti.","https://schema.org/dateModified"
"ImageObject","datePublished","CreativeWorkBase","manglende dokumentasjon","Ikke publisert uten dokumentert verdi/rettighet/identitet; valgfritt felt.","Schema.org-semantikk. Ikke dokumentert her som et Google Article-/Breadcrumb rich-result-felt; ingen visningsgaranti.","https://schema.org/datePublished"
"ImageObject","digitalSourceType","CreativeWorkBase","ikke relevant","Utelatt: ingen rolle i denne avgrensede artikkel-, navigasjons- eller identitetsmodellen; ikke et krav om full Schema.org-utfylling.","Schema.org-semantikk. Ikke dokumentert her som et Google Article-/Breadcrumb rich-result-felt; ingen visningsgaranti.","https://schema.org/digitalSourceType"
"ImageObject","discussionUrl","CreativeWorkBase","manglende dokumentasjon","Ikke publisert uten dokumentert verdi/rettighet/identitet; valgfritt felt.","Schema.org-semantikk. Ikke dokumentert her som et Google Article-/Breadcrumb rich-result-felt; ingen visningsgaranti.","https://schema.org/discussionUrl"
"ImageObject","displayLocation","CreativeWorkBase","ikke relevant","Utelatt: ingen rolle i denne avgrensede artikkel-, navigasjons- eller identitetsmodellen; ikke et krav om full Schema.org-utfylling.","Schema.org-semantikk. Ikke dokumentert her som et Google Article-/Breadcrumb rich-result-felt; ingen visningsgaranti.","https://schema.org/displayLocation"
"ImageObject","editEIDR","CreativeWorkBase","ikke relevant","Utelatt: ingen rolle i denne avgrensede artikkel-, navigasjons- eller identitetsmodellen; ikke et krav om full Schema.org-utfylling.","Schema.org-semantikk. Ikke dokumentert her som et Google Article-/Breadcrumb rich-result-felt; ingen visningsgaranti.","https://schema.org/editEIDR"
"ImageObject","editor","CreativeWorkBase","manglende dokumentasjon","Ikke publisert uten dokumentert verdi/rettighet/identitet; valgfritt felt.","Schema.org-semantikk. Ikke dokumentert her som et Google Article-/Breadcrumb rich-result-felt; ingen visningsgaranti.","https://schema.org/editor"
"ImageObject","educationalAlignment","CreativeWorkBase","ikke relevant","Utelatt: ingen rolle i denne avgrensede artikkel-, navigasjons- eller identitetsmodellen; ikke et krav om full Schema.org-utfylling.","Schema.org-semantikk. Ikke dokumentert her som et Google Article-/Breadcrumb rich-result-felt; ingen visningsgaranti.","https://schema.org/educationalAlignment"
"ImageObject","educationalLevel","CreativeWorkBase","ikke relevant","Utelatt: ingen rolle i denne avgrensede artikkel-, navigasjons- eller identitetsmodellen; ikke et krav om full Schema.org-utfylling.","Schema.org-semantikk. Ikke dokumentert her som et Google Article-/Breadcrumb rich-result-felt; ingen visningsgaranti.","https://schema.org/educationalLevel"
"ImageObject","educationalUse","CreativeWorkBase","ikke relevant","Utelatt: ingen rolle i denne avgrensede artikkel-, navigasjons- eller identitetsmodellen; ikke et krav om full Schema.org-utfylling.","Schema.org-semantikk. Ikke dokumentert her som et Google Article-/Breadcrumb rich-result-felt; ingen visningsgaranti.","https://schema.org/educationalUse"
"ImageObject","encoding","CreativeWorkBase","ikke relevant","Utelatt: ingen rolle i denne avgrensede artikkel-, navigasjons- eller identitetsmodellen; ikke et krav om full Schema.org-utfylling.","Schema.org-semantikk. Ikke dokumentert her som et Google Article-/Breadcrumb rich-result-felt; ingen visningsgaranti.","https://schema.org/encoding"
"ImageObject","encodings","CreativeWorkBase","ikke relevant","Utelatt: ingen rolle i denne avgrensede artikkel-, navigasjons- eller identitetsmodellen; ikke et krav om full Schema.org-utfylling.","Schema.org-semantikk. Ikke dokumentert her som et Google Article-/Breadcrumb rich-result-felt; ingen visningsgaranti.","https://schema.org/encodings"
"ImageObject","exampleOfWork","CreativeWorkBase","ikke relevant","Utelatt: ingen rolle i denne avgrensede artikkel-, navigasjons- eller identitetsmodellen; ikke et krav om full Schema.org-utfylling.","Schema.org-semantikk. Ikke dokumentert her som et Google Article-/Breadcrumb rich-result-felt; ingen visningsgaranti.","https://schema.org/exampleOfWork"
"ImageObject","expires","CreativeWorkBase","ikke relevant","Utelatt: ingen rolle i denne avgrensede artikkel-, navigasjons- eller identitetsmodellen; ikke et krav om full Schema.org-utfylling.","Schema.org-semantikk. Ikke dokumentert her som et Google Article-/Breadcrumb rich-result-felt; ingen visningsgaranti.","https://schema.org/expires"
"ImageObject","fileFormat","CreativeWorkBase","ikke relevant","Utelatt: ingen rolle i denne avgrensede artikkel-, navigasjons- eller identitetsmodellen; ikke et krav om full Schema.org-utfylling.","Schema.org-semantikk. Ikke dokumentert her som et Google Article-/Breadcrumb rich-result-felt; ingen visningsgaranti.","https://schema.org/fileFormat"
"ImageObject","funder","CreativeWorkBase","manglende dokumentasjon","Ikke publisert uten dokumentert verdi/rettighet/identitet; valgfritt felt.","Schema.org-semantikk. Ikke dokumentert her som et Google Article-/Breadcrumb rich-result-felt; ingen visningsgaranti.","https://schema.org/funder"
"ImageObject","funding","CreativeWorkBase","manglende dokumentasjon","Ikke publisert uten dokumentert verdi/rettighet/identitet; valgfritt felt.","Schema.org-semantikk. Ikke dokumentert her som et Google Article-/Breadcrumb rich-result-felt; ingen visningsgaranti.","https://schema.org/funding"
"ImageObject","genre","CreativeWorkBase","ikke relevant","Utelatt: ingen rolle i denne avgrensede artikkel-, navigasjons- eller identitetsmodellen; ikke et krav om full Schema.org-utfylling.","Schema.org-semantikk. Ikke dokumentert her som et Google Article-/Breadcrumb rich-result-felt; ingen visningsgaranti.","https://schema.org/genre"
"ImageObject","hasPart","CreativeWorkBase","ikke relevant","Utelatt: ingen rolle i denne avgrensede artikkel-, navigasjons- eller identitetsmodellen; ikke et krav om full Schema.org-utfylling.","Schema.org-semantikk. Ikke dokumentert her som et Google Article-/Breadcrumb rich-result-felt; ingen visningsgaranti.","https://schema.org/hasPart"
"ImageObject","headline","CreativeWorkBase","ikke relevant","Utelatt: ingen rolle i denne avgrensede artikkel-, navigasjons- eller identitetsmodellen; ikke et krav om full Schema.org-utfylling.","Schema.org-semantikk. Ikke dokumentert her som et Google Article-/Breadcrumb rich-result-felt; ingen visningsgaranti.","https://schema.org/headline"
"ImageObject","inLanguage","CreativeWorkBase","ikke relevant","Utelatt: ingen rolle i denne avgrensede artikkel-, navigasjons- eller identitetsmodellen; ikke et krav om full Schema.org-utfylling.","Schema.org-semantikk. Ikke dokumentert her som et Google Article-/Breadcrumb rich-result-felt; ingen visningsgaranti.","https://schema.org/inLanguage"
"ImageObject","interactionStatistic","CreativeWorkBase","ikke relevant","Utelatt: ingen rolle i denne avgrensede artikkel-, navigasjons- eller identitetsmodellen; ikke et krav om full Schema.org-utfylling.","Schema.org-semantikk. Ikke dokumentert her som et Google Article-/Breadcrumb rich-result-felt; ingen visningsgaranti.","https://schema.org/interactionStatistic"
"ImageObject","interactivityType","CreativeWorkBase","ikke relevant","Utelatt: ingen rolle i denne avgrensede artikkel-, navigasjons- eller identitetsmodellen; ikke et krav om full Schema.org-utfylling.","Schema.org-semantikk. Ikke dokumentert her som et Google Article-/Breadcrumb rich-result-felt; ingen visningsgaranti.","https://schema.org/interactivityType"
"ImageObject","isAccessibleForFree","CreativeWorkBase","ikke relevant","Utelatt: ingen rolle i denne avgrensede artikkel-, navigasjons- eller identitetsmodellen; ikke et krav om full Schema.org-utfylling.","Schema.org-semantikk. Ikke dokumentert her som et Google Article-/Breadcrumb rich-result-felt; ingen visningsgaranti.","https://schema.org/isAccessibleForFree"
"ImageObject","isBasedOn","CreativeWorkBase","manglende dokumentasjon","Ikke publisert uten dokumentert verdi/rettighet/identitet; valgfritt felt.","Schema.org-semantikk. Ikke dokumentert her som et Google Article-/Breadcrumb rich-result-felt; ingen visningsgaranti.","https://schema.org/isBasedOn"
"ImageObject","isBasedOnUrl","CreativeWorkBase","ikke relevant","Utelatt: ingen rolle i denne avgrensede artikkel-, navigasjons- eller identitetsmodellen; ikke et krav om full Schema.org-utfylling.","Schema.org-semantikk. Ikke dokumentert her som et Google Article-/Breadcrumb rich-result-felt; ingen visningsgaranti.","https://schema.org/isBasedOnUrl"
"ImageObject","isFamilyFriendly","CreativeWorkBase","ikke relevant","Utelatt: ingen rolle i denne avgrensede artikkel-, navigasjons- eller identitetsmodellen; ikke et krav om full Schema.org-utfylling.","Schema.org-semantikk. Ikke dokumentert her som et Google Article-/Breadcrumb rich-result-felt; ingen visningsgaranti.","https://schema.org/isFamilyFriendly"
"ImageObject","isPartOf","CreativeWorkBase","ikke relevant","Utelatt: ingen rolle i denne avgrensede artikkel-, navigasjons- eller identitetsmodellen; ikke et krav om full Schema.org-utfylling.","Schema.org-semantikk. Ikke dokumentert her som et Google Article-/Breadcrumb rich-result-felt; ingen visningsgaranti.","https://schema.org/isPartOf"
"ImageObject","keywords","CreativeWorkBase","ikke relevant","Utelatt: ingen rolle i denne avgrensede artikkel-, navigasjons- eller identitetsmodellen; ikke et krav om full Schema.org-utfylling.","Schema.org-semantikk. Ikke dokumentert her som et Google Article-/Breadcrumb rich-result-felt; ingen visningsgaranti.","https://schema.org/keywords"
"ImageObject","learningResourceType","CreativeWorkBase","ikke relevant","Utelatt: ingen rolle i denne avgrensede artikkel-, navigasjons- eller identitetsmodellen; ikke et krav om full Schema.org-utfylling.","Schema.org-semantikk. Ikke dokumentert her som et Google Article-/Breadcrumb rich-result-felt; ingen visningsgaranti.","https://schema.org/learningResourceType"
"ImageObject","license","CreativeWorkBase","manglende dokumentasjon","Ikke publisert uten dokumentert verdi/rettighet/identitet; valgfritt felt.","Schema.org-semantikk. Ikke dokumentert her som et Google Article-/Breadcrumb rich-result-felt; ingen visningsgaranti.","https://schema.org/license"
"ImageObject","locationCreated","CreativeWorkBase","manglende dokumentasjon","Ikke publisert uten dokumentert verdi/rettighet/identitet; valgfritt felt.","Schema.org-semantikk. Ikke dokumentert her som et Google Article-/Breadcrumb rich-result-felt; ingen visningsgaranti.","https://schema.org/locationCreated"
"ImageObject","mainEntity","CreativeWorkBase","ikke relevant","Utelatt: ingen rolle i denne avgrensede artikkel-, navigasjons- eller identitetsmodellen; ikke et krav om full Schema.org-utfylling.","Schema.org-semantikk. Ikke dokumentert her som et Google Article-/Breadcrumb rich-result-felt; ingen visningsgaranti.","https://schema.org/mainEntity"
"ImageObject","maintainer","CreativeWorkBase","manglende dokumentasjon","Ikke publisert uten dokumentert verdi/rettighet/identitet; valgfritt felt.","Schema.org-semantikk. Ikke dokumentert her som et Google Article-/Breadcrumb rich-result-felt; ingen visningsgaranti.","https://schema.org/maintainer"
"ImageObject","material","CreativeWorkBase","ikke relevant","Utelatt: ingen rolle i denne avgrensede artikkel-, navigasjons- eller identitetsmodellen; ikke et krav om full Schema.org-utfylling.","Schema.org-semantikk. Ikke dokumentert her som et Google Article-/Breadcrumb rich-result-felt; ingen visningsgaranti.","https://schema.org/material"
"ImageObject","materialExtent","CreativeWorkBase","ikke relevant","Utelatt: ingen rolle i denne avgrensede artikkel-, navigasjons- eller identitetsmodellen; ikke et krav om full Schema.org-utfylling.","Schema.org-semantikk. Ikke dokumentert her som et Google Article-/Breadcrumb rich-result-felt; ingen visningsgaranti.","https://schema.org/materialExtent"
"ImageObject","mentions","CreativeWorkBase","ikke relevant","Utelatt: ingen rolle i denne avgrensede artikkel-, navigasjons- eller identitetsmodellen; ikke et krav om full Schema.org-utfylling.","Schema.org-semantikk. Ikke dokumentert her som et Google Article-/Breadcrumb rich-result-felt; ingen visningsgaranti.","https://schema.org/mentions"
"ImageObject","offers","CreativeWorkBase","ikke relevant","Utelatt: ingen rolle i denne avgrensede artikkel-, navigasjons- eller identitetsmodellen; ikke et krav om full Schema.org-utfylling.","Schema.org-semantikk. Ikke dokumentert her som et Google Article-/Breadcrumb rich-result-felt; ingen visningsgaranti.","https://schema.org/offers"
"ImageObject","pattern","CreativeWorkBase","ikke relevant","Utelatt: ingen rolle i denne avgrensede artikkel-, navigasjons- eller identitetsmodellen; ikke et krav om full Schema.org-utfylling.","Schema.org-semantikk. Ikke dokumentert her som et Google Article-/Breadcrumb rich-result-felt; ingen visningsgaranti.","https://schema.org/pattern"
"ImageObject","position","CreativeWorkBase","ikke relevant","Utelatt: ingen rolle i denne avgrensede artikkel-, navigasjons- eller identitetsmodellen; ikke et krav om full Schema.org-utfylling.","Schema.org-semantikk. Ikke dokumentert her som et Google Article-/Breadcrumb rich-result-felt; ingen visningsgaranti.","https://schema.org/position"
"ImageObject","producer","CreativeWorkBase","ikke relevant","Utelatt: ingen rolle i denne avgrensede artikkel-, navigasjons- eller identitetsmodellen; ikke et krav om full Schema.org-utfylling.","Schema.org-semantikk. Ikke dokumentert her som et Google Article-/Breadcrumb rich-result-felt; ingen visningsgaranti.","https://schema.org/producer"
"ImageObject","provider","CreativeWorkBase","ikke relevant","Utelatt: ingen rolle i denne avgrensede artikkel-, navigasjons- eller identitetsmodellen; ikke et krav om full Schema.org-utfylling.","Schema.org-semantikk. Ikke dokumentert her som et Google Article-/Breadcrumb rich-result-felt; ingen visningsgaranti.","https://schema.org/provider"
"ImageObject","publication","CreativeWorkBase","ikke relevant","Utelatt: ingen rolle i denne avgrensede artikkel-, navigasjons- eller identitetsmodellen; ikke et krav om full Schema.org-utfylling.","Schema.org-semantikk. Ikke dokumentert her som et Google Article-/Breadcrumb rich-result-felt; ingen visningsgaranti.","https://schema.org/publication"
"ImageObject","publisher","CreativeWorkBase","ikke relevant","Utelatt: ingen rolle i denne avgrensede artikkel-, navigasjons- eller identitetsmodellen; ikke et krav om full Schema.org-utfylling.","Schema.org-semantikk. Ikke dokumentert her som et Google Article-/Breadcrumb rich-result-felt; ingen visningsgaranti.","https://schema.org/publisher"
"ImageObject","publisherImprint","CreativeWorkBase","ikke relevant","Utelatt: ingen rolle i denne avgrensede artikkel-, navigasjons- eller identitetsmodellen; ikke et krav om full Schema.org-utfylling.","Schema.org-semantikk. Ikke dokumentert her som et Google Article-/Breadcrumb rich-result-felt; ingen visningsgaranti.","https://schema.org/publisherImprint"
"ImageObject","publishingPrinciples","CreativeWorkBase","manglende dokumentasjon","Ikke publisert uten dokumentert verdi/rettighet/identitet; valgfritt felt.","Schema.org-semantikk. Ikke dokumentert her som et Google Article-/Breadcrumb rich-result-felt; ingen visningsgaranti.","https://schema.org/publishingPrinciples"
"ImageObject","recordedAt","CreativeWorkBase","ikke relevant","Utelatt: ingen rolle i denne avgrensede artikkel-, navigasjons- eller identitetsmodellen; ikke et krav om full Schema.org-utfylling.","Schema.org-semantikk. Ikke dokumentert her som et Google Article-/Breadcrumb rich-result-felt; ingen visningsgaranti.","https://schema.org/recordedAt"
"ImageObject","releasedEvent","CreativeWorkBase","ikke relevant","Utelatt: ingen rolle i denne avgrensede artikkel-, navigasjons- eller identitetsmodellen; ikke et krav om full Schema.org-utfylling.","Schema.org-semantikk. Ikke dokumentert her som et Google Article-/Breadcrumb rich-result-felt; ingen visningsgaranti.","https://schema.org/releasedEvent"
"ImageObject","review","CreativeWorkBase","manglende dokumentasjon","Ikke publisert uten dokumentert verdi/rettighet/identitet; valgfritt felt.","Schema.org-semantikk. Ikke dokumentert her som et Google Article-/Breadcrumb rich-result-felt; ingen visningsgaranti.","https://schema.org/review"
"ImageObject","reviews","CreativeWorkBase","ikke relevant","Utelatt: ingen rolle i denne avgrensede artikkel-, navigasjons- eller identitetsmodellen; ikke et krav om full Schema.org-utfylling.","Schema.org-semantikk. Ikke dokumentert her som et Google Article-/Breadcrumb rich-result-felt; ingen visningsgaranti.","https://schema.org/reviews"
"ImageObject","schemaVersion","CreativeWorkBase","ikke relevant","Utelatt: ingen rolle i denne avgrensede artikkel-, navigasjons- eller identitetsmodellen; ikke et krav om full Schema.org-utfylling.","Schema.org-semantikk. Ikke dokumentert her som et Google Article-/Breadcrumb rich-result-felt; ingen visningsgaranti.","https://schema.org/schemaVersion"
"ImageObject","sdDatePublished","CreativeWorkBase","ikke relevant","Utelatt: ingen rolle i denne avgrensede artikkel-, navigasjons- eller identitetsmodellen; ikke et krav om full Schema.org-utfylling.","Schema.org-semantikk. Ikke dokumentert her som et Google Article-/Breadcrumb rich-result-felt; ingen visningsgaranti.","https://schema.org/sdDatePublished"
"ImageObject","sdLicense","CreativeWorkBase","ikke relevant","Utelatt: ingen rolle i denne avgrensede artikkel-, navigasjons- eller identitetsmodellen; ikke et krav om full Schema.org-utfylling.","Schema.org-semantikk. Ikke dokumentert her som et Google Article-/Breadcrumb rich-result-felt; ingen visningsgaranti.","https://schema.org/sdLicense"
"ImageObject","sdPublisher","CreativeWorkBase","ikke relevant","Utelatt: ingen rolle i denne avgrensede artikkel-, navigasjons- eller identitetsmodellen; ikke et krav om full Schema.org-utfylling.","Schema.org-semantikk. Ikke dokumentert her som et Google Article-/Breadcrumb rich-result-felt; ingen visningsgaranti.","https://schema.org/sdPublisher"
"ImageObject","size","CreativeWorkBase","ikke relevant","Utelatt: ingen rolle i denne avgrensede artikkel-, navigasjons- eller identitetsmodellen; ikke et krav om full Schema.org-utfylling.","Schema.org-semantikk. Ikke dokumentert her som et Google Article-/Breadcrumb rich-result-felt; ingen visningsgaranti.","https://schema.org/size"
"ImageObject","sourceOrganization","CreativeWorkBase","ikke relevant","Utelatt: ingen rolle i denne avgrensede artikkel-, navigasjons- eller identitetsmodellen; ikke et krav om full Schema.org-utfylling.","Schema.org-semantikk. Ikke dokumentert her som et Google Article-/Breadcrumb rich-result-felt; ingen visningsgaranti.","https://schema.org/sourceOrganization"
"ImageObject","spatial","CreativeWorkBase","ikke relevant","Utelatt: ingen rolle i denne avgrensede artikkel-, navigasjons- eller identitetsmodellen; ikke et krav om full Schema.org-utfylling.","Schema.org-semantikk. Ikke dokumentert her som et Google Article-/Breadcrumb rich-result-felt; ingen visningsgaranti.","https://schema.org/spatial"
"ImageObject","spatialCoverage","CreativeWorkBase","ikke relevant","Utelatt: ingen rolle i denne avgrensede artikkel-, navigasjons- eller identitetsmodellen; ikke et krav om full Schema.org-utfylling.","Schema.org-semantikk. Ikke dokumentert her som et Google Article-/Breadcrumb rich-result-felt; ingen visningsgaranti.","https://schema.org/spatialCoverage"
"ImageObject","sponsor","CreativeWorkBase","manglende dokumentasjon","Ikke publisert uten dokumentert verdi/rettighet/identitet; valgfritt felt.","Schema.org-semantikk. Ikke dokumentert her som et Google Article-/Breadcrumb rich-result-felt; ingen visningsgaranti.","https://schema.org/sponsor"
"ImageObject","teaches","CreativeWorkBase","ikke relevant","Utelatt: ingen rolle i denne avgrensede artikkel-, navigasjons- eller identitetsmodellen; ikke et krav om full Schema.org-utfylling.","Schema.org-semantikk. Ikke dokumentert her som et Google Article-/Breadcrumb rich-result-felt; ingen visningsgaranti.","https://schema.org/teaches"
"ImageObject","temporal","CreativeWorkBase","ikke relevant","Utelatt: ingen rolle i denne avgrensede artikkel-, navigasjons- eller identitetsmodellen; ikke et krav om full Schema.org-utfylling.","Schema.org-semantikk. Ikke dokumentert her som et Google Article-/Breadcrumb rich-result-felt; ingen visningsgaranti.","https://schema.org/temporal"
"ImageObject","temporalCoverage","CreativeWorkBase","manglende dokumentasjon","Ikke publisert uten dokumentert verdi/rettighet/identitet; valgfritt felt.","Schema.org-semantikk. Ikke dokumentert her som et Google Article-/Breadcrumb rich-result-felt; ingen visningsgaranti.","https://schema.org/temporalCoverage"
"ImageObject","text","CreativeWorkBase","ikke relevant","Utelatt: ingen rolle i denne avgrensede artikkel-, navigasjons- eller identitetsmodellen; ikke et krav om full Schema.org-utfylling.","Schema.org-semantikk. Ikke dokumentert her som et Google Article-/Breadcrumb rich-result-felt; ingen visningsgaranti.","https://schema.org/text"
"ImageObject","thumbnail","CreativeWorkBase","ikke relevant","Utelatt: ingen rolle i denne avgrensede artikkel-, navigasjons- eller identitetsmodellen; ikke et krav om full Schema.org-utfylling.","Schema.org-semantikk. Ikke dokumentert her som et Google Article-/Breadcrumb rich-result-felt; ingen visningsgaranti.","https://schema.org/thumbnail"
"ImageObject","thumbnailUrl","CreativeWorkBase","ikke relevant","Utelatt: ingen rolle i denne avgrensede artikkel-, navigasjons- eller identitetsmodellen; ikke et krav om full Schema.org-utfylling.","Schema.org-semantikk. Ikke dokumentert her som et Google Article-/Breadcrumb rich-result-felt; ingen visningsgaranti.","https://schema.org/thumbnailUrl"
"ImageObject","timeRequired","CreativeWorkBase","ikke relevant","Utelatt: ingen rolle i denne avgrensede artikkel-, navigasjons- eller identitetsmodellen; ikke et krav om full Schema.org-utfylling.","Schema.org-semantikk. Ikke dokumentert her som et Google Article-/Breadcrumb rich-result-felt; ingen visningsgaranti.","https://schema.org/timeRequired"
"ImageObject","translationOfWork","CreativeWorkBase","ikke relevant","Utelatt: ingen rolle i denne avgrensede artikkel-, navigasjons- eller identitetsmodellen; ikke et krav om full Schema.org-utfylling.","Schema.org-semantikk. Ikke dokumentert her som et Google Article-/Breadcrumb rich-result-felt; ingen visningsgaranti.","https://schema.org/translationOfWork"
"ImageObject","translator","CreativeWorkBase","manglende dokumentasjon","Ikke publisert uten dokumentert verdi/rettighet/identitet; valgfritt felt.","Schema.org-semantikk. Ikke dokumentert her som et Google Article-/Breadcrumb rich-result-felt; ingen visningsgaranti.","https://schema.org/translator"
"ImageObject","typicalAgeRange","CreativeWorkBase","ikke relevant","Utelatt: ingen rolle i denne avgrensede artikkel-, navigasjons- eller identitetsmodellen; ikke et krav om full Schema.org-utfylling.","Schema.org-semantikk. Ikke dokumentert her som et Google Article-/Breadcrumb rich-result-felt; ingen visningsgaranti.","https://schema.org/typicalAgeRange"
"ImageObject","usageInfo","CreativeWorkBase","ikke relevant","Utelatt: ingen rolle i denne avgrensede artikkel-, navigasjons- eller identitetsmodellen; ikke et krav om full Schema.org-utfylling.","Schema.org-semantikk. Ikke dokumentert her som et Google Article-/Breadcrumb rich-result-felt; ingen visningsgaranti.","https://schema.org/usageInfo"
"ImageObject","version","CreativeWorkBase","manglende dokumentasjon","Ikke publisert uten dokumentert verdi/rettighet/identitet; valgfritt felt.","Schema.org-semantikk. Ikke dokumentert her som et Google Article-/Breadcrumb rich-result-felt; ingen visningsgaranti.","https://schema.org/version"
"ImageObject","video","CreativeWorkBase","ikke relevant","Utelatt: ingen rolle i denne avgrensede artikkel-, navigasjons- eller identitetsmodellen; ikke et krav om full Schema.org-utfylling.","Schema.org-semantikk. Ikke dokumentert her som et Google Article-/Breadcrumb rich-result-felt; ingen visningsgaranti.","https://schema.org/video"
"ImageObject","wordCount","CreativeWorkBase","ikke relevant","Utelatt: ingen rolle i denne avgrensede artikkel-, navigasjons- eller identitetsmodellen; ikke et krav om full Schema.org-utfylling.","Schema.org-semantikk. Ikke dokumentert her som et Google Article-/Breadcrumb rich-result-felt; ingen visningsgaranti.","https://schema.org/wordCount"
"ImageObject","workExample","CreativeWorkBase","ikke relevant","Utelatt: ingen rolle i denne avgrensede artikkel-, navigasjons- eller identitetsmodellen; ikke et krav om full Schema.org-utfylling.","Schema.org-semantikk. Ikke dokumentert her som et Google Article-/Breadcrumb rich-result-felt; ingen visningsgaranti.","https://schema.org/workExample"
"ImageObject","workTranslation","CreativeWorkBase","ikke relevant","Utelatt: ingen rolle i denne avgrensede artikkel-, navigasjons- eller identitetsmodellen; ikke et krav om full Schema.org-utfylling.","Schema.org-semantikk. Ikke dokumentert her som et Google Article-/Breadcrumb rich-result-felt; ingen visningsgaranti.","https://schema.org/workTranslation"
"ImageObject","additionalType","ThingBase","ikke relevant","Utelatt: ingen rolle i denne avgrensede artikkel-, navigasjons- eller identitetsmodellen; ikke et krav om full Schema.org-utfylling.","Schema.org-semantikk. Ikke dokumentert her som et Google Article-/Breadcrumb rich-result-felt; ingen visningsgaranti.","https://schema.org/additionalType"
"ImageObject","alternateName","ThingBase","ikke relevant","Utelatt: ingen rolle i denne avgrensede artikkel-, navigasjons- eller identitetsmodellen; ikke et krav om full Schema.org-utfylling.","Schema.org-semantikk. Ikke dokumentert her som et Google Article-/Breadcrumb rich-result-felt; ingen visningsgaranti.","https://schema.org/alternateName"
"ImageObject","description","ThingBase","ikke relevant","Utelatt: ingen rolle i denne avgrensede artikkel-, navigasjons- eller identitetsmodellen; ikke et krav om full Schema.org-utfylling.","Schema.org-semantikk. Ikke dokumentert her som et Google Article-/Breadcrumb rich-result-felt; ingen visningsgaranti.","https://schema.org/description"
"ImageObject","disambiguatingDescription","ThingBase","ikke relevant","Utelatt: ingen rolle i denne avgrensede artikkel-, navigasjons- eller identitetsmodellen; ikke et krav om full Schema.org-utfylling.","Schema.org-semantikk. Ikke dokumentert her som et Google Article-/Breadcrumb rich-result-felt; ingen visningsgaranti.","https://schema.org/disambiguatingDescription"
"ImageObject","identifier","ThingBase","manglende dokumentasjon","Ikke publisert uten dokumentert verdi/rettighet/identitet; valgfritt felt.","Schema.org-semantikk. Ikke dokumentert her som et Google Article-/Breadcrumb rich-result-felt; ingen visningsgaranti.","https://schema.org/identifier"
"ImageObject","image","ThingBase","ikke relevant","Utelatt: ingen rolle i denne avgrensede artikkel-, navigasjons- eller identitetsmodellen; ikke et krav om full Schema.org-utfylling.","Schema.org-semantikk. Ikke dokumentert her som et Google Article-/Breadcrumb rich-result-felt; ingen visningsgaranti.","https://schema.org/image"
"ImageObject","mainEntityOfPage","ThingBase","ikke relevant","Utelatt: ingen rolle i denne avgrensede artikkel-, navigasjons- eller identitetsmodellen; ikke et krav om full Schema.org-utfylling.","Schema.org-semantikk. Ikke dokumentert her som et Google Article-/Breadcrumb rich-result-felt; ingen visningsgaranti.","https://schema.org/mainEntityOfPage"
"ImageObject","name","ThingBase","ikke relevant","Utelatt: ingen rolle i denne avgrensede artikkel-, navigasjons- eller identitetsmodellen; ikke et krav om full Schema.org-utfylling.","Schema.org-semantikk. Ikke dokumentert her som et Google Article-/Breadcrumb rich-result-felt; ingen visningsgaranti.","https://schema.org/name"
"ImageObject","owner","ThingBase","ikke relevant","Utelatt: ingen rolle i denne avgrensede artikkel-, navigasjons- eller identitetsmodellen; ikke et krav om full Schema.org-utfylling.","Schema.org-semantikk. Ikke dokumentert her som et Google Article-/Breadcrumb rich-result-felt; ingen visningsgaranti.","https://schema.org/owner"
"ImageObject","potentialAction","ThingBase","ikke relevant","Utelatt: ingen rolle i denne avgrensede artikkel-, navigasjons- eller identitetsmodellen; ikke et krav om full Schema.org-utfylling.","Schema.org-semantikk. Ikke dokumentert her som et Google Article-/Breadcrumb rich-result-felt; ingen visningsgaranti.","https://schema.org/potentialAction"
"ImageObject","sameAs","ThingBase","manglende dokumentasjon","Ikke publisert uten dokumentert verdi/rettighet/identitet; valgfritt felt.","Schema.org-semantikk. Ikke dokumentert her som et Google Article-/Breadcrumb rich-result-felt; ingen visningsgaranti.","https://schema.org/sameAs"
"ImageObject","subjectOf","ThingBase","ikke relevant","Utelatt: ingen rolle i denne avgrensede artikkel-, navigasjons- eller identitetsmodellen; ikke et krav om full Schema.org-utfylling.","Schema.org-semantikk. Ikke dokumentert her som et Google Article-/Breadcrumb rich-result-felt; ingen visningsgaranti.","https://schema.org/subjectOf"
"ImageObject","url","ThingBase","implementert","Bygges fra det validerte registeret eller fast, dokumentert nettstedsidentitet.","Schema.org-semantikk. Ikke dokumentert her som et Google Article-/Breadcrumb rich-result-felt; ingen visningsgaranti.","https://schema.org/url"
"ImageObject","@id","IdReference","implementert","Bygges fra det validerte registeret eller fast, dokumentert nettstedsidentitet.","JSON-LD struktur/identitet.","https://www.w3.org/TR/json-ld11/"
"QuantitativeValue","@type","QuantitativeValueLeaf","implementert","Bygges fra det validerte registeret eller fast, dokumentert nettstedsidentitet.","JSON-LD struktur/identitet.","https://www.w3.org/TR/json-ld11/"
"QuantitativeValue","additionalProperty","QuantitativeValueBase","ikke relevant","Utelatt: ingen rolle i denne avgrensede artikkel-, navigasjons- eller identitetsmodellen; ikke et krav om full Schema.org-utfylling.","Schema.org-semantikk. Ikke dokumentert her som et Google Article-/Breadcrumb rich-result-felt; ingen visningsgaranti.","https://schema.org/additionalProperty"
"QuantitativeValue","maxValue","QuantitativeValueBase","ikke relevant","Utelatt: ingen rolle i denne avgrensede artikkel-, navigasjons- eller identitetsmodellen; ikke et krav om full Schema.org-utfylling.","Schema.org-semantikk. Ikke dokumentert her som et Google Article-/Breadcrumb rich-result-felt; ingen visningsgaranti.","https://schema.org/maxValue"
"QuantitativeValue","minValue","QuantitativeValueBase","ikke relevant","Utelatt: ingen rolle i denne avgrensede artikkel-, navigasjons- eller identitetsmodellen; ikke et krav om full Schema.org-utfylling.","Schema.org-semantikk. Ikke dokumentert her som et Google Article-/Breadcrumb rich-result-felt; ingen visningsgaranti.","https://schema.org/minValue"
"QuantitativeValue","unitCode","QuantitativeValueBase","ikke relevant","Utelatt: ingen rolle i denne avgrensede artikkel-, navigasjons- eller identitetsmodellen; ikke et krav om full Schema.org-utfylling.","Schema.org-semantikk. Ikke dokumentert her som et Google Article-/Breadcrumb rich-result-felt; ingen visningsgaranti.","https://schema.org/unitCode"
"QuantitativeValue","unitText","QuantitativeValueBase","implementert","Bygges fra det validerte registeret eller fast, dokumentert nettstedsidentitet.","Schema.org-semantikk. Ikke dokumentert her som et Google Article-/Breadcrumb rich-result-felt; ingen visningsgaranti.","https://schema.org/unitText"
"QuantitativeValue","value","QuantitativeValueBase","implementert","Bygges fra det validerte registeret eller fast, dokumentert nettstedsidentitet.","Schema.org-semantikk. Ikke dokumentert her som et Google Article-/Breadcrumb rich-result-felt; ingen visningsgaranti.","https://schema.org/value"
"QuantitativeValue","valueReference","QuantitativeValueBase","ikke relevant","Utelatt: ingen rolle i denne avgrensede artikkel-, navigasjons- eller identitetsmodellen; ikke et krav om full Schema.org-utfylling.","Schema.org-semantikk. Ikke dokumentert her som et Google Article-/Breadcrumb rich-result-felt; ingen visningsgaranti.","https://schema.org/valueReference"
"QuantitativeValue","additionalType","ThingBase","ikke relevant","Utelatt: ingen rolle i denne avgrensede artikkel-, navigasjons- eller identitetsmodellen; ikke et krav om full Schema.org-utfylling.","Schema.org-semantikk. Ikke dokumentert her som et Google Article-/Breadcrumb rich-result-felt; ingen visningsgaranti.","https://schema.org/additionalType"
"QuantitativeValue","alternateName","ThingBase","ikke relevant","Utelatt: ingen rolle i denne avgrensede artikkel-, navigasjons- eller identitetsmodellen; ikke et krav om full Schema.org-utfylling.","Schema.org-semantikk. Ikke dokumentert her som et Google Article-/Breadcrumb rich-result-felt; ingen visningsgaranti.","https://schema.org/alternateName"
"QuantitativeValue","description","ThingBase","ikke relevant","Utelatt: ingen rolle i denne avgrensede artikkel-, navigasjons- eller identitetsmodellen; ikke et krav om full Schema.org-utfylling.","Schema.org-semantikk. Ikke dokumentert her som et Google Article-/Breadcrumb rich-result-felt; ingen visningsgaranti.","https://schema.org/description"
"QuantitativeValue","disambiguatingDescription","ThingBase","ikke relevant","Utelatt: ingen rolle i denne avgrensede artikkel-, navigasjons- eller identitetsmodellen; ikke et krav om full Schema.org-utfylling.","Schema.org-semantikk. Ikke dokumentert her som et Google Article-/Breadcrumb rich-result-felt; ingen visningsgaranti.","https://schema.org/disambiguatingDescription"
"QuantitativeValue","identifier","ThingBase","manglende dokumentasjon","Ikke publisert uten dokumentert verdi/rettighet/identitet; valgfritt felt.","Schema.org-semantikk. Ikke dokumentert her som et Google Article-/Breadcrumb rich-result-felt; ingen visningsgaranti.","https://schema.org/identifier"
"QuantitativeValue","image","ThingBase","ikke relevant","Utelatt: ingen rolle i denne avgrensede artikkel-, navigasjons- eller identitetsmodellen; ikke et krav om full Schema.org-utfylling.","Schema.org-semantikk. Ikke dokumentert her som et Google Article-/Breadcrumb rich-result-felt; ingen visningsgaranti.","https://schema.org/image"
"QuantitativeValue","mainEntityOfPage","ThingBase","ikke relevant","Utelatt: ingen rolle i denne avgrensede artikkel-, navigasjons- eller identitetsmodellen; ikke et krav om full Schema.org-utfylling.","Schema.org-semantikk. Ikke dokumentert her som et Google Article-/Breadcrumb rich-result-felt; ingen visningsgaranti.","https://schema.org/mainEntityOfPage"
"QuantitativeValue","name","ThingBase","ikke relevant","Utelatt: ingen rolle i denne avgrensede artikkel-, navigasjons- eller identitetsmodellen; ikke et krav om full Schema.org-utfylling.","Schema.org-semantikk. Ikke dokumentert her som et Google Article-/Breadcrumb rich-result-felt; ingen visningsgaranti.","https://schema.org/name"
"QuantitativeValue","owner","ThingBase","ikke relevant","Utelatt: ingen rolle i denne avgrensede artikkel-, navigasjons- eller identitetsmodellen; ikke et krav om full Schema.org-utfylling.","Schema.org-semantikk. Ikke dokumentert her som et Google Article-/Breadcrumb rich-result-felt; ingen visningsgaranti.","https://schema.org/owner"
"QuantitativeValue","potentialAction","ThingBase","ikke relevant","Utelatt: ingen rolle i denne avgrensede artikkel-, navigasjons- eller identitetsmodellen; ikke et krav om full Schema.org-utfylling.","Schema.org-semantikk. Ikke dokumentert her som et Google Article-/Breadcrumb rich-result-felt; ingen visningsgaranti.","https://schema.org/potentialAction"
"QuantitativeValue","sameAs","ThingBase","manglende dokumentasjon","Ikke publisert uten dokumentert verdi/rettighet/identitet; valgfritt felt.","Schema.org-semantikk. Ikke dokumentert her som et Google Article-/Breadcrumb rich-result-felt; ingen visningsgaranti.","https://schema.org/sameAs"
"QuantitativeValue","subjectOf","ThingBase","ikke relevant","Utelatt: ingen rolle i denne avgrensede artikkel-, navigasjons- eller identitetsmodellen; ikke et krav om full Schema.org-utfylling.","Schema.org-semantikk. Ikke dokumentert her som et Google Article-/Breadcrumb rich-result-felt; ingen visningsgaranti.","https://schema.org/subjectOf"
"QuantitativeValue","url","ThingBase","ikke relevant","Utelatt: ingen rolle i denne avgrensede artikkel-, navigasjons- eller identitetsmodellen; ikke et krav om full Schema.org-utfylling.","Schema.org-semantikk. Ikke dokumentert her som et Google Article-/Breadcrumb rich-result-felt; ingen visningsgaranti.","https://schema.org/url"
"QuantitativeValue","@id","IdReference","ikke relevant","Utelatt: ingen rolle i denne avgrensede artikkel-, navigasjons- eller identitetsmodellen; ikke et krav om full Schema.org-utfylling.","JSON-LD struktur/identitet.","https://www.w3.org/TR/json-ld11/"
"CreativeWork","@type","CreativeWorkLeaf","implementert","Bygges fra det validerte registeret eller fast, dokumentert nettstedsidentitet.","JSON-LD struktur/identitet.","https://www.w3.org/TR/json-ld11/"
"CreativeWork","about","CreativeWorkBase","ikke relevant","Utelatt: ingen rolle i denne avgrensede artikkel-, navigasjons- eller identitetsmodellen; ikke et krav om full Schema.org-utfylling.","Schema.org-semantikk. Ikke dokumentert her som et Google Article-/Breadcrumb rich-result-felt; ingen visningsgaranti.","https://schema.org/about"
"CreativeWork","abstract","CreativeWorkBase","ikke relevant","Utelatt: ingen rolle i denne avgrensede artikkel-, navigasjons- eller identitetsmodellen; ikke et krav om full Schema.org-utfylling.","Schema.org-semantikk. Ikke dokumentert her som et Google Article-/Breadcrumb rich-result-felt; ingen visningsgaranti.","https://schema.org/abstract"
"CreativeWork","accessibilityAPI","CreativeWorkBase","ikke relevant","Utelatt: ingen rolle i denne avgrensede artikkel-, navigasjons- eller identitetsmodellen; ikke et krav om full Schema.org-utfylling.","Schema.org-semantikk. Ikke dokumentert her som et Google Article-/Breadcrumb rich-result-felt; ingen visningsgaranti.","https://schema.org/accessibilityAPI"
"CreativeWork","accessibilityControl","CreativeWorkBase","ikke relevant","Utelatt: ingen rolle i denne avgrensede artikkel-, navigasjons- eller identitetsmodellen; ikke et krav om full Schema.org-utfylling.","Schema.org-semantikk. Ikke dokumentert her som et Google Article-/Breadcrumb rich-result-felt; ingen visningsgaranti.","https://schema.org/accessibilityControl"
"CreativeWork","accessibilityFeature","CreativeWorkBase","ikke relevant","Utelatt: ingen rolle i denne avgrensede artikkel-, navigasjons- eller identitetsmodellen; ikke et krav om full Schema.org-utfylling.","Schema.org-semantikk. Ikke dokumentert her som et Google Article-/Breadcrumb rich-result-felt; ingen visningsgaranti.","https://schema.org/accessibilityFeature"
"CreativeWork","accessibilityHazard","CreativeWorkBase","ikke relevant","Utelatt: ingen rolle i denne avgrensede artikkel-, navigasjons- eller identitetsmodellen; ikke et krav om full Schema.org-utfylling.","Schema.org-semantikk. Ikke dokumentert her som et Google Article-/Breadcrumb rich-result-felt; ingen visningsgaranti.","https://schema.org/accessibilityHazard"
"CreativeWork","accessibilitySummary","CreativeWorkBase","ikke relevant","Utelatt: ingen rolle i denne avgrensede artikkel-, navigasjons- eller identitetsmodellen; ikke et krav om full Schema.org-utfylling.","Schema.org-semantikk. Ikke dokumentert her som et Google Article-/Breadcrumb rich-result-felt; ingen visningsgaranti.","https://schema.org/accessibilitySummary"
"CreativeWork","accessMode","CreativeWorkBase","ikke relevant","Utelatt: ingen rolle i denne avgrensede artikkel-, navigasjons- eller identitetsmodellen; ikke et krav om full Schema.org-utfylling.","Schema.org-semantikk. Ikke dokumentert her som et Google Article-/Breadcrumb rich-result-felt; ingen visningsgaranti.","https://schema.org/accessMode"
"CreativeWork","accessModeSufficient","CreativeWorkBase","ikke relevant","Utelatt: ingen rolle i denne avgrensede artikkel-, navigasjons- eller identitetsmodellen; ikke et krav om full Schema.org-utfylling.","Schema.org-semantikk. Ikke dokumentert her som et Google Article-/Breadcrumb rich-result-felt; ingen visningsgaranti.","https://schema.org/accessModeSufficient"
"CreativeWork","accountablePerson","CreativeWorkBase","manglende dokumentasjon","Ikke publisert uten dokumentert verdi/rettighet/identitet; valgfritt felt.","Schema.org-semantikk. Ikke dokumentert her som et Google Article-/Breadcrumb rich-result-felt; ingen visningsgaranti.","https://schema.org/accountablePerson"
"CreativeWork","acquireLicensePage","CreativeWorkBase","manglende dokumentasjon","Ikke publisert uten dokumentert verdi/rettighet/identitet; valgfritt felt.","Schema.org-semantikk. Ikke dokumentert her som et Google Article-/Breadcrumb rich-result-felt; ingen visningsgaranti.","https://schema.org/acquireLicensePage"
"CreativeWork","aggregateRating","CreativeWorkBase","ikke relevant","Utelatt: ingen rolle i denne avgrensede artikkel-, navigasjons- eller identitetsmodellen; ikke et krav om full Schema.org-utfylling.","Schema.org-semantikk. Ikke dokumentert her som et Google Article-/Breadcrumb rich-result-felt; ingen visningsgaranti.","https://schema.org/aggregateRating"
"CreativeWork","alternativeHeadline","CreativeWorkBase","ikke relevant","Utelatt: ingen rolle i denne avgrensede artikkel-, navigasjons- eller identitetsmodellen; ikke et krav om full Schema.org-utfylling.","Schema.org-semantikk. Ikke dokumentert her som et Google Article-/Breadcrumb rich-result-felt; ingen visningsgaranti.","https://schema.org/alternativeHeadline"
"CreativeWork","archivedAt","CreativeWorkBase","ikke relevant","Utelatt: ingen rolle i denne avgrensede artikkel-, navigasjons- eller identitetsmodellen; ikke et krav om full Schema.org-utfylling.","Schema.org-semantikk. Ikke dokumentert her som et Google Article-/Breadcrumb rich-result-felt; ingen visningsgaranti.","https://schema.org/archivedAt"
"CreativeWork","assesses","CreativeWorkBase","ikke relevant","Utelatt: ingen rolle i denne avgrensede artikkel-, navigasjons- eller identitetsmodellen; ikke et krav om full Schema.org-utfylling.","Schema.org-semantikk. Ikke dokumentert her som et Google Article-/Breadcrumb rich-result-felt; ingen visningsgaranti.","https://schema.org/assesses"
"CreativeWork","associatedMedia","CreativeWorkBase","ikke relevant","Utelatt: ingen rolle i denne avgrensede artikkel-, navigasjons- eller identitetsmodellen; ikke et krav om full Schema.org-utfylling.","Schema.org-semantikk. Ikke dokumentert her som et Google Article-/Breadcrumb rich-result-felt; ingen visningsgaranti.","https://schema.org/associatedMedia"
"CreativeWork","audience","CreativeWorkBase","ikke relevant","Utelatt: ingen rolle i denne avgrensede artikkel-, navigasjons- eller identitetsmodellen; ikke et krav om full Schema.org-utfylling.","Schema.org-semantikk. Ikke dokumentert her som et Google Article-/Breadcrumb rich-result-felt; ingen visningsgaranti.","https://schema.org/audience"
"CreativeWork","audio","CreativeWorkBase","ikke relevant","Utelatt: ingen rolle i denne avgrensede artikkel-, navigasjons- eller identitetsmodellen; ikke et krav om full Schema.org-utfylling.","Schema.org-semantikk. Ikke dokumentert her som et Google Article-/Breadcrumb rich-result-felt; ingen visningsgaranti.","https://schema.org/audio"
"CreativeWork","author","CreativeWorkBase","ikke relevant","Utelatt: ingen rolle i denne avgrensede artikkel-, navigasjons- eller identitetsmodellen; ikke et krav om full Schema.org-utfylling.","Schema.org-semantikk. Ikke dokumentert her som et Google Article-/Breadcrumb rich-result-felt; ingen visningsgaranti.","https://schema.org/author"
"CreativeWork","award","CreativeWorkBase","manglende dokumentasjon","Ikke publisert uten dokumentert verdi/rettighet/identitet; valgfritt felt.","Schema.org-semantikk. Ikke dokumentert her som et Google Article-/Breadcrumb rich-result-felt; ingen visningsgaranti.","https://schema.org/award"
"CreativeWork","awards","CreativeWorkBase","manglende dokumentasjon","Ikke publisert uten dokumentert verdi/rettighet/identitet; valgfritt felt.","Schema.org-semantikk. Ikke dokumentert her som et Google Article-/Breadcrumb rich-result-felt; ingen visningsgaranti.","https://schema.org/awards"
"CreativeWork","character","CreativeWorkBase","ikke relevant","Utelatt: ingen rolle i denne avgrensede artikkel-, navigasjons- eller identitetsmodellen; ikke et krav om full Schema.org-utfylling.","Schema.org-semantikk. Ikke dokumentert her som et Google Article-/Breadcrumb rich-result-felt; ingen visningsgaranti.","https://schema.org/character"
"CreativeWork","citation","CreativeWorkBase","ikke relevant","Utelatt: ingen rolle i denne avgrensede artikkel-, navigasjons- eller identitetsmodellen; ikke et krav om full Schema.org-utfylling.","Schema.org-semantikk. Ikke dokumentert her som et Google Article-/Breadcrumb rich-result-felt; ingen visningsgaranti.","https://schema.org/citation"
"CreativeWork","comment","CreativeWorkBase","ikke relevant","Utelatt: ingen rolle i denne avgrensede artikkel-, navigasjons- eller identitetsmodellen; ikke et krav om full Schema.org-utfylling.","Schema.org-semantikk. Ikke dokumentert her som et Google Article-/Breadcrumb rich-result-felt; ingen visningsgaranti.","https://schema.org/comment"
"CreativeWork","commentCount","CreativeWorkBase","ikke relevant","Utelatt: ingen rolle i denne avgrensede artikkel-, navigasjons- eller identitetsmodellen; ikke et krav om full Schema.org-utfylling.","Schema.org-semantikk. Ikke dokumentert her som et Google Article-/Breadcrumb rich-result-felt; ingen visningsgaranti.","https://schema.org/commentCount"
"CreativeWork","conditionsOfAccess","CreativeWorkBase","ikke relevant","Utelatt: ingen rolle i denne avgrensede artikkel-, navigasjons- eller identitetsmodellen; ikke et krav om full Schema.org-utfylling.","Schema.org-semantikk. Ikke dokumentert her som et Google Article-/Breadcrumb rich-result-felt; ingen visningsgaranti.","https://schema.org/conditionsOfAccess"
"CreativeWork","contentLocation","CreativeWorkBase","ikke relevant","Utelatt: ingen rolle i denne avgrensede artikkel-, navigasjons- eller identitetsmodellen; ikke et krav om full Schema.org-utfylling.","Schema.org-semantikk. Ikke dokumentert her som et Google Article-/Breadcrumb rich-result-felt; ingen visningsgaranti.","https://schema.org/contentLocation"
"CreativeWork","contentRating","CreativeWorkBase","ikke relevant","Utelatt: ingen rolle i denne avgrensede artikkel-, navigasjons- eller identitetsmodellen; ikke et krav om full Schema.org-utfylling.","Schema.org-semantikk. Ikke dokumentert her som et Google Article-/Breadcrumb rich-result-felt; ingen visningsgaranti.","https://schema.org/contentRating"
"CreativeWork","contentReferenceTime","CreativeWorkBase","ikke relevant","Utelatt: ingen rolle i denne avgrensede artikkel-, navigasjons- eller identitetsmodellen; ikke et krav om full Schema.org-utfylling.","Schema.org-semantikk. Ikke dokumentert her som et Google Article-/Breadcrumb rich-result-felt; ingen visningsgaranti.","https://schema.org/contentReferenceTime"
"CreativeWork","contributor","CreativeWorkBase","ikke relevant","Utelatt: ingen rolle i denne avgrensede artikkel-, navigasjons- eller identitetsmodellen; ikke et krav om full Schema.org-utfylling.","Schema.org-semantikk. Ikke dokumentert her som et Google Article-/Breadcrumb rich-result-felt; ingen visningsgaranti.","https://schema.org/contributor"
"CreativeWork","copyrightHolder","CreativeWorkBase","manglende dokumentasjon","Ikke publisert uten dokumentert verdi/rettighet/identitet; valgfritt felt.","Schema.org-semantikk. Ikke dokumentert her som et Google Article-/Breadcrumb rich-result-felt; ingen visningsgaranti.","https://schema.org/copyrightHolder"
"CreativeWork","copyrightNotice","CreativeWorkBase","manglende dokumentasjon","Ikke publisert uten dokumentert verdi/rettighet/identitet; valgfritt felt.","Schema.org-semantikk. Ikke dokumentert her som et Google Article-/Breadcrumb rich-result-felt; ingen visningsgaranti.","https://schema.org/copyrightNotice"
"CreativeWork","copyrightYear","CreativeWorkBase","manglende dokumentasjon","Ikke publisert uten dokumentert verdi/rettighet/identitet; valgfritt felt.","Schema.org-semantikk. Ikke dokumentert her som et Google Article-/Breadcrumb rich-result-felt; ingen visningsgaranti.","https://schema.org/copyrightYear"
"CreativeWork","correction","CreativeWorkBase","ikke relevant","Utelatt: ingen rolle i denne avgrensede artikkel-, navigasjons- eller identitetsmodellen; ikke et krav om full Schema.org-utfylling.","Schema.org-semantikk. Ikke dokumentert her som et Google Article-/Breadcrumb rich-result-felt; ingen visningsgaranti.","https://schema.org/correction"
"CreativeWork","countryOfOrigin","CreativeWorkBase","ikke relevant","Utelatt: ingen rolle i denne avgrensede artikkel-, navigasjons- eller identitetsmodellen; ikke et krav om full Schema.org-utfylling.","Schema.org-semantikk. Ikke dokumentert her som et Google Article-/Breadcrumb rich-result-felt; ingen visningsgaranti.","https://schema.org/countryOfOrigin"
"CreativeWork","creativeWorkStatus","CreativeWorkBase","ikke relevant","Utelatt: ingen rolle i denne avgrensede artikkel-, navigasjons- eller identitetsmodellen; ikke et krav om full Schema.org-utfylling.","Schema.org-semantikk. Ikke dokumentert her som et Google Article-/Breadcrumb rich-result-felt; ingen visningsgaranti.","https://schema.org/creativeWorkStatus"
"CreativeWork","creator","CreativeWorkBase","manglende dokumentasjon","Ikke publisert uten dokumentert verdi/rettighet/identitet; valgfritt felt.","Schema.org-semantikk. Ikke dokumentert her som et Google Article-/Breadcrumb rich-result-felt; ingen visningsgaranti.","https://schema.org/creator"
"CreativeWork","creditText","CreativeWorkBase","manglende dokumentasjon","Ikke publisert uten dokumentert verdi/rettighet/identitet; valgfritt felt.","Schema.org-semantikk. Ikke dokumentert her som et Google Article-/Breadcrumb rich-result-felt; ingen visningsgaranti.","https://schema.org/creditText"
"CreativeWork","dateCreated","CreativeWorkBase","manglende dokumentasjon","Ikke publisert uten dokumentert verdi/rettighet/identitet; valgfritt felt.","Schema.org-semantikk. Ikke dokumentert her som et Google Article-/Breadcrumb rich-result-felt; ingen visningsgaranti.","https://schema.org/dateCreated"
"CreativeWork","dateModified","CreativeWorkBase","manglende dokumentasjon","Ikke publisert uten dokumentert verdi/rettighet/identitet; valgfritt felt.","Schema.org-semantikk. Ikke dokumentert her som et Google Article-/Breadcrumb rich-result-felt; ingen visningsgaranti.","https://schema.org/dateModified"
"CreativeWork","datePublished","CreativeWorkBase","manglende dokumentasjon","Ikke publisert uten dokumentert verdi/rettighet/identitet; valgfritt felt.","Schema.org-semantikk. Ikke dokumentert her som et Google Article-/Breadcrumb rich-result-felt; ingen visningsgaranti.","https://schema.org/datePublished"
"CreativeWork","digitalSourceType","CreativeWorkBase","ikke relevant","Utelatt: ingen rolle i denne avgrensede artikkel-, navigasjons- eller identitetsmodellen; ikke et krav om full Schema.org-utfylling.","Schema.org-semantikk. Ikke dokumentert her som et Google Article-/Breadcrumb rich-result-felt; ingen visningsgaranti.","https://schema.org/digitalSourceType"
"CreativeWork","discussionUrl","CreativeWorkBase","manglende dokumentasjon","Ikke publisert uten dokumentert verdi/rettighet/identitet; valgfritt felt.","Schema.org-semantikk. Ikke dokumentert her som et Google Article-/Breadcrumb rich-result-felt; ingen visningsgaranti.","https://schema.org/discussionUrl"
"CreativeWork","displayLocation","CreativeWorkBase","ikke relevant","Utelatt: ingen rolle i denne avgrensede artikkel-, navigasjons- eller identitetsmodellen; ikke et krav om full Schema.org-utfylling.","Schema.org-semantikk. Ikke dokumentert her som et Google Article-/Breadcrumb rich-result-felt; ingen visningsgaranti.","https://schema.org/displayLocation"
"CreativeWork","editEIDR","CreativeWorkBase","ikke relevant","Utelatt: ingen rolle i denne avgrensede artikkel-, navigasjons- eller identitetsmodellen; ikke et krav om full Schema.org-utfylling.","Schema.org-semantikk. Ikke dokumentert her som et Google Article-/Breadcrumb rich-result-felt; ingen visningsgaranti.","https://schema.org/editEIDR"
"CreativeWork","editor","CreativeWorkBase","manglende dokumentasjon","Ikke publisert uten dokumentert verdi/rettighet/identitet; valgfritt felt.","Schema.org-semantikk. Ikke dokumentert her som et Google Article-/Breadcrumb rich-result-felt; ingen visningsgaranti.","https://schema.org/editor"
"CreativeWork","educationalAlignment","CreativeWorkBase","ikke relevant","Utelatt: ingen rolle i denne avgrensede artikkel-, navigasjons- eller identitetsmodellen; ikke et krav om full Schema.org-utfylling.","Schema.org-semantikk. Ikke dokumentert her som et Google Article-/Breadcrumb rich-result-felt; ingen visningsgaranti.","https://schema.org/educationalAlignment"
"CreativeWork","educationalLevel","CreativeWorkBase","ikke relevant","Utelatt: ingen rolle i denne avgrensede artikkel-, navigasjons- eller identitetsmodellen; ikke et krav om full Schema.org-utfylling.","Schema.org-semantikk. Ikke dokumentert her som et Google Article-/Breadcrumb rich-result-felt; ingen visningsgaranti.","https://schema.org/educationalLevel"
"CreativeWork","educationalUse","CreativeWorkBase","ikke relevant","Utelatt: ingen rolle i denne avgrensede artikkel-, navigasjons- eller identitetsmodellen; ikke et krav om full Schema.org-utfylling.","Schema.org-semantikk. Ikke dokumentert her som et Google Article-/Breadcrumb rich-result-felt; ingen visningsgaranti.","https://schema.org/educationalUse"
"CreativeWork","encoding","CreativeWorkBase","ikke relevant","Utelatt: ingen rolle i denne avgrensede artikkel-, navigasjons- eller identitetsmodellen; ikke et krav om full Schema.org-utfylling.","Schema.org-semantikk. Ikke dokumentert her som et Google Article-/Breadcrumb rich-result-felt; ingen visningsgaranti.","https://schema.org/encoding"
"CreativeWork","encodingFormat","CreativeWorkBase","ikke relevant","Utelatt: ingen rolle i denne avgrensede artikkel-, navigasjons- eller identitetsmodellen; ikke et krav om full Schema.org-utfylling.","Schema.org-semantikk. Ikke dokumentert her som et Google Article-/Breadcrumb rich-result-felt; ingen visningsgaranti.","https://schema.org/encodingFormat"
"CreativeWork","encodings","CreativeWorkBase","ikke relevant","Utelatt: ingen rolle i denne avgrensede artikkel-, navigasjons- eller identitetsmodellen; ikke et krav om full Schema.org-utfylling.","Schema.org-semantikk. Ikke dokumentert her som et Google Article-/Breadcrumb rich-result-felt; ingen visningsgaranti.","https://schema.org/encodings"
"CreativeWork","exampleOfWork","CreativeWorkBase","ikke relevant","Utelatt: ingen rolle i denne avgrensede artikkel-, navigasjons- eller identitetsmodellen; ikke et krav om full Schema.org-utfylling.","Schema.org-semantikk. Ikke dokumentert her som et Google Article-/Breadcrumb rich-result-felt; ingen visningsgaranti.","https://schema.org/exampleOfWork"
"CreativeWork","expires","CreativeWorkBase","ikke relevant","Utelatt: ingen rolle i denne avgrensede artikkel-, navigasjons- eller identitetsmodellen; ikke et krav om full Schema.org-utfylling.","Schema.org-semantikk. Ikke dokumentert her som et Google Article-/Breadcrumb rich-result-felt; ingen visningsgaranti.","https://schema.org/expires"
"CreativeWork","fileFormat","CreativeWorkBase","ikke relevant","Utelatt: ingen rolle i denne avgrensede artikkel-, navigasjons- eller identitetsmodellen; ikke et krav om full Schema.org-utfylling.","Schema.org-semantikk. Ikke dokumentert her som et Google Article-/Breadcrumb rich-result-felt; ingen visningsgaranti.","https://schema.org/fileFormat"
"CreativeWork","funder","CreativeWorkBase","manglende dokumentasjon","Ikke publisert uten dokumentert verdi/rettighet/identitet; valgfritt felt.","Schema.org-semantikk. Ikke dokumentert her som et Google Article-/Breadcrumb rich-result-felt; ingen visningsgaranti.","https://schema.org/funder"
"CreativeWork","funding","CreativeWorkBase","manglende dokumentasjon","Ikke publisert uten dokumentert verdi/rettighet/identitet; valgfritt felt.","Schema.org-semantikk. Ikke dokumentert her som et Google Article-/Breadcrumb rich-result-felt; ingen visningsgaranti.","https://schema.org/funding"
"CreativeWork","genre","CreativeWorkBase","ikke relevant","Utelatt: ingen rolle i denne avgrensede artikkel-, navigasjons- eller identitetsmodellen; ikke et krav om full Schema.org-utfylling.","Schema.org-semantikk. Ikke dokumentert her som et Google Article-/Breadcrumb rich-result-felt; ingen visningsgaranti.","https://schema.org/genre"
"CreativeWork","hasPart","CreativeWorkBase","ikke relevant","Utelatt: ingen rolle i denne avgrensede artikkel-, navigasjons- eller identitetsmodellen; ikke et krav om full Schema.org-utfylling.","Schema.org-semantikk. Ikke dokumentert her som et Google Article-/Breadcrumb rich-result-felt; ingen visningsgaranti.","https://schema.org/hasPart"
"CreativeWork","headline","CreativeWorkBase","ikke relevant","Utelatt: ingen rolle i denne avgrensede artikkel-, navigasjons- eller identitetsmodellen; ikke et krav om full Schema.org-utfylling.","Schema.org-semantikk. Ikke dokumentert her som et Google Article-/Breadcrumb rich-result-felt; ingen visningsgaranti.","https://schema.org/headline"
"CreativeWork","inLanguage","CreativeWorkBase","ikke relevant","Utelatt: ingen rolle i denne avgrensede artikkel-, navigasjons- eller identitetsmodellen; ikke et krav om full Schema.org-utfylling.","Schema.org-semantikk. Ikke dokumentert her som et Google Article-/Breadcrumb rich-result-felt; ingen visningsgaranti.","https://schema.org/inLanguage"
"CreativeWork","interactionStatistic","CreativeWorkBase","ikke relevant","Utelatt: ingen rolle i denne avgrensede artikkel-, navigasjons- eller identitetsmodellen; ikke et krav om full Schema.org-utfylling.","Schema.org-semantikk. Ikke dokumentert her som et Google Article-/Breadcrumb rich-result-felt; ingen visningsgaranti.","https://schema.org/interactionStatistic"
"CreativeWork","interactivityType","CreativeWorkBase","ikke relevant","Utelatt: ingen rolle i denne avgrensede artikkel-, navigasjons- eller identitetsmodellen; ikke et krav om full Schema.org-utfylling.","Schema.org-semantikk. Ikke dokumentert her som et Google Article-/Breadcrumb rich-result-felt; ingen visningsgaranti.","https://schema.org/interactivityType"
"CreativeWork","interpretedAsClaim","CreativeWorkBase","ikke relevant","Utelatt: ingen rolle i denne avgrensede artikkel-, navigasjons- eller identitetsmodellen; ikke et krav om full Schema.org-utfylling.","Schema.org-semantikk. Ikke dokumentert her som et Google Article-/Breadcrumb rich-result-felt; ingen visningsgaranti.","https://schema.org/interpretedAsClaim"
"CreativeWork","isAccessibleForFree","CreativeWorkBase","ikke relevant","Utelatt: ingen rolle i denne avgrensede artikkel-, navigasjons- eller identitetsmodellen; ikke et krav om full Schema.org-utfylling.","Schema.org-semantikk. Ikke dokumentert her som et Google Article-/Breadcrumb rich-result-felt; ingen visningsgaranti.","https://schema.org/isAccessibleForFree"
"CreativeWork","isBasedOn","CreativeWorkBase","manglende dokumentasjon","Ikke publisert uten dokumentert verdi/rettighet/identitet; valgfritt felt.","Schema.org-semantikk. Ikke dokumentert her som et Google Article-/Breadcrumb rich-result-felt; ingen visningsgaranti.","https://schema.org/isBasedOn"
"CreativeWork","isBasedOnUrl","CreativeWorkBase","ikke relevant","Utelatt: ingen rolle i denne avgrensede artikkel-, navigasjons- eller identitetsmodellen; ikke et krav om full Schema.org-utfylling.","Schema.org-semantikk. Ikke dokumentert her som et Google Article-/Breadcrumb rich-result-felt; ingen visningsgaranti.","https://schema.org/isBasedOnUrl"
"CreativeWork","isFamilyFriendly","CreativeWorkBase","ikke relevant","Utelatt: ingen rolle i denne avgrensede artikkel-, navigasjons- eller identitetsmodellen; ikke et krav om full Schema.org-utfylling.","Schema.org-semantikk. Ikke dokumentert her som et Google Article-/Breadcrumb rich-result-felt; ingen visningsgaranti.","https://schema.org/isFamilyFriendly"
"CreativeWork","isPartOf","CreativeWorkBase","ikke relevant","Utelatt: ingen rolle i denne avgrensede artikkel-, navigasjons- eller identitetsmodellen; ikke et krav om full Schema.org-utfylling.","Schema.org-semantikk. Ikke dokumentert her som et Google Article-/Breadcrumb rich-result-felt; ingen visningsgaranti.","https://schema.org/isPartOf"
"CreativeWork","keywords","CreativeWorkBase","ikke relevant","Utelatt: ingen rolle i denne avgrensede artikkel-, navigasjons- eller identitetsmodellen; ikke et krav om full Schema.org-utfylling.","Schema.org-semantikk. Ikke dokumentert her som et Google Article-/Breadcrumb rich-result-felt; ingen visningsgaranti.","https://schema.org/keywords"
"CreativeWork","learningResourceType","CreativeWorkBase","ikke relevant","Utelatt: ingen rolle i denne avgrensede artikkel-, navigasjons- eller identitetsmodellen; ikke et krav om full Schema.org-utfylling.","Schema.org-semantikk. Ikke dokumentert her som et Google Article-/Breadcrumb rich-result-felt; ingen visningsgaranti.","https://schema.org/learningResourceType"
"CreativeWork","license","CreativeWorkBase","manglende dokumentasjon","Ikke publisert uten dokumentert verdi/rettighet/identitet; valgfritt felt.","Schema.org-semantikk. Ikke dokumentert her som et Google Article-/Breadcrumb rich-result-felt; ingen visningsgaranti.","https://schema.org/license"
"CreativeWork","locationCreated","CreativeWorkBase","manglende dokumentasjon","Ikke publisert uten dokumentert verdi/rettighet/identitet; valgfritt felt.","Schema.org-semantikk. Ikke dokumentert her som et Google Article-/Breadcrumb rich-result-felt; ingen visningsgaranti.","https://schema.org/locationCreated"
"CreativeWork","mainEntity","CreativeWorkBase","ikke relevant","Utelatt: ingen rolle i denne avgrensede artikkel-, navigasjons- eller identitetsmodellen; ikke et krav om full Schema.org-utfylling.","Schema.org-semantikk. Ikke dokumentert her som et Google Article-/Breadcrumb rich-result-felt; ingen visningsgaranti.","https://schema.org/mainEntity"
"CreativeWork","maintainer","CreativeWorkBase","manglende dokumentasjon","Ikke publisert uten dokumentert verdi/rettighet/identitet; valgfritt felt.","Schema.org-semantikk. Ikke dokumentert her som et Google Article-/Breadcrumb rich-result-felt; ingen visningsgaranti.","https://schema.org/maintainer"
"CreativeWork","material","CreativeWorkBase","ikke relevant","Utelatt: ingen rolle i denne avgrensede artikkel-, navigasjons- eller identitetsmodellen; ikke et krav om full Schema.org-utfylling.","Schema.org-semantikk. Ikke dokumentert her som et Google Article-/Breadcrumb rich-result-felt; ingen visningsgaranti.","https://schema.org/material"
"CreativeWork","materialExtent","CreativeWorkBase","ikke relevant","Utelatt: ingen rolle i denne avgrensede artikkel-, navigasjons- eller identitetsmodellen; ikke et krav om full Schema.org-utfylling.","Schema.org-semantikk. Ikke dokumentert her som et Google Article-/Breadcrumb rich-result-felt; ingen visningsgaranti.","https://schema.org/materialExtent"
"CreativeWork","mentions","CreativeWorkBase","ikke relevant","Utelatt: ingen rolle i denne avgrensede artikkel-, navigasjons- eller identitetsmodellen; ikke et krav om full Schema.org-utfylling.","Schema.org-semantikk. Ikke dokumentert her som et Google Article-/Breadcrumb rich-result-felt; ingen visningsgaranti.","https://schema.org/mentions"
"CreativeWork","offers","CreativeWorkBase","ikke relevant","Utelatt: ingen rolle i denne avgrensede artikkel-, navigasjons- eller identitetsmodellen; ikke et krav om full Schema.org-utfylling.","Schema.org-semantikk. Ikke dokumentert her som et Google Article-/Breadcrumb rich-result-felt; ingen visningsgaranti.","https://schema.org/offers"
"CreativeWork","pattern","CreativeWorkBase","ikke relevant","Utelatt: ingen rolle i denne avgrensede artikkel-, navigasjons- eller identitetsmodellen; ikke et krav om full Schema.org-utfylling.","Schema.org-semantikk. Ikke dokumentert her som et Google Article-/Breadcrumb rich-result-felt; ingen visningsgaranti.","https://schema.org/pattern"
"CreativeWork","position","CreativeWorkBase","ikke relevant","Utelatt: ingen rolle i denne avgrensede artikkel-, navigasjons- eller identitetsmodellen; ikke et krav om full Schema.org-utfylling.","Schema.org-semantikk. Ikke dokumentert her som et Google Article-/Breadcrumb rich-result-felt; ingen visningsgaranti.","https://schema.org/position"
"CreativeWork","producer","CreativeWorkBase","ikke relevant","Utelatt: ingen rolle i denne avgrensede artikkel-, navigasjons- eller identitetsmodellen; ikke et krav om full Schema.org-utfylling.","Schema.org-semantikk. Ikke dokumentert her som et Google Article-/Breadcrumb rich-result-felt; ingen visningsgaranti.","https://schema.org/producer"
"CreativeWork","provider","CreativeWorkBase","ikke relevant","Utelatt: ingen rolle i denne avgrensede artikkel-, navigasjons- eller identitetsmodellen; ikke et krav om full Schema.org-utfylling.","Schema.org-semantikk. Ikke dokumentert her som et Google Article-/Breadcrumb rich-result-felt; ingen visningsgaranti.","https://schema.org/provider"
"CreativeWork","publication","CreativeWorkBase","ikke relevant","Utelatt: ingen rolle i denne avgrensede artikkel-, navigasjons- eller identitetsmodellen; ikke et krav om full Schema.org-utfylling.","Schema.org-semantikk. Ikke dokumentert her som et Google Article-/Breadcrumb rich-result-felt; ingen visningsgaranti.","https://schema.org/publication"
"CreativeWork","publisher","CreativeWorkBase","ikke relevant","Utelatt: ingen rolle i denne avgrensede artikkel-, navigasjons- eller identitetsmodellen; ikke et krav om full Schema.org-utfylling.","Schema.org-semantikk. Ikke dokumentert her som et Google Article-/Breadcrumb rich-result-felt; ingen visningsgaranti.","https://schema.org/publisher"
"CreativeWork","publisherImprint","CreativeWorkBase","ikke relevant","Utelatt: ingen rolle i denne avgrensede artikkel-, navigasjons- eller identitetsmodellen; ikke et krav om full Schema.org-utfylling.","Schema.org-semantikk. Ikke dokumentert her som et Google Article-/Breadcrumb rich-result-felt; ingen visningsgaranti.","https://schema.org/publisherImprint"
"CreativeWork","publishingPrinciples","CreativeWorkBase","manglende dokumentasjon","Ikke publisert uten dokumentert verdi/rettighet/identitet; valgfritt felt.","Schema.org-semantikk. Ikke dokumentert her som et Google Article-/Breadcrumb rich-result-felt; ingen visningsgaranti.","https://schema.org/publishingPrinciples"
"CreativeWork","recordedAt","CreativeWorkBase","ikke relevant","Utelatt: ingen rolle i denne avgrensede artikkel-, navigasjons- eller identitetsmodellen; ikke et krav om full Schema.org-utfylling.","Schema.org-semantikk. Ikke dokumentert her som et Google Article-/Breadcrumb rich-result-felt; ingen visningsgaranti.","https://schema.org/recordedAt"
"CreativeWork","releasedEvent","CreativeWorkBase","ikke relevant","Utelatt: ingen rolle i denne avgrensede artikkel-, navigasjons- eller identitetsmodellen; ikke et krav om full Schema.org-utfylling.","Schema.org-semantikk. Ikke dokumentert her som et Google Article-/Breadcrumb rich-result-felt; ingen visningsgaranti.","https://schema.org/releasedEvent"
"CreativeWork","review","CreativeWorkBase","manglende dokumentasjon","Ikke publisert uten dokumentert verdi/rettighet/identitet; valgfritt felt.","Schema.org-semantikk. Ikke dokumentert her som et Google Article-/Breadcrumb rich-result-felt; ingen visningsgaranti.","https://schema.org/review"
"CreativeWork","reviews","CreativeWorkBase","ikke relevant","Utelatt: ingen rolle i denne avgrensede artikkel-, navigasjons- eller identitetsmodellen; ikke et krav om full Schema.org-utfylling.","Schema.org-semantikk. Ikke dokumentert her som et Google Article-/Breadcrumb rich-result-felt; ingen visningsgaranti.","https://schema.org/reviews"
"CreativeWork","schemaVersion","CreativeWorkBase","ikke relevant","Utelatt: ingen rolle i denne avgrensede artikkel-, navigasjons- eller identitetsmodellen; ikke et krav om full Schema.org-utfylling.","Schema.org-semantikk. Ikke dokumentert her som et Google Article-/Breadcrumb rich-result-felt; ingen visningsgaranti.","https://schema.org/schemaVersion"
"CreativeWork","sdDatePublished","CreativeWorkBase","ikke relevant","Utelatt: ingen rolle i denne avgrensede artikkel-, navigasjons- eller identitetsmodellen; ikke et krav om full Schema.org-utfylling.","Schema.org-semantikk. Ikke dokumentert her som et Google Article-/Breadcrumb rich-result-felt; ingen visningsgaranti.","https://schema.org/sdDatePublished"
"CreativeWork","sdLicense","CreativeWorkBase","ikke relevant","Utelatt: ingen rolle i denne avgrensede artikkel-, navigasjons- eller identitetsmodellen; ikke et krav om full Schema.org-utfylling.","Schema.org-semantikk. Ikke dokumentert her som et Google Article-/Breadcrumb rich-result-felt; ingen visningsgaranti.","https://schema.org/sdLicense"
"CreativeWork","sdPublisher","CreativeWorkBase","ikke relevant","Utelatt: ingen rolle i denne avgrensede artikkel-, navigasjons- eller identitetsmodellen; ikke et krav om full Schema.org-utfylling.","Schema.org-semantikk. Ikke dokumentert her som et Google Article-/Breadcrumb rich-result-felt; ingen visningsgaranti.","https://schema.org/sdPublisher"
"CreativeWork","size","CreativeWorkBase","ikke relevant","Utelatt: ingen rolle i denne avgrensede artikkel-, navigasjons- eller identitetsmodellen; ikke et krav om full Schema.org-utfylling.","Schema.org-semantikk. Ikke dokumentert her som et Google Article-/Breadcrumb rich-result-felt; ingen visningsgaranti.","https://schema.org/size"
"CreativeWork","sourceOrganization","CreativeWorkBase","ikke relevant","Utelatt: ingen rolle i denne avgrensede artikkel-, navigasjons- eller identitetsmodellen; ikke et krav om full Schema.org-utfylling.","Schema.org-semantikk. Ikke dokumentert her som et Google Article-/Breadcrumb rich-result-felt; ingen visningsgaranti.","https://schema.org/sourceOrganization"
"CreativeWork","spatial","CreativeWorkBase","ikke relevant","Utelatt: ingen rolle i denne avgrensede artikkel-, navigasjons- eller identitetsmodellen; ikke et krav om full Schema.org-utfylling.","Schema.org-semantikk. Ikke dokumentert her som et Google Article-/Breadcrumb rich-result-felt; ingen visningsgaranti.","https://schema.org/spatial"
"CreativeWork","spatialCoverage","CreativeWorkBase","ikke relevant","Utelatt: ingen rolle i denne avgrensede artikkel-, navigasjons- eller identitetsmodellen; ikke et krav om full Schema.org-utfylling.","Schema.org-semantikk. Ikke dokumentert her som et Google Article-/Breadcrumb rich-result-felt; ingen visningsgaranti.","https://schema.org/spatialCoverage"
"CreativeWork","sponsor","CreativeWorkBase","manglende dokumentasjon","Ikke publisert uten dokumentert verdi/rettighet/identitet; valgfritt felt.","Schema.org-semantikk. Ikke dokumentert her som et Google Article-/Breadcrumb rich-result-felt; ingen visningsgaranti.","https://schema.org/sponsor"
"CreativeWork","teaches","CreativeWorkBase","ikke relevant","Utelatt: ingen rolle i denne avgrensede artikkel-, navigasjons- eller identitetsmodellen; ikke et krav om full Schema.org-utfylling.","Schema.org-semantikk. Ikke dokumentert her som et Google Article-/Breadcrumb rich-result-felt; ingen visningsgaranti.","https://schema.org/teaches"
"CreativeWork","temporal","CreativeWorkBase","ikke relevant","Utelatt: ingen rolle i denne avgrensede artikkel-, navigasjons- eller identitetsmodellen; ikke et krav om full Schema.org-utfylling.","Schema.org-semantikk. Ikke dokumentert her som et Google Article-/Breadcrumb rich-result-felt; ingen visningsgaranti.","https://schema.org/temporal"
"CreativeWork","temporalCoverage","CreativeWorkBase","manglende dokumentasjon","Ikke publisert uten dokumentert verdi/rettighet/identitet; valgfritt felt.","Schema.org-semantikk. Ikke dokumentert her som et Google Article-/Breadcrumb rich-result-felt; ingen visningsgaranti.","https://schema.org/temporalCoverage"
"CreativeWork","text","CreativeWorkBase","ikke relevant","Utelatt: ingen rolle i denne avgrensede artikkel-, navigasjons- eller identitetsmodellen; ikke et krav om full Schema.org-utfylling.","Schema.org-semantikk. Ikke dokumentert her som et Google Article-/Breadcrumb rich-result-felt; ingen visningsgaranti.","https://schema.org/text"
"CreativeWork","thumbnail","CreativeWorkBase","ikke relevant","Utelatt: ingen rolle i denne avgrensede artikkel-, navigasjons- eller identitetsmodellen; ikke et krav om full Schema.org-utfylling.","Schema.org-semantikk. Ikke dokumentert her som et Google Article-/Breadcrumb rich-result-felt; ingen visningsgaranti.","https://schema.org/thumbnail"
"CreativeWork","thumbnailUrl","CreativeWorkBase","ikke relevant","Utelatt: ingen rolle i denne avgrensede artikkel-, navigasjons- eller identitetsmodellen; ikke et krav om full Schema.org-utfylling.","Schema.org-semantikk. Ikke dokumentert her som et Google Article-/Breadcrumb rich-result-felt; ingen visningsgaranti.","https://schema.org/thumbnailUrl"
"CreativeWork","timeRequired","CreativeWorkBase","ikke relevant","Utelatt: ingen rolle i denne avgrensede artikkel-, navigasjons- eller identitetsmodellen; ikke et krav om full Schema.org-utfylling.","Schema.org-semantikk. Ikke dokumentert her som et Google Article-/Breadcrumb rich-result-felt; ingen visningsgaranti.","https://schema.org/timeRequired"
"CreativeWork","translationOfWork","CreativeWorkBase","ikke relevant","Utelatt: ingen rolle i denne avgrensede artikkel-, navigasjons- eller identitetsmodellen; ikke et krav om full Schema.org-utfylling.","Schema.org-semantikk. Ikke dokumentert her som et Google Article-/Breadcrumb rich-result-felt; ingen visningsgaranti.","https://schema.org/translationOfWork"
"CreativeWork","translator","CreativeWorkBase","manglende dokumentasjon","Ikke publisert uten dokumentert verdi/rettighet/identitet; valgfritt felt.","Schema.org-semantikk. Ikke dokumentert her som et Google Article-/Breadcrumb rich-result-felt; ingen visningsgaranti.","https://schema.org/translator"
"CreativeWork","typicalAgeRange","CreativeWorkBase","ikke relevant","Utelatt: ingen rolle i denne avgrensede artikkel-, navigasjons- eller identitetsmodellen; ikke et krav om full Schema.org-utfylling.","Schema.org-semantikk. Ikke dokumentert her som et Google Article-/Breadcrumb rich-result-felt; ingen visningsgaranti.","https://schema.org/typicalAgeRange"
"CreativeWork","usageInfo","CreativeWorkBase","ikke relevant","Utelatt: ingen rolle i denne avgrensede artikkel-, navigasjons- eller identitetsmodellen; ikke et krav om full Schema.org-utfylling.","Schema.org-semantikk. Ikke dokumentert her som et Google Article-/Breadcrumb rich-result-felt; ingen visningsgaranti.","https://schema.org/usageInfo"
"CreativeWork","version","CreativeWorkBase","manglende dokumentasjon","Ikke publisert uten dokumentert verdi/rettighet/identitet; valgfritt felt.","Schema.org-semantikk. Ikke dokumentert her som et Google Article-/Breadcrumb rich-result-felt; ingen visningsgaranti.","https://schema.org/version"
"CreativeWork","video","CreativeWorkBase","ikke relevant","Utelatt: ingen rolle i denne avgrensede artikkel-, navigasjons- eller identitetsmodellen; ikke et krav om full Schema.org-utfylling.","Schema.org-semantikk. Ikke dokumentert her som et Google Article-/Breadcrumb rich-result-felt; ingen visningsgaranti.","https://schema.org/video"
"CreativeWork","wordCount","CreativeWorkBase","ikke relevant","Utelatt: ingen rolle i denne avgrensede artikkel-, navigasjons- eller identitetsmodellen; ikke et krav om full Schema.org-utfylling.","Schema.org-semantikk. Ikke dokumentert her som et Google Article-/Breadcrumb rich-result-felt; ingen visningsgaranti.","https://schema.org/wordCount"
"CreativeWork","workExample","CreativeWorkBase","ikke relevant","Utelatt: ingen rolle i denne avgrensede artikkel-, navigasjons- eller identitetsmodellen; ikke et krav om full Schema.org-utfylling.","Schema.org-semantikk. Ikke dokumentert her som et Google Article-/Breadcrumb rich-result-felt; ingen visningsgaranti.","https://schema.org/workExample"
"CreativeWork","workTranslation","CreativeWorkBase","ikke relevant","Utelatt: ingen rolle i denne avgrensede artikkel-, navigasjons- eller identitetsmodellen; ikke et krav om full Schema.org-utfylling.","Schema.org-semantikk. Ikke dokumentert her som et Google Article-/Breadcrumb rich-result-felt; ingen visningsgaranti.","https://schema.org/workTranslation"
"CreativeWork","additionalType","ThingBase","ikke relevant","Utelatt: ingen rolle i denne avgrensede artikkel-, navigasjons- eller identitetsmodellen; ikke et krav om full Schema.org-utfylling.","Schema.org-semantikk. Ikke dokumentert her som et Google Article-/Breadcrumb rich-result-felt; ingen visningsgaranti.","https://schema.org/additionalType"
"CreativeWork","alternateName","ThingBase","ikke relevant","Utelatt: ingen rolle i denne avgrensede artikkel-, navigasjons- eller identitetsmodellen; ikke et krav om full Schema.org-utfylling.","Schema.org-semantikk. Ikke dokumentert her som et Google Article-/Breadcrumb rich-result-felt; ingen visningsgaranti.","https://schema.org/alternateName"
"CreativeWork","description","ThingBase","implementert","Bygges fra det validerte registeret eller fast, dokumentert nettstedsidentitet.","Schema.org-semantikk. Ikke dokumentert her som et Google Article-/Breadcrumb rich-result-felt; ingen visningsgaranti.","https://schema.org/description"
"CreativeWork","disambiguatingDescription","ThingBase","ikke relevant","Utelatt: ingen rolle i denne avgrensede artikkel-, navigasjons- eller identitetsmodellen; ikke et krav om full Schema.org-utfylling.","Schema.org-semantikk. Ikke dokumentert her som et Google Article-/Breadcrumb rich-result-felt; ingen visningsgaranti.","https://schema.org/disambiguatingDescription"
"CreativeWork","identifier","ThingBase","manglende dokumentasjon","Ikke publisert uten dokumentert verdi/rettighet/identitet; valgfritt felt.","Schema.org-semantikk. Ikke dokumentert her som et Google Article-/Breadcrumb rich-result-felt; ingen visningsgaranti.","https://schema.org/identifier"
"CreativeWork","image","ThingBase","ikke relevant","Utelatt: ingen rolle i denne avgrensede artikkel-, navigasjons- eller identitetsmodellen; ikke et krav om full Schema.org-utfylling.","Schema.org-semantikk. Ikke dokumentert her som et Google Article-/Breadcrumb rich-result-felt; ingen visningsgaranti.","https://schema.org/image"
"CreativeWork","mainEntityOfPage","ThingBase","ikke relevant","Utelatt: ingen rolle i denne avgrensede artikkel-, navigasjons- eller identitetsmodellen; ikke et krav om full Schema.org-utfylling.","Schema.org-semantikk. Ikke dokumentert her som et Google Article-/Breadcrumb rich-result-felt; ingen visningsgaranti.","https://schema.org/mainEntityOfPage"
"CreativeWork","name","ThingBase","implementert","Kildetittel når den finnes. Opprinnelig glamping-kilde 22 har tom tittel; name utelates der.","Schema.org-semantikk. Ikke dokumentert her som et Google Article-/Breadcrumb rich-result-felt; ingen visningsgaranti.","https://schema.org/name"
"CreativeWork","owner","ThingBase","ikke relevant","Utelatt: ingen rolle i denne avgrensede artikkel-, navigasjons- eller identitetsmodellen; ikke et krav om full Schema.org-utfylling.","Schema.org-semantikk. Ikke dokumentert her som et Google Article-/Breadcrumb rich-result-felt; ingen visningsgaranti.","https://schema.org/owner"
"CreativeWork","potentialAction","ThingBase","ikke relevant","Utelatt: ingen rolle i denne avgrensede artikkel-, navigasjons- eller identitetsmodellen; ikke et krav om full Schema.org-utfylling.","Schema.org-semantikk. Ikke dokumentert her som et Google Article-/Breadcrumb rich-result-felt; ingen visningsgaranti.","https://schema.org/potentialAction"
"CreativeWork","sameAs","ThingBase","manglende dokumentasjon","Ikke publisert uten dokumentert verdi/rettighet/identitet; valgfritt felt.","Schema.org-semantikk. Ikke dokumentert her som et Google Article-/Breadcrumb rich-result-felt; ingen visningsgaranti.","https://schema.org/sameAs"
"CreativeWork","subjectOf","ThingBase","ikke relevant","Utelatt: ingen rolle i denne avgrensede artikkel-, navigasjons- eller identitetsmodellen; ikke et krav om full Schema.org-utfylling.","Schema.org-semantikk. Ikke dokumentert her som et Google Article-/Breadcrumb rich-result-felt; ingen visningsgaranti.","https://schema.org/subjectOf"
"CreativeWork","url","ThingBase","implementert","Hoved-URL og eksisterende additionalLinks, uten å oppfinne kildeadresser. Utelates ved manglende URL.","Schema.org-semantikk. Ikke dokumentert her som et Google Article-/Breadcrumb rich-result-felt; ingen visningsgaranti.","https://schema.org/url"
"CreativeWork","@id","IdReference","ikke relevant","Utelatt: ingen rolle i denne avgrensede artikkel-, navigasjons- eller identitetsmodellen; ikke et krav om full Schema.org-utfylling.","JSON-LD struktur/identitet.","https://www.w3.org/TR/json-ld11/"
